,Rk,G#,Date,Tm,Away,Opp,Result,Pos,Cmp,Att,Yds,TD,Att,Yds,TD,Cmp,Att,Yds,TD,Att,Yds,TD,Num,Pct,Num,Pct,Num,Pct,FantPt,DKPt,FDPt,Name,Position,Season
0,1.0,1.0,2013-09-05,DEN,0,BAL,W 49-27,QB,3.0,5.0,12.0,2.0,0.0,0.0,0.0,3.0,4.0,12.0,2.0,0.0,0.0,0.0,71,100.0%,0,0.0%,0,0.0%,46.28,49.3,46.3,Peyton Manning,QB,2013
1,2.0,2.0,2013-09-15,DEN,1,NYG,W 41-23,QB,5.0,5.0,33.0,2.0,0.0,0.0,0.0,2.0,2.0,7.0,1.0,0.0,0.0,0.0,74,100.0%,0,0.0%,0,0.0%,19.98,23.0,20.0,Peyton Manning,QB,2013
2,3.0,3.0,2013-09-23,DEN,0,OAK,W 37-21,QB,5.0,5.0,35.0,3.0,0.0,0.0,0.0,2.0,2.0,4.0,1.0,0.0,0.0,0.0,76,100.0%,0,0.0%,0,0.0%,24.76,28.8,24.8,Peyton Manning,QB,2013
3,4.0,4.0,2013-09-29,DEN,0,PHI,W 52-20,QB,6.0,7.0,38.0,4.0,0.0,0.0,0.0,3.0,3.0,11.0,3.0,0.0,0.0,0.0,57,78.1%,0,0.0%,0,0.0%,29.08,32.1,29.1,Peyton Manning,QB,2013
4,5.0,5.0,2013-10-06,DEN,1,DAL,W 51-48,QB,8.0,9.0,54.0,4.0,4.0,-8.0,1.0,6.0,7.0,31.0,4.0,4.0,-8.0,1.0,79,100.0%,0,0.0%,0,0.0%,35.76,39.8,36.8,Peyton Manning,QB,2013
5,6.0,6.0,2013-10-13,DEN,0,JAX,W 35-19,QB,5.0,7.0,30.0,1.0,1.0,0.0,0.0,1.0,3.0,3.0,1.0,1.0,0.0,0.0,74,100.0%,0,0.0%,0,0.0%,13.1,16.1,14.1,Peyton Manning,QB,2013
6,7.0,7.0,2013-10-20,DEN,1,IND,L 33-39,QB,9.0,12.0,60.0,2.0,0.0,0.0,0.0,1.0,2.0,7.0,0.0,0.0,0.0,0.0,78,100.0%,0,0.0%,0,0.0%,25.34,29.3,26.3,Peyton Manning,QB,2013
7,8.0,8.0,2013-10-27,DEN,0,WAS,W 45-21,QB,5.0,8.0,29.0,2.0,0.0,0.0,0.0,3.0,6.0,10.0,2.0,0.0,0.0,0.0,81,100.0%,0,0.0%,0,0.0%,21.86,28.9,24.9,Peyton Manning,QB,2013
8,9.0,9.0,2013-11-10,DEN,1,SDG,W 28-20,QB,2.0,2.0,18.0,2.0,0.0,0.0,0.0,1.0,1.0,7.0,1.0,0.0,0.0,0.0,60,100.0%,0,0.0%,0,0.0%,27.1,31.1,27.1,Peyton Manning,QB,2013
9,10.0,10.0,2013-11-17,DEN,0,KAN,W 27-17,QB,4.0,4.0,21.0,1.0,0.0,0.0,0.0,1.0,1.0,9.0,1.0,0.0,0.0,0.0,80,100.0%,0,0.0%,0,0.0%,14.92,18.9,14.9,Peyton Manning,QB,2013
10,11.0,11.0,2013-11-24,DEN,1,NWE,L 31-34,QB,2.0,4.0,21.0,2.0,0.0,0.0,0.0,1.0,2.0,10.0,1.0,0.0,0.0,0.0,90,100.0%,0,0.0%,0,0.0%,12.0,13.0,13.0,Peyton Manning,QB,2013
11,12.0,12.0,2013-12-01,DEN,1,KAN,W 35-28,QB,5.0,8.0,26.0,3.0,0.0,0.0,0.0,3.0,5.0,8.0,2.0,0.0,0.0,0.0,70,100.0%,0,0.0%,0,0.0%,31.82,36.8,33.8,Peyton Manning,QB,2013
12,13.0,13.0,2013-12-08,DEN,0,TEN,W 51-28,QB,8.0,17.0,34.0,3.0,0.0,0.0,0.0,7.0,14.0,32.0,3.0,0.0,0.0,0.0,95,100.0%,0,0.0%,0,0.0%,31.78,34.8,31.8,Peyton Manning,QB,2013
13,14.0,14.0,2013-12-12,DEN,0,SDG,L 20-27,QB,3.0,3.0,29.0,2.0,0.0,0.0,0.0,1.0,1.0,5.0,1.0,0.0,0.0,0.0,54,100.0%,0,0.0%,0,0.0%,17.56,18.6,18.6,Peyton Manning,QB,2013
14,15.0,15.0,2013-12-22,DEN,1,HOU,W 37-13,QB,2.0,5.0,23.0,1.0,0.0,0.0,0.0,1.0,3.0,10.0,1.0,0.0,0.0,0.0,73,96.1%,0,0.0%,0,0.0%,32.0,35.0,32.0,Peyton Manning,QB,2013
15,16.0,16.0,2013-12-29,DEN,1,OAK,W 34-14,QB,7.0,9.0,44.0,3.0,0.0,0.0,0.0,4.0,4.0,22.0,3.0,0.0,0.0,0.0,44,57.9%,0,0.0%,0,0.0%,26.64,26.6,26.6,Peyton Manning,QB,2013
0,1.0,1.0,2013-09-08,NOR,0,ATL,W 23-17,QB,4.0,4.0,20.0,1.0,0.0,0.0,0.0,2.0,2.0,6.0,1.0,0.0,0.0,0.0,69,100.0%,0,0.0%,0,0.0%,20.48,24.5,21.5,Drew Brees,QB,2013
1,2.0,2.0,2013-09-15,NOR,1,TAM,W 16-14,QB,2.0,5.0,7.0,0.0,0.0,0.0,0.0,0.0,2.0,0.0,0.0,0.0,0.0,0.0,73,100.0%,0,0.0%,0,0.0%,12.88,17.9,14.9,Drew Brees,QB,2013
2,3.0,3.0,2013-09-22,NOR,0,ARI,W 31-7,QB,3.0,8.0,28.0,2.0,3.0,5.0,1.0,1.0,3.0,7.0,1.0,1.0,7.0,1.0,75,100.0%,0,0.0%,0,0.0%,31.78,35.8,32.8,Drew Brees,QB,2013
3,4.0,4.0,2013-09-30,NOR,0,MIA,W 38-17,QB,4.0,5.0,22.0,2.0,0.0,0.0,0.0,2.0,2.0,3.0,1.0,0.0,0.0,0.0,67,100.0%,0,0.0%,0,0.0%,32.72,35.7,32.7,Drew Brees,QB,2013
4,5.0,5.0,2013-10-06,NOR,1,CHI,W 26-18,QB,2.0,3.0,7.0,1.0,0.0,0.0,0.0,2.0,3.0,7.0,1.0,0.0,0.0,0.0,66,100.0%,0,0.0%,0,0.0%,19.32,19.3,19.3,Drew Brees,QB,2013
5,6.0,6.0,2013-10-13,NOR,1,NWE,L 27-30,QB,4.0,8.0,26.0,1.0,0.0,0.0,0.0,1.0,3.0,3.0,1.0,0.0,0.0,0.0,65,100.0%,0,0.0%,0,0.0%,16.54,17.5,17.5,Drew Brees,QB,2013
6,7.0,7.0,2013-10-27,NOR,0,BUF,W 35-17,QB,3.0,4.0,43.0,3.0,0.0,0.0,0.0,0.0,0.0,0.0,0.0,0.0,0.0,0.0,70,100.0%,0,0.0%,0,0.0%,33.18,36.2,33.2,Drew Brees,QB,2013
7,8.0,8.0,2013-11-03,NOR,1,NYJ,L 20-26,QB,1.0,2.0,10.0,1.0,0.0,0.0,0.0,1.0,2.0,10.0,1.0,0.0,0.0,0.0,74,100.0%,0,0.0%,0,0.0%,19.18,24.2,21.2,Drew Brees,QB,2013
8,9.0,9.0,2013-11-10,NOR,0,DAL,W 49-17,QB,2.0,4.0,6.0,1.0,0.0,0.0,0.0,2.0,3.0,6.0,1.0,0.0,0.0,0.0,78,92.9%,0,0.0%,0,0.0%,31.68,34.7,31.7,Drew Brees,QB,2013
9,10.0,10.0,2013-11-17,NOR,0,SFO,W 23-20,QB,4.0,5.0,7.0,1.0,0.0,0.0,0.0,3.0,3.0,4.0,1.0,0.0,0.0,0.0,69,100.0%,0,0.0%,0,0.0%,14.1,18.1,15.1,Drew Brees,QB,2013
10,11.0,11.0,2013-11-21,NOR,1,ATL,W 17-13,QB,3.0,4.0,15.0,1.0,0.0,0.0,0.0,2.0,2.0,3.0,1.0,0.0,0.0,0.0,60,100.0%,0,0.0%,0,0.0%,18.52,18.5,18.5,Drew Brees,QB,2013
11,12.0,12.0,2013-12-02,NOR,1,SEA,L 7-34,QB,1.0,1.0,2.0,1.0,0.0,0.0,0.0,1.0,1.0,2.0,1.0,0.0,0.0,0.0,57,95.0%,0,0.0%,0,0.0%,7.78,8.8,7.8,Drew Brees,QB,2013
12,13.0,13.0,2013-12-08,NOR,0,CAR,W 31-13,QB,9.0,13.0,62.0,4.0,0.0,0.0,0.0,3.0,6.0,19.0,3.0,0.0,0.0,0.0,65,100.0%,0,0.0%,0,0.0%,28.82,31.8,28.8,Drew Brees,QB,2013
13,14.0,14.0,2013-12-15,NOR,1,STL,L 16-27,QB,5.0,12.0,28.0,1.0,1.0,1.0,1.0,2.0,8.0,7.0,1.0,1.0,1.0,1.0,86,100.0%,0,0.0%,0,0.0%,20.52,26.5,22.5,Drew Brees,QB,2013
14,15.0,15.0,2013-12-22,NOR,1,CAR,L 13-17,QB,1.0,2.0,5.0,1.0,0.0,0.0,0.0,1.0,2.0,5.0,1.0,0.0,0.0,0.0,81,100.0%,0,0.0%,0,0.0%,12.14,14.1,14.1,Drew Brees,QB,2013
15,16.0,16.0,2013-12-29,NOR,0,TAM,W 42-17,QB,4.0,5.0,24.0,1.0,1.0,9.0,1.0,1.0,1.0,10.0,1.0,1.0,9.0,1.0,56,88.9%,0,0.0%,0,0.0%,38.04,41.0,38.0,Drew Brees,QB,2013
0,1.0,1.0,2013-09-08,CAR,0,SEA,L 7-12,QB,2.0,3.0,11.0,1.0,0.0,0.0,0.0,1.0,1.0,3.0,1.0,0.0,0.0,0.0,52,100.0%,0,0.0%,0,0.0%,12.8,12.8,12.8,Cam Newton,QB,2013
1,2.0,2.0,2013-09-15,CAR,1,BUF,L 23-24,QB,2.0,4.0,8.0,1.0,1.0,3.0,0.0,1.0,2.0,-5.0,0.0,1.0,3.0,0.0,79,100.0%,0,0.0%,0,0.0%,16.66,17.7,17.7,Cam Newton,QB,2013
2,3.0,3.0,2013-09-22,CAR,0,NYG,W 38-0,QB,2.0,4.0,23.0,1.0,2.0,1.0,1.0,1.0,2.0,7.0,0.0,1.0,3.0,1.0,71,93.4%,0,0.0%,0,0.0%,29.42,30.4,30.4,Cam Newton,QB,2013
3,4.0,4.0,2013-10-06,CAR,1,ARI,L 6-22,QB,1.0,4.0,5.0,0.0,1.0,0.0,0.0,0.0,1.0,0.0,0.0,0.0,0.0,0.0,68,100.0%,0,0.0%,0,0.0%,6.82,13.8,9.8,Cam Newton,QB,2013
4,5.0,5.0,2013-10-13,CAR,1,MIN,W 35-10,QB,2.0,2.0,12.0,2.0,3.0,8.0,1.0,2.0,2.0,12.0,2.0,2.0,5.0,1.0,65,92.9%,0,0.0%,0,0.0%,30.68,30.7,30.7,Cam Newton,QB,2013
5,6.0,6.0,2013-10-20,CAR,0,STL,W 30-15,QB,2.0,2.0,31.0,1.0,1.0,3.0,0.0,0.0,0.0,0.0,0.0,0.0,0.0,0.0,58,98.3%,0,0.0%,0,0.0%,14.76,14.8,14.8,Cam Newton,QB,2013
6,7.0,7.0,2013-10-24,CAR,1,TAM,W 31-13,QB,4.0,5.0,20.0,2.0,2.0,11.0,1.0,2.0,2.0,4.0,2.0,2.0,11.0,1.0,63,100.0%,0,0.0%,0,0.0%,27.84,27.8,27.8,Cam Newton,QB,2013
7,8.0,8.0,2013-11-03,CAR,0,ATL,W 34-10,QB,1.0,2.0,14.0,1.0,1.0,8.0,1.0,0.0,0.0,0.0,0.0,1.0,8.0,1.0,75,100.0%,0,0.0%,0,0.0%,18.16,20.2,20.2,Cam Newton,QB,2013
8,9.0,9.0,2013-11-10,CAR,1,SFO,W 10-9,QB,,,,,,,,,,,,,,,66,100.0%,0,0.0%,0,0.0%,6.26,7.3,7.3,Cam Newton,QB,2013
9,10.0,10.0,2013-11-18,CAR,0,NWE,W 24-20,QB,3.0,4.0,35.0,2.0,1.0,4.0,0.0,1.0,2.0,9.0,1.0,1.0,4.0,0.0,57,100.0%,0,0.0%,0,0.0%,26.56,26.6,26.6,Cam Newton,QB,2013
10,11.0,11.0,2013-11-24,CAR,1,MIA,W 20-16,QB,1.0,2.0,1.0,1.0,1.0,5.0,1.0,1.0,1.0,1.0,1.0,1.0,5.0,1.0,71,100.0%,0,0.0%,0,0.0%,20.06,21.1,21.1,Cam Newton,QB,2013
11,12.0,12.0,2013-12-01,CAR,0,TAM,W 27-6,QB,2.0,4.0,26.0,1.0,2.0,3.0,1.0,0.0,2.0,0.0,0.0,2.0,3.0,1.0,60,93.8%,0,0.0%,0,0.0%,27.32,29.3,29.3,Cam Newton,QB,2013
12,13.0,13.0,2013-12-08,CAR,1,NOR,L 13-31,QB,2.0,5.0,23.0,1.0,2.0,13.0,0.0,0.0,3.0,0.0,0.0,1.0,-2.0,0.0,63,100.0%,0,0.0%,0,0.0%,15.2,15.2,15.2,Cam Newton,QB,2013
13,14.0,14.0,2013-12-15,CAR,0,NYJ,W 30-20,QB,1.0,7.0,6.0,0.0,3.0,2.0,0.0,0.0,2.0,0.0,0.0,1.0,4.0,0.0,64,100.0%,0,0.0%,0,0.0%,16.12,16.1,16.1,Cam Newton,QB,2013
14,15.0,15.0,2013-12-22,CAR,0,NOR,W 17-13,QB,1.0,3.0,14.0,1.0,0.0,0.0,0.0,0.0,0.0,0.0,0.0,0.0,0.0,0.0,44,100.0%,0,0.0%,0,0.0%,9.84,10.8,10.8,Cam Newton,QB,2013
15,16.0,16.0,2013-12-29,CAR,1,ATL,W 21-20,QB,2.0,3.0,10.0,2.0,0.0,0.0,0.0,2.0,3.0,10.0,2.0,0.0,0.0,0.0,58,100.0%,0,0.0%,0,0.0%,19.16,20.2,20.2,Cam Newton,QB,2013
0,1.0,1.0,2013-09-08,IND,0,OAK,W 21-17,QB,2.0,2.0,19.0,1.0,1.0,19.0,1.0,0.0,0.0,0.0,0.0,0.0,0.0,0.0,55,100.0%,0,0.0%,0,0.0%,24.92,24.9,24.9,Andrew Luck,QB,2013
1,2.0,2.0,2013-09-15,IND,0,MIA,L 20-24,QB,2.0,6.0,7.0,1.0,1.0,9.0,0.0,2.0,2.0,7.0,1.0,0.0,0.0,0.0,73,100.0%,0,0.0%,0,0.0%,18.64,22.6,19.6,Andrew Luck,QB,2013
2,3.0,3.0,2013-09-22,IND,1,SFO,W 27-7,QB,1.0,2.0,6.0,0.0,1.0,6.0,1.0,1.0,1.0,6.0,0.0,1.0,6.0,1.0,72,100.0%,0,0.0%,0,0.0%,14.76,14.8,14.8,Andrew Luck,QB,2013
3,4.0,4.0,2013-09-29,IND,1,JAX,W 37-3,QB,3.0,6.0,16.0,1.0,0.0,0.0,0.0,2.0,5.0,7.0,1.0,0.0,0.0,0.0,71,92.2%,0,0.0%,0,0.0%,18.88,19.9,19.9,Andrew Luck,QB,2013
4,5.0,5.0,2013-10-06,IND,0,SEA,W 34-28,QB,,,,,,,,,,,,,,,65,100.0%,0,0.0%,0,0.0%,18.06,19.1,18.1,Andrew Luck,QB,2013
5,6.0,6.0,2013-10-14,IND,1,SDG,L 9-19,QB,0.0,1.0,0.0,0.0,1.0,2.0,0.0,0.0,0.0,0.0,0.0,0.0,0.0,0.0,48,100.0%,0,0.0%,0,0.0%,7.98,9.0,9.0,Andrew Luck,QB,2013
6,7.0,7.0,2013-10-20,IND,0,DEN,W 39-33,QB,5.0,6.0,32.0,2.0,1.0,10.0,1.0,1.0,2.0,8.0,1.0,1.0,10.0,1.0,74,100.0%,0,0.0%,0,0.0%,30.02,30.0,30.0,Andrew Luck,QB,2013
7,8.0,8.0,2013-11-03,IND,1,HOU,W 27-24,QB,3.0,9.0,21.0,2.0,0.0,0.0,0.0,2.0,4.0,19.0,2.0,0.0,0.0,0.0,62,100.0%,0,0.0%,0,0.0%,24.84,24.8,24.8,Andrew Luck,QB,2013
8,9.0,9.0,2013-11-10,IND,0,STL,L 8-38,QB,2.0,6.0,15.0,1.0,2.0,9.0,0.0,1.0,4.0,2.0,0.0,2.0,9.0,0.0,67,90.5%,0,0.0%,0,0.0%,13.82,20.8,16.8,Andrew Luck,QB,2013
9,10.0,10.0,2013-11-14,IND,1,TEN,W 30-27,QB,2.0,3.0,13.0,0.0,1.0,11.0,1.0,0.0,1.0,0.0,0.0,0.0,0.0,0.0,71,100.0%,0,0.0%,0,0.0%,18.38,18.4,18.4,Andrew Luck,QB,2013
10,11.0,11.0,2013-11-24,IND,1,ARI,L 11-40,QB,1.0,5.0,17.0,1.0,0.0,0.0,0.0,0.0,2.0,0.0,0.0,0.0,0.0,0.0,60,100.0%,0,0.0%,0,0.0%,13.62,14.6,14.6,Andrew Luck,QB,2013
11,12.0,12.0,2013-12-01,IND,0,TEN,W 22-14,QB,1.0,1.0,13.0,0.0,0.0,0.0,0.0,0.0,0.0,0.0,0.0,0.0,0.0,0.0,65,100.0%,0,0.0%,0,0.0%,10.2,11.2,11.2,Andrew Luck,QB,2013
12,13.0,13.0,2013-12-08,IND,1,CIN,L 28-42,QB,4.0,5.0,30.0,2.0,0.0,0.0,0.0,2.0,2.0,3.0,1.0,0.0,0.0,0.0,60,100.0%,0,0.0%,0,0.0%,32.24,35.2,32.2,Andrew Luck,QB,2013
13,14.0,14.0,2013-12-15,IND,0,HOU,W 25-3,QB,3.0,4.0,19.0,2.0,0.0,0.0,0.0,1.0,1.0,9.0,1.0,0.0,0.0,0.0,70,100.0%,0,0.0%,0,0.0%,16.1,17.1,17.1,Andrew Luck,QB,2013
14,15.0,15.0,2013-12-22,IND,1,KAN,W 23-7,QB,0.0,4.0,0.0,0.0,1.0,1.0,0.0,0.0,0.0,0.0,0.0,0.0,0.0,0.0,75,100.0%,0,0.0%,0,0.0%,14.14,14.1,14.1,Andrew Luck,QB,2013
15,16.0,16.0,2013-12-29,IND,0,JAX,W 30-10,QB,4.0,10.0,26.0,1.0,1.0,3.0,0.0,3.0,7.0,18.0,1.0,1.0,3.0,0.0,60,85.7%,0,0.0%,0,0.0%,15.98,16.0,16.0,Andrew Luck,QB,2013
0,1.0,1.0,2013-09-08,CIN,1,CHI,L 21-24,QB,1.0,2.0,2.0,1.0,0.0,0.0,0.0,1.0,2.0,2.0,1.0,0.0,0.0,0.0,58,100.0%,0,0.0%,0,0.0%,15.48,17.5,17.5,Andy Dalton,QB,2013
1,2.0,2.0,2013-09-16,CIN,0,PIT,W 20-10,QB,1.0,3.0,6.0,0.0,0.0,0.0,0.0,0.0,2.0,0.0,0.0,0.0,0.0,0.0,82,100.0%,0,0.0%,0,0.0%,16.2,16.2,16.2,Andy Dalton,QB,2013
2,3.0,3.0,2013-09-22,CIN,0,GNB,W 34-30,QB,2.0,2.0,25.0,1.0,0.0,0.0,0.0,0.0,0.0,0.0,0.0,0.0,0.0,0.0,56,100.0%,0,0.0%,0,0.0%,13.7,15.7,14.7,Andy Dalton,QB,2013
3,4.0,4.0,2013-09-29,CIN,1,CLE,L 6-17,QB,2.0,3.0,6.0,0.0,0.0,0.0,0.0,1.0,1.0,1.0,0.0,0.0,0.0,0.0,68,100.0%,0,0.0%,0,0.0%,5.54,7.5,6.5,Andy Dalton,QB,2013
4,5.0,5.0,2013-10-06,CIN,0,NWE,W 13-6,QB,0.0,1.0,0.0,0.0,1.0,4.0,0.0,0.0,1.0,0.0,0.0,1.0,4.0,0.0,70,100.0%,0,0.0%,0,0.0%,8.98,10.0,10.0,Andy Dalton,QB,2013
5,6.0,6.0,2013-10-13,CIN,1,BUF,W 27-24,QB,4.0,6.0,32.0,2.0,0.0,0.0,0.0,2.0,4.0,13.0,1.0,0.0,0.0,0.0,86,100.0%,0,0.0%,0,0.0%,25.18,29.2,26.2,Andy Dalton,QB,2013
6,7.0,7.0,2013-10-20,CIN,1,DET,W 27-24,QB,2.0,4.0,19.0,1.0,0.0,0.0,0.0,0.0,0.0,0.0,0.0,0.0,0.0,0.0,57,100.0%,0,0.0%,0,0.0%,27.48,30.5,27.5,Andy Dalton,QB,2013
7,8.0,8.0,2013-10-27,CIN,0,NYJ,W 49-9,QB,7.0,11.0,48.0,5.0,0.0,0.0,0.0,5.0,8.0,25.0,4.0,0.0,0.0,0.0,48,84.2%,0,0.0%,0,0.0%,31.0,35.0,32.0,Andy Dalton,QB,2013
8,9.0,9.0,2013-10-31,CIN,1,MIA,L 20-22,QB,4.0,6.0,15.0,0.0,0.0,0.0,0.0,0.0,2.0,0.0,0.0,0.0,0.0,0.0,93,100.0%,0,0.0%,0,0.0%,6.72,13.7,9.7,Andy Dalton,QB,2013
9,10.0,10.0,2013-11-10,CIN,1,BAL,L 17-20,QB,1.0,2.0,18.0,1.0,0.0,0.0,0.0,0.0,0.0,0.0,0.0,0.0,0.0,0.0,89,100.0%,0,0.0%,0,0.0%,15.16,18.2,18.2,Andy Dalton,QB,2013
10,11.0,11.0,2013-11-17,CIN,0,CLE,W 41-20,QB,2.0,3.0,8.0,2.0,0.0,0.0,0.0,2.0,3.0,8.0,2.0,0.0,0.0,0.0,62,100.0%,0,0.0%,0,0.0%,11.72,13.7,13.7,Andy Dalton,QB,2013
11,12.0,12.0,2013-12-01,CIN,1,SDG,W 17-10,QB,0.0,0.0,0.0,0.0,2.0,-2.0,0.0,0.0,0.0,0.0,0.0,2.0,-2.0,0.0,62,100.0%,0,0.0%,0,0.0%,10.5,11.5,11.5,Andy Dalton,QB,2013
12,13.0,13.0,2013-12-08,CIN,0,IND,W 42-28,QB,4.0,5.0,17.0,2.0,1.0,8.0,1.0,4.0,5.0,17.0,2.0,1.0,8.0,1.0,77,100.0%,0,0.0%,0,0.0%,30.1,30.1,30.1,Andy Dalton,QB,2013
13,14.0,14.0,2013-12-15,CIN,1,PIT,L 20-30,QB,5.0,8.0,36.0,2.0,1.0,2.0,0.0,2.0,2.0,6.0,1.0,1.0,2.0,0.0,69,100.0%,0,0.0%,2,7.4%,19.2,19.2,19.2,Andy Dalton,QB,2013
14,15.0,15.0,2013-12-22,CIN,0,MIN,W 42-14,QB,4.0,7.0,31.0,3.0,0.0,0.0,0.0,3.0,4.0,15.0,2.0,0.0,0.0,0.0,72,92.3%,0,0.0%,0,0.0%,31.52,34.5,31.5,Andy Dalton,QB,2013
15,16.0,16.0,2013-12-29,CIN,0,BAL,W 34-17,QB,1.0,2.0,16.0,1.0,1.0,1.0,1.0,0.0,1.0,0.0,0.0,1.0,1.0,1.0,68,100.0%,0,0.0%,0,0.0%,19.54,23.5,23.5,Andy Dalton,QB,2013
0,1.0,1.0,2013-09-09,SDG,0,HOU,L 28-31,QB,6.0,8.0,43.0,4.0,0.0,0.0,0.0,4.0,6.0,20.0,3.0,0.0,0.0,0.0,53,100.0%,0,0.0%,0,0.0%,23.6,24.6,24.6,Philip Rivers,QB,2013
1,2.0,2.0,2013-09-15,SDG,1,PHI,W 33-30,QB,6.0,8.0,38.0,2.0,0.0,0.0,0.0,0.0,0.0,0.0,0.0,0.0,0.0,0.0,83,100.0%,0,0.0%,0,0.0%,29.86,32.9,29.9,Philip Rivers,QB,2013
2,3.0,3.0,2013-09-22,SDG,1,TEN,L 17-20,QB,3.0,4.0,29.0,1.0,0.0,0.0,0.0,1.0,2.0,7.0,1.0,0.0,0.0,0.0,59,100.0%,0,0.0%,0,0.0%,10.46,10.5,10.5,Philip Rivers,QB,2013
3,4.0,4.0,2013-09-29,SDG,0,DAL,W 30-21,QB,3.0,5.0,15.0,1.0,0.0,0.0,0.0,0.0,2.0,0.0,0.0,0.0,0.0,0.0,72,100.0%,0,0.0%,0,0.0%,26.04,30.0,27.0,Philip Rivers,QB,2013
4,5.0,5.0,2013-10-06,SDG,1,OAK,L 17-27,QB,7.0,13.0,52.0,2.0,0.0,0.0,0.0,4.0,7.0,23.0,2.0,0.0,0.0,0.0,72,100.0%,0,0.0%,0,0.0%,18.44,24.4,21.4,Philip Rivers,QB,2013
5,6.0,6.0,2013-10-14,SDG,0,IND,W 19-9,QB,2.0,4.0,3.0,0.0,0.0,0.0,0.0,0.0,1.0,0.0,0.0,0.0,0.0,0.0,75,100.0%,0,0.0%,0,0.0%,13.38,13.4,13.4,Philip Rivers,QB,2013
6,7.0,7.0,2013-10-20,SDG,1,JAX,W 24-6,QB,2.0,3.0,7.0,0.0,2.0,4.0,0.0,1.0,2.0,3.0,0.0,2.0,4.0,0.0,68,95.8%,0,0.0%,0,0.0%,15.8,15.8,15.8,Philip Rivers,QB,2013
7,8.0,8.0,2013-11-03,SDG,1,WAS,L 24-30,QB,3.0,5.0,36.0,2.0,1.0,9.0,0.0,1.0,3.0,5.0,0.0,0.0,0.0,0.0,64,100.0%,0,0.0%,0,0.0%,19.04,24.0,21.0,Philip Rivers,QB,2013
8,9.0,9.0,2013-11-10,SDG,0,DEN,L 20-28,QB,3.0,4.0,14.0,1.0,1.0,3.0,0.0,2.0,3.0,13.0,1.0,0.0,0.0,0.0,72,100.0%,0,0.0%,0,0.0%,13.42,13.4,13.4,Philip Rivers,QB,2013
9,10.0,10.0,2013-11-17,SDG,1,MIA,L 16-20,QB,5.0,7.0,31.0,1.0,0.0,0.0,0.0,2.0,3.0,9.0,1.0,0.0,0.0,0.0,65,100.0%,0,0.0%,0,0.0%,14.52,15.5,15.5,Philip Rivers,QB,2013
10,11.0,11.0,2013-11-24,SDG,1,KAN,W 41-38,QB,5.0,8.0,35.0,1.0,0.0,0.0,0.0,2.0,2.0,7.0,0.0,0.0,0.0,0.0,70,100.0%,0,0.0%,0,0.0%,27.78,30.8,27.8,Philip Rivers,QB,2013
11,12.0,12.0,2013-12-01,SDG,0,CIN,L 10-17,QB,,,,,,,,,,,,,,,65,100.0%,0,0.0%,0,0.0%,12.48,13.5,13.5,Philip Rivers,QB,2013
12,13.0,13.0,2013-12-08,SDG,0,NYG,W 37-14,QB,4.0,5.0,11.0,2.0,0.0,0.0,0.0,4.0,5.0,11.0,2.0,0.0,0.0,0.0,63,87.5%,0,0.0%,0,0.0%,19.96,21.0,20.0,Philip Rivers,QB,2013
13,14.0,14.0,2013-12-12,SDG,1,DEN,W 27-20,QB,2.0,3.0,29.0,2.0,0.0,0.0,0.0,1.0,2.0,10.0,1.0,0.0,0.0,0.0,72,100.0%,0,0.0%,0,0.0%,15.54,15.5,15.5,Philip Rivers,QB,2013
14,15.0,15.0,2013-12-22,SDG,0,OAK,W 26-13,QB,3.0,5.0,14.0,1.0,0.0,0.0,0.0,1.0,2.0,4.0,1.0,0.0,0.0,0.0,72,100.0%,0,0.0%,0,0.0%,7.74,9.7,8.7,Philip Rivers,QB,2013
15,16.0,16.0,2013-12-29,SDG,0,KAN,W 27-24,QB,4.0,6.0,12.0,2.0,1.0,1.0,0.0,3.0,4.0,14.0,2.0,1.0,1.0,0.0,73,100.0%,0,0.0%,0,0.0%,19.36,20.4,20.4,Philip Rivers,QB,2013
0,1.0,1.0,2013-09-08,DET,0,MIN,W 34-24,QB,5.0,7.0,39.0,1.0,0.0,0.0,0.0,1.0,1.0,1.0,1.0,0.0,0.0,0.0,80,100.0%,0,0.0%,0,0.0%,19.98,24.0,21.0,Matthew Stafford,QB,2013
1,2.0,2.0,2013-09-15,DET,1,ARI,L 21-25,QB,2.0,3.0,15.0,1.0,0.0,0.0,0.0,1.0,1.0,3.0,1.0,0.0,0.0,0.0,59,100.0%,0,0.0%,0,0.0%,17.22,18.2,17.2,Matthew Stafford,QB,2013
2,3.0,3.0,2013-09-22,DET,1,WAS,W 27-20,QB,2.0,10.0,16.0,2.0,1.0,2.0,0.0,1.0,6.0,5.0,1.0,0.0,0.0,0.0,67,100.0%,0,0.0%,0,0.0%,21.6,25.6,22.6,Matthew Stafford,QB,2013
3,4.0,4.0,2013-09-29,DET,0,CHI,W 40-32,QB,4.0,7.0,28.0,1.0,1.0,1.0,1.0,1.0,1.0,2.0,1.0,1.0,1.0,1.0,66,100.0%,0,0.0%,0,0.0%,16.48,18.5,17.5,Matthew Stafford,QB,2013
4,5.0,5.0,2013-10-06,DET,1,GNB,L 9-22,QB,1.0,1.0,13.0,1.0,0.0,0.0,0.0,0.0,0.0,0.0,0.0,0.0,0.0,0.0,67,100.0%,0,0.0%,0,0.0%,14.38,14.4,14.4,Matthew Stafford,QB,2013
5,6.0,6.0,2013-10-13,DET,1,CLE,W 31-17,QB,3.0,4.0,29.0,3.0,0.0,0.0,0.0,2.0,3.0,11.0,2.0,0.0,0.0,0.0,75,100.0%,0,0.0%,0,0.0%,24.52,25.5,25.5,Matthew Stafford,QB,2013
6,7.0,7.0,2013-10-20,DET,0,CIN,L 24-27,QB,2.0,8.0,11.0,1.0,0.0,0.0,0.0,1.0,3.0,3.0,1.0,0.0,0.0,0.0,78,100.0%,0,0.0%,0,0.0%,26.28,29.3,26.3,Matthew Stafford,QB,2013
7,8.0,8.0,2013-10-27,DET,0,DAL,W 31-30,QB,4.0,7.0,25.0,1.0,2.0,9.0,1.0,3.0,5.0,19.0,1.0,2.0,9.0,1.0,80,100.0%,0,0.0%,0,0.0%,26.72,31.7,28.7,Matthew Stafford,QB,2013
8,9.0,9.0,2013-11-10,DET,1,CHI,W 21-19,QB,3.0,5.0,23.0,3.0,0.0,0.0,0.0,2.0,3.0,9.0,2.0,0.0,0.0,0.0,62,100.0%,0,0.0%,0,0.0%,18.66,19.7,19.7,Matthew Stafford,QB,2013
9,10.0,10.0,2013-11-17,DET,1,PIT,L 27-37,QB,1.0,8.0,19.0,1.0,0.0,0.0,0.0,0.0,5.0,0.0,0.0,0.0,0.0,0.0,73,100.0%,0,0.0%,0,0.0%,22.88,26.9,23.9,Matthew Stafford,QB,2013
10,11.0,11.0,2013-11-24,DET,0,TAM,L 21-24,QB,4.0,4.0,33.0,3.0,1.0,4.0,0.0,3.0,3.0,15.0,2.0,1.0,4.0,0.0,76,100.0%,0,0.0%,0,0.0%,16.48,20.5,20.5,Matthew Stafford,QB,2013
11,12.0,12.0,2013-11-28,DET,0,GNB,W 40-10,QB,2.0,5.0,12.0,1.0,0.0,0.0,0.0,1.0,3.0,5.0,1.0,0.0,0.0,0.0,79,97.5%,0,0.0%,0,0.0%,20.0,26.0,22.0,Matthew Stafford,QB,2013
12,13.0,13.0,2013-12-08,DET,1,PHI,L 20-34,QB,1.0,2.0,10.0,0.0,0.0,0.0,0.0,0.0,0.0,0.0,0.0,0.0,0.0,0.0,61,100.0%,0,0.0%,0,0.0%,5.94,6.9,5.9,Matthew Stafford,QB,2013
13,14.0,14.0,2013-12-16,DET,0,BAL,L 16-18,QB,1.0,2.0,14.0,1.0,0.0,0.0,0.0,0.0,0.0,0.0,0.0,0.0,0.0,0.0,65,100.0%,0,0.0%,0,0.0%,8.3,11.3,11.3,Matthew Stafford,QB,2013
14,15.0,15.0,2013-12-22,DET,0,NYG,L 20-23,QB,2.0,3.0,23.0,0.0,0.0,0.0,0.0,0.0,0.0,0.0,0.0,0.0,0.0,0.0,85,100.0%,0,0.0%,0,0.0%,6.78,8.8,8.8,Matthew Stafford,QB,2013
15,16.0,16.0,2013-12-29,DET,1,MIN,L 13-14,QB,2.0,2.0,22.0,1.0,0.0,0.0,0.0,1.0,1.0,3.0,0.0,0.0,0.0,0.0,60,100.0%,0,0.0%,0,0.0%,12.68,12.7,12.7,Matthew Stafford,QB,2013
0,1.0,1.0,2013-09-08,SEA,1,CAR,W 12-7,QB,1.0,2.0,9.0,0.0,0.0,0.0,0.0,0.0,0.0,0.0,0.0,0.0,0.0,0.0,65,100.0%,0,0.0%,0,0.0%,15.5,19.5,15.5,Russell Wilson,QB,2013
1,2.0,2.0,2013-09-15,SEA,0,SFO,W 29-3,QB,1.0,5.0,7.0,1.0,3.0,6.0,0.0,1.0,1.0,7.0,1.0,1.0,-2.0,0.0,76,100.0%,0,0.0%,0,0.0%,10.98,12.0,12.0,Russell Wilson,QB,2013
2,3.0,3.0,2013-09-22,SEA,0,JAX,W 45-17,QB,3.0,3.0,16.0,3.0,0.0,0.0,0.0,2.0,2.0,5.0,2.0,0.0,0.0,0.0,47,69.1%,0,0.0%,0,0.0%,21.48,23.5,22.5,Russell Wilson,QB,2013
3,4.0,4.0,2013-09-29,SEA,1,HOU,W 23-20,QB,1.0,1.0,10.0,0.0,1.0,4.0,0.0,0.0,0.0,0.0,0.0,1.0,4.0,0.0,61,100.0%,0,0.0%,0,0.0%,10.62,11.6,11.6,Russell Wilson,QB,2013
4,5.0,5.0,2013-10-06,SEA,1,IND,L 28-34,QB,1.0,3.0,10.0,1.0,0.0,0.0,0.0,1.0,1.0,10.0,1.0,0.0,0.0,0.0,69,100.0%,0,0.0%,0,0.0%,22.6,27.6,23.6,Russell Wilson,QB,2013
5,6.0,6.0,2013-10-13,SEA,0,TEN,W 20-13,QB,2.0,3.0,3.0,0.0,1.0,4.0,0.0,2.0,3.0,3.0,0.0,0.0,0.0,0.0,68,100.0%,0,0.0%,0,0.0%,16.38,16.4,16.4,Russell Wilson,QB,2013
6,7.0,7.0,2013-10-17,SEA,1,ARI,W 34-22,QB,2.0,5.0,16.0,2.0,0.0,0.0,0.0,1.0,2.0,1.0,1.0,0.0,0.0,0.0,67,100.0%,0,0.0%,0,0.0%,20.3,22.3,20.3,Russell Wilson,QB,2013
7,8.0,8.0,2013-10-28,SEA,1,STL,W 14-9,QB,1.0,2.0,2.0,1.0,2.0,-1.0,0.0,1.0,2.0,2.0,1.0,2.0,-1.0,0.0,44,100.0%,0,0.0%,0,0.0%,15.16,15.2,15.2,Russell Wilson,QB,2013
8,9.0,9.0,2013-11-03,SEA,0,TAM,W 27-24,QB,2.0,4.0,26.0,2.0,3.0,10.0,1.0,1.0,2.0,10.0,1.0,2.0,7.0,1.0,63,100.0%,0,0.0%,0,0.0%,22.28,24.3,24.3,Russell Wilson,QB,2013
9,10.0,10.0,2013-11-10,SEA,1,ATL,W 33-10,QB,1.0,2.0,6.0,1.0,1.0,10.0,0.0,1.0,1.0,6.0,1.0,0.0,0.0,0.0,69,100.0%,0,0.0%,0,0.0%,21.48,21.5,21.5,Russell Wilson,QB,2013
10,11.0,11.0,2013-11-17,SEA,0,MIN,W 41-20,QB,2.0,3.0,25.0,2.0,1.0,12.0,0.0,1.0,1.0,6.0,1.0,0.0,0.0,0.0,42,80.8%,0,0.0%,0,0.0%,18.6,18.6,18.6,Russell Wilson,QB,2013
11,12.0,12.0,2013-12-02,SEA,0,NOR,W 34-7,QB,5.0,7.0,28.0,3.0,2.0,8.0,0.0,3.0,4.0,14.0,3.0,1.0,5.0,0.0,71,100.0%,0,0.0%,0,0.0%,29.1,32.1,29.1,Russell Wilson,QB,2013
12,13.0,13.0,2013-12-08,SEA,1,SFO,L 17-19,QB,0.0,1.0,0.0,0.0,0.0,0.0,0.0,0.0,0.0,0.0,0.0,0.0,0.0,0.0,53,100.0%,0,0.0%,0,0.0%,10.16,11.2,11.2,Russell Wilson,QB,2013
13,14.0,14.0,2013-12-15,SEA,1,NYG,W 23-0,QB,3.0,5.0,33.0,1.0,1.0,8.0,0.0,0.0,1.0,0.0,0.0,0.0,0.0,0.0,61,88.4%,0,0.0%,0,0.0%,15.24,16.2,16.2,Russell Wilson,QB,2013
14,15.0,15.0,2013-12-22,SEA,0,ARI,L 10-17,QB,2.0,5.0,24.0,1.0,0.0,0.0,0.0,0.0,2.0,0.0,0.0,0.0,0.0,0.0,52,100.0%,0,0.0%,0,0.0%,9.52,10.5,10.5,Russell Wilson,QB,2013
15,16.0,16.0,2013-12-29,SEA,0,STL,W 27-9,QB,0.0,2.0,0.0,0.0,1.0,8.0,0.0,0.0,2.0,0.0,0.0,0.0,0.0,0.0,65,100.0%,0,0.0%,0,0.0%,10.78,10.8,10.8,Russell Wilson,QB,2013
0,1.0,2.0,2013-09-15,PHI,0,SDG,L 30-33,QB,0.0,1.0,0.0,0.0,0.0,0.0,0.0,0.0,0.0,0.0,0.0,0.0,0.0,0.0,1,1.7%,0,0.0%,0,0.0%,,,,Nick Foles,QB,2013
1,2.0,4.0,2013-09-29,PHI,1,DEN,L 20-52,QB,1.0,1.0,6.0,1.0,0.0,0.0,0.0,1.0,1.0,6.0,1.0,0.0,0.0,0.0,7,9.9%,0,0.0%,0,0.0%,5.96,6.0,6.0,Nick Foles,QB,2013
2,3.0,5.0,2013-10-06,PHI,1,NYG,W 36-21,QB,1.0,1.0,5.0,1.0,1.0,3.0,0.0,1.0,1.0,5.0,1.0,1.0,3.0,0.0,43,53.1%,0,0.0%,0,0.0%,15.98,16.0,16.0,Nick Foles,QB,2013
3,4.0,6.0,2013-10-13,PHI,1,TAM,W 31-20,QB,3.0,4.0,26.0,1.0,1.0,4.0,1.0,1.0,1.0,6.0,0.0,1.0,4.0,1.0,68,100.0%,0,0.0%,0,0.0%,30.04,30.0,30.0,Nick Foles,QB,2013
4,5.0,7.0,2013-10-20,PHI,0,DAL,L 3-17,QB,0.0,1.0,0.0,0.0,0.0,0.0,0.0,0.0,1.0,0.0,0.0,0.0,0.0,0.0,56,70.0%,0,0.0%,0,0.0%,5.7,5.7,5.7,Nick Foles,QB,2013
5,6.0,9.0,2013-11-03,PHI,1,OAK,W 49-20,QB,7.0,7.0,58.0,4.0,0.0,0.0,0.0,2.0,2.0,7.0,2.0,0.0,0.0,0.0,51,86.4%,0,0.0%,0,0.0%,45.24,48.2,45.2,Nick Foles,QB,2013
6,7.0,10.0,2013-11-10,PHI,1,GNB,W 27-13,QB,0.0,2.0,0.0,0.0,2.0,2.0,0.0,0.0,2.0,0.0,0.0,1.0,3.0,0.0,61,100.0%,0,0.0%,0,0.0%,22.92,23.9,22.9,Nick Foles,QB,2013
7,8.0,11.0,2013-11-17,PHI,0,WAS,W 24-16,QB,2.0,3.0,10.0,0.0,2.0,5.0,1.0,1.0,2.0,3.0,0.0,2.0,5.0,1.0,66,100.0%,0,0.0%,0,0.0%,22.62,22.6,22.6,Nick Foles,QB,2013
8,9.0,12.0,2013-12-01,PHI,0,ARI,W 24-21,QB,2.0,2.0,7.0,2.0,3.0,-4.0,0.0,2.0,2.0,7.0,2.0,3.0,-4.0,0.0,77,100.0%,0,0.0%,0,0.0%,23.68,23.7,23.7,Nick Foles,QB,2013
9,10.0,13.0,2013-12-08,PHI,0,DET,W 34-20,QB,2.0,4.0,24.0,1.0,3.0,-1.0,1.0,0.0,1.0,0.0,0.0,2.0,0.0,1.0,75,100.0%,0,0.0%,0,0.0%,19.46,20.5,20.5,Nick Foles,QB,2013
10,11.0,14.0,2013-12-15,PHI,1,MIN,L 30-48,QB,2.0,2.0,19.0,2.0,1.0,0.0,0.0,1.0,1.0,3.0,1.0,0.0,0.0,0.0,69,100.0%,0,0.0%,0,0.0%,33.22,37.2,34.2,Nick Foles,QB,2013
11,12.0,15.0,2013-12-22,PHI,0,CHI,W 54-11,QB,3.0,5.0,20.0,2.0,1.0,10.0,0.0,2.0,4.0,15.0,2.0,0.0,0.0,0.0,61,95.3%,0,0.0%,0,0.0%,18.9,18.9,18.9,Nick Foles,QB,2013
12,13.0,16.0,2013-12-29,PHI,1,DAL,W 24-22,QB,3.0,4.0,22.0,2.0,1.0,0.0,0.0,2.0,3.0,8.0,1.0,1.0,0.0,0.0,67,100.0%,0,0.0%,0,0.0%,16.02,17.0,16.0,Nick Foles,QB,2013
0,1.0,1.0,2013-09-08,DAL,0,NYG,W 36-31,QB,4.0,7.0,36.0,2.0,1.0,0.0,0.0,1.0,1.0,4.0,1.0,0.0,0.0,0.0,76,98.7%,0,0.0%,0,0.0%,16.42,17.4,17.4,Tony Romo,QB,2013
1,2.0,2.0,2013-09-15,DAL,1,KAN,L 16-17,QB,3.0,3.0,15.0,1.0,0.0,0.0,0.0,2.0,2.0,7.0,1.0,0.0,0.0,0.0,64,100.0%,0,0.0%,0,0.0%,14.22,15.2,14.2,Tony Romo,QB,2013
2,3.0,3.0,2013-09-22,DAL,0,STL,W 31-7,QB,2.0,5.0,10.0,1.0,0.0,0.0,0.0,2.0,3.0,10.0,1.0,0.0,0.0,0.0,62,100.0%,0,0.0%,0,0.0%,20.4,20.4,20.4,Tony Romo,QB,2013
3,4.0,4.0,2013-09-29,DAL,1,SDG,L 21-30,QB,2.0,3.0,11.0,1.0,0.0,0.0,0.0,2.0,3.0,11.0,1.0,0.0,0.0,0.0,59,100.0%,0,0.0%,0,0.0%,19.34,19.3,19.3,Tony Romo,QB,2013
4,5.0,5.0,2013-10-06,DAL,0,DEN,L 48-51,QB,4.0,7.0,18.0,4.0,0.0,0.0,0.0,4.0,7.0,18.0,4.0,0.0,0.0,0.0,58,100.0%,0,0.0%,0,0.0%,40.94,44.9,41.9,Tony Romo,QB,2013
5,6.0,6.0,2013-10-13,DAL,0,WAS,W 31-16,QB,1.0,2.0,15.0,1.0,0.0,0.0,0.0,0.0,0.0,0.0,0.0,0.0,0.0,0.0,54,100.0%,0,0.0%,0,0.0%,8.8,9.8,9.8,Tony Romo,QB,2013
6,7.0,7.0,2013-10-20,DAL,1,PHI,W 17-3,QB,3.0,4.0,17.0,1.0,0.0,0.0,0.0,2.0,3.0,12.0,1.0,0.0,0.0,0.0,77,100.0%,0,0.0%,0,0.0%,12.88,17.9,14.9,Tony Romo,QB,2013
7,8.0,8.0,2013-10-27,DAL,1,DET,L 30-31,QB,1.0,2.0,5.0,1.0,0.0,0.0,0.0,1.0,2.0,5.0,1.0,0.0,0.0,0.0,57,100.0%,0,0.0%,0,0.0%,20.84,20.8,20.8,Tony Romo,QB,2013
8,9.0,9.0,2013-11-03,DAL,0,MIN,W 27-23,QB,2.0,4.0,12.0,1.0,0.0,0.0,0.0,1.0,2.0,7.0,1.0,0.0,0.0,0.0,65,100.0%,0,0.0%,0,0.0%,20.28,24.3,21.3,Tony Romo,QB,2013
9,10.0,10.0,2013-11-10,DAL,1,NOR,L 17-49,QB,0.0,2.0,0.0,0.0,0.0,0.0,0.0,0.0,1.0,0.0,0.0,0.0,0.0,0.0,45,100.0%,0,0.0%,0,0.0%,9.12,9.1,9.1,Tony Romo,QB,2013
10,11.0,11.0,2013-11-24,DAL,1,NYG,W 24-21,QB,2.0,2.0,3.0,1.0,2.0,-1.0,0.0,2.0,2.0,3.0,1.0,0.0,0.0,0.0,65,100.0%,0,0.0%,0,0.0%,15.46,16.5,16.5,Tony Romo,QB,2013
11,12.0,12.0,2013-11-28,DAL,0,OAK,W 31-24,QB,4.0,5.0,22.0,1.0,0.0,0.0,0.0,2.0,3.0,8.0,1.0,0.0,0.0,0.0,68,100.0%,0,0.0%,0,0.0%,12.9,12.9,12.9,Tony Romo,QB,2013
12,13.0,13.0,2013-12-09,DAL,1,CHI,L 28-45,QB,3.0,5.0,21.0,3.0,0.0,0.0,0.0,3.0,5.0,21.0,3.0,0.0,0.0,0.0,44,80.0%,0,0.0%,0,0.0%,16.06,16.1,16.1,Tony Romo,QB,2013
13,14.0,14.0,2013-12-15,DAL,0,GNB,L 36-37,QB,3.0,6.0,27.0,1.0,0.0,0.0,0.0,1.0,3.0,5.0,1.0,0.0,0.0,0.0,73,100.0%,0,0.0%,0,0.0%,18.32,23.3,20.3,Tony Romo,QB,2013
14,15.0,15.0,2013-12-22,DAL,1,WAS,W 24-23,QB,3.0,6.0,25.0,2.0,1.0,-1.0,0.0,2.0,4.0,11.0,1.0,0.0,0.0,0.0,53,100.0%,0,0.0%,0,0.0%,14.94,15.9,15.9,Tony Romo,QB,2013
0,1.0,1.0,2013-09-08,SFO,0,GNB,W 34-28,QB,4.0,5.0,29.0,2.0,2.0,-5.0,0.0,2.0,3.0,12.0,2.0,1.0,-7.0,0.0,77,100.0%,0,0.0%,0,0.0%,30.68,33.7,30.7,Colin Kaepernick,QB,2013
1,2.0,2.0,2013-09-15,SFO,1,SEA,L 3-29,QB,0.0,3.0,0.0,0.0,1.0,8.0,0.0,0.0,2.0,0.0,0.0,0.0,0.0,0.0,53,100.0%,0,0.0%,0,0.0%,5.78,9.8,8.8,Colin Kaepernick,QB,2013
2,3.0,3.0,2013-09-22,SFO,0,IND,L 7-27,QB,,,,,,,,,,,,,,,53,100.0%,0,0.0%,0,0.0%,4.0,6.0,5.0,Colin Kaepernick,QB,2013
3,4.0,4.0,2013-09-26,SFO,1,STL,W 35-11,QB,1.0,1.0,12.0,1.0,0.0,0.0,0.0,0.0,0.0,0.0,0.0,0.0,0.0,0.0,67,97.1%,0,0.0%,0,0.0%,13.78,14.8,13.8,Colin Kaepernick,QB,2013
4,5.0,5.0,2013-10-06,SFO,0,HOU,W 34-3,QB,1.0,1.0,9.0,0.0,0.0,0.0,0.0,1.0,1.0,9.0,0.0,0.0,0.0,0.0,44,83.0%,0,0.0%,0,0.0%,9.92,9.9,9.9,Colin Kaepernick,QB,2013
5,6.0,6.0,2013-10-13,SFO,0,ARI,W 32-20,QB,1.0,5.0,7.0,0.0,0.0,0.0,0.0,0.0,4.0,0.0,0.0,0.0,0.0,0.0,70,100.0%,0,0.0%,0,0.0%,15.88,17.9,16.9,Colin Kaepernick,QB,2013
6,7.0,7.0,2013-10-20,SFO,1,TEN,W 31-17,QB,1.0,1.0,12.0,0.0,0.0,0.0,0.0,0.0,0.0,0.0,0.0,0.0,0.0,0.0,65,100.0%,0,0.0%,0,0.0%,20.76,20.8,20.8,Colin Kaepernick,QB,2013
7,8.0,8.0,2013-10-27,SFO,1,JAX,W 42-10,QB,2.0,4.0,16.0,1.0,2.0,21.0,2.0,1.0,2.0,2.0,1.0,1.0,9.0,1.0,49,86.0%,0,0.0%,0,0.0%,27.96,28.0,28.0,Colin Kaepernick,QB,2013
8,9.0,9.0,2013-11-10,SFO,0,CAR,L 9-10,QB,0.0,1.0,0.0,0.0,0.0,0.0,0.0,0.0,1.0,0.0,0.0,0.0,0.0,0.0,53,100.0%,0,0.0%,0,0.0%,3.24,4.2,4.2,Colin Kaepernick,QB,2013
9,10.0,10.0,2013-11-17,SFO,1,NOR,L 20-23,QB,2.0,5.0,28.0,2.0,0.0,0.0,0.0,0.0,0.0,0.0,0.0,0.0,0.0,0.0,57,100.0%,0,0.0%,0,0.0%,13.58,14.6,14.6,Colin Kaepernick,QB,2013
10,11.0,11.0,2013-11-25,SFO,1,WAS,W 27-6,QB,3.0,3.0,26.0,3.0,1.0,2.0,0.0,2.0,2.0,7.0,2.0,0.0,0.0,0.0,59,100.0%,0,0.0%,0,0.0%,23.4,23.4,23.4,Colin Kaepernick,QB,2013
11,12.0,12.0,2013-12-01,SFO,0,STL,W 23-13,QB,4.0,4.0,36.0,1.0,0.0,0.0,0.0,1.0,1.0,4.0,0.0,0.0,0.0,0.0,67,100.0%,0,0.0%,0,0.0%,17.1,17.1,17.1,Colin Kaepernick,QB,2013
12,13.0,13.0,2013-12-08,SFO,0,SEA,W 19-17,QB,2.0,4.0,21.0,1.0,2.0,17.0,0.0,1.0,2.0,8.0,1.0,0.0,0.0,0.0,68,100.0%,0,0.0%,0,0.0%,12.1,13.1,13.1,Colin Kaepernick,QB,2013
13,14.0,14.0,2013-12-15,SFO,1,TAM,W 33-14,QB,4.0,4.0,21.0,1.0,0.0,0.0,0.0,3.0,3.0,11.0,1.0,0.0,0.0,0.0,71,95.9%,0,0.0%,0,0.0%,20.32,20.3,20.3,Colin Kaepernick,QB,2013
14,15.0,15.0,2013-12-23,SFO,0,ATL,W 34-24,QB,1.0,1.0,10.0,1.0,1.0,4.0,1.0,1.0,1.0,10.0,1.0,1.0,4.0,1.0,57,100.0%,0,0.0%,0,0.0%,22.98,23.0,23.0,Colin Kaepernick,QB,2013
15,16.0,16.0,2013-12-29,SFO,1,ARI,W 23-20,QB,3.0,9.0,20.0,2.0,0.0,0.0,0.0,2.0,8.0,7.0,2.0,0.0,0.0,0.0,59,100.0%,0,0.0%,0,0.0%,22.8,25.8,22.8,Colin Kaepernick,QB,2013
0,1.0,1.0,2013-09-08,PIT,0,TEN,L 9-16,QB,5.0,7.0,26.0,1.0,1.0,0.0,0.0,2.0,4.0,4.0,1.0,1.0,0.0,0.0,53,100.0%,0,0.0%,0,0.0%,7.64,9.6,8.6,Ben Roethlisberger,QB,2013
1,2.0,2.0,2013-09-16,PIT,1,CIN,L 10-20,QB,1.0,1.0,1.0,1.0,0.0,0.0,0.0,1.0,1.0,1.0,1.0,0.0,0.0,0.0,57,100.0%,0,0.0%,0,0.0%,12.64,13.6,13.6,Ben Roethlisberger,QB,2013
2,3.0,3.0,2013-09-22,PIT,0,CHI,L 23-40,QB,1.0,2.0,-2.0,0.0,0.0,0.0,0.0,1.0,2.0,-2.0,0.0,0.0,0.0,0.0,66,100.0%,0,0.0%,0,0.0%,16.94,23.9,18.9,Ben Roethlisberger,QB,2013
3,4.0,4.0,2013-09-29,PIT,1,MIN,L 27-34,QB,6.0,12.0,39.0,1.0,0.0,0.0,0.0,1.0,4.0,2.0,0.0,0.0,0.0,0.0,79,100.0%,0,0.0%,0,0.0%,15.32,20.3,16.3,Ben Roethlisberger,QB,2013
4,5.0,5.0,2013-10-13,PIT,1,NYJ,W 19-6,QB,3.0,4.0,7.0,0.0,1.0,10.0,0.0,0.0,0.0,0.0,0.0,0.0,0.0,0.0,65,100.0%,0,0.0%,0,0.0%,15.66,15.7,15.7,Ben Roethlisberger,QB,2013
5,6.0,6.0,2013-10-20,PIT,0,BAL,W 19-16,QB,2.0,3.0,11.0,1.0,0.0,0.0,0.0,1.0,2.0,3.0,1.0,0.0,0.0,0.0,57,100.0%,0,0.0%,0,0.0%,12.9,12.9,12.9,Ben Roethlisberger,QB,2013
6,7.0,7.0,2013-10-27,PIT,1,OAK,L 18-21,QB,4.0,7.0,26.0,1.0,0.0,0.0,0.0,1.0,1.0,9.0,1.0,0.0,0.0,0.0,71,100.0%,0,0.0%,0,0.0%,11.1,13.1,13.1,Ben Roethlisberger,QB,2013
7,8.0,8.0,2013-11-03,PIT,1,NWE,L 31-55,QB,3.0,7.0,22.0,2.0,0.0,0.0,0.0,2.0,3.0,14.0,2.0,0.0,0.0,0.0,75,100.0%,0,0.0%,0,0.0%,25.9,31.9,27.9,Ben Roethlisberger,QB,2013
8,9.0,9.0,2013-11-10,PIT,0,BUF,W 23-10,QB,2.0,5.0,7.0,1.0,0.0,0.0,0.0,2.0,3.0,7.0,1.0,0.0,0.0,0.0,68,100.0%,0,0.0%,0,0.0%,10.16,11.2,11.2,Ben Roethlisberger,QB,2013
9,10.0,10.0,2013-11-17,PIT,0,DET,W 37-27,QB,3.0,9.0,7.0,1.0,1.0,6.0,0.0,3.0,7.0,7.0,1.0,0.0,0.0,0.0,77,100.0%,0,0.0%,0,0.0%,31.88,34.9,31.9,Ben Roethlisberger,QB,2013
10,11.0,11.0,2013-11-24,PIT,1,CLE,W 27-11,QB,1.0,4.0,4.0,1.0,0.0,0.0,0.0,1.0,1.0,4.0,1.0,0.0,0.0,0.0,70,100.0%,0,0.0%,0,0.0%,16.38,16.4,16.4,Ben Roethlisberger,QB,2013
11,12.0,12.0,2013-11-28,PIT,1,BAL,L 20-22,QB,3.0,6.0,16.0,2.0,0.0,0.0,0.0,3.0,6.0,16.0,2.0,0.0,0.0,0.0,66,100.0%,0,0.0%,0,0.0%,19.38,19.4,19.4,Ben Roethlisberger,QB,2013
12,13.0,13.0,2013-12-08,PIT,0,MIA,L 28-34,QB,2.0,3.0,21.0,2.0,0.0,0.0,0.0,1.0,1.0,5.0,1.0,0.0,0.0,0.0,66,100.0%,0,0.0%,0,0.0%,25.26,29.3,25.3,Ben Roethlisberger,QB,2013
13,14.0,14.0,2013-12-15,PIT,0,CIN,W 30-20,QB,3.0,6.0,21.0,1.0,0.0,0.0,0.0,1.0,3.0,-2.0,0.0,0.0,0.0,0.0,62,100.0%,0,0.0%,0,0.0%,9.64,10.6,10.6,Ben Roethlisberger,QB,2013
14,15.0,15.0,2013-12-22,PIT,1,GNB,W 38-31,QB,4.0,7.0,24.0,2.0,1.0,13.0,1.0,1.0,1.0,1.0,1.0,0.0,0.0,0.0,58,100.0%,0,0.0%,0,0.0%,19.98,21.0,21.0,Ben Roethlisberger,QB,2013
15,16.0,16.0,2013-12-29,PIT,0,CLE,W 20-7,QB,5.0,7.0,28.0,1.0,0.0,0.0,0.0,1.0,1.0,9.0,1.0,0.0,0.0,0.0,62,100.0%,0,0.0%,0,0.0%,8.06,10.1,10.1,Ben Roethlisberger,QB,2013
0,1.0,1.0,2013-09-08,KAN,1,JAX,W 28-2,QB,2.0,2.0,8.0,2.0,0.0,0.0,0.0,2.0,2.0,8.0,2.0,0.0,0.0,0.0,61,98.4%,0,0.0%,0,0.0%,17.42,17.4,17.4,Alex Smith,QB,2013
1,2.0,2.0,2013-09-15,KAN,0,DAL,W 17-16,QB,2.0,3.0,14.0,2.0,2.0,16.0,0.0,1.0,2.0,2.0,1.0,0.0,0.0,0.0,67,100.0%,0,0.0%,0,0.0%,22.62,22.6,22.6,Alex Smith,QB,2013
2,3.0,3.0,2013-09-19,KAN,1,PHI,W 26-16,QB,0.0,3.0,0.0,0.0,4.0,-1.0,0.0,0.0,0.0,0.0,0.0,0.0,0.0,0.0,83,100.0%,0,0.0%,0,0.0%,14.12,14.1,14.1,Alex Smith,QB,2013
3,4.0,4.0,2013-09-29,KAN,0,NYG,W 31-7,QB,4.0,6.0,19.0,2.0,1.0,7.0,0.0,2.0,4.0,7.0,2.0,1.0,7.0,0.0,73,97.3%,0,0.0%,0,0.0%,23.22,25.2,25.2,Alex Smith,QB,2013
4,5.0,5.0,2013-10-06,KAN,1,TEN,W 26-17,QB,5.0,8.0,29.0,0.0,0.0,0.0,0.0,3.0,5.0,12.0,0.0,0.0,0.0,0.0,70,100.0%,0,0.0%,0,0.0%,8.8,9.8,9.8,Alex Smith,QB,2013
5,6.0,6.0,2013-10-13,KAN,0,OAK,W 24-7,QB,2.0,3.0,12.0,0.0,1.0,2.0,0.0,0.0,0.0,0.0,0.0,0.0,0.0,0.0,63,100.0%,0,0.0%,0,0.0%,8.02,8.0,8.0,Alex Smith,QB,2013
6,7.0,7.0,2013-10-20,KAN,0,HOU,W 17-16,QB,4.0,6.0,27.0,0.0,4.0,2.0,1.0,2.0,4.0,7.0,0.0,4.0,2.0,1.0,68,100.0%,0,0.0%,0,0.0%,16.0,18.0,17.5,Alex Smith,QB,2013
7,8.0,8.0,2013-10-27,KAN,0,CLE,W 23-17,QB,1.0,3.0,12.0,1.0,0.0,0.0,0.0,0.0,0.0,0.0,0.0,0.0,0.0,0.0,73,100.0%,0,0.0%,0,0.0%,21.0,21.0,21.0,Alex Smith,QB,2013
8,9.0,9.0,2013-11-03,KAN,1,BUF,W 23-13,QB,2.0,3.0,9.0,0.0,0.0,0.0,0.0,0.0,0.0,0.0,0.0,0.0,0.0,0.0,58,100.0%,0,0.0%,0,0.0%,5.66,5.7,5.7,Alex Smith,QB,2013
9,10.0,10.0,2013-11-17,KAN,1,DEN,L 17-27,QB,4.0,7.0,29.0,2.0,0.0,0.0,0.0,2.0,4.0,16.0,2.0,0.0,0.0,0.0,78,100.0%,0,0.0%,0,0.0%,22.4,22.4,22.4,Alex Smith,QB,2013
10,11.0,11.0,2013-11-24,KAN,0,SDG,L 38-41,QB,5.0,7.0,32.0,2.0,0.0,0.0,0.0,3.0,5.0,7.0,2.0,0.0,0.0,0.0,64,100.0%,0,0.0%,0,0.0%,21.46,22.5,22.5,Alex Smith,QB,2013
11,12.0,12.0,2013-12-01,KAN,0,DEN,L 28-35,QB,7.0,11.0,60.0,2.0,0.0,0.0,0.0,1.0,3.0,5.0,0.0,0.0,0.0,0.0,72,100.0%,0,0.0%,0,0.0%,22.32,23.3,23.3,Alex Smith,QB,2013
12,13.0,13.0,2013-12-08,KAN,1,WAS,W 45-10,QB,3.0,6.0,16.0,1.0,1.0,3.0,0.0,1.0,1.0,5.0,1.0,1.0,3.0,0.0,48,76.2%,0,0.0%,0,0.0%,14.18,14.2,14.2,Alex Smith,QB,2013
13,14.0,14.0,2013-12-15,KAN,1,OAK,W 56-31,QB,4.0,4.0,38.0,2.0,0.0,0.0,0.0,2.0,2.0,11.0,1.0,0.0,0.0,0.0,43,79.6%,0,0.0%,0,0.0%,31.18,32.2,31.2,Alex Smith,QB,2013
14,15.0,15.0,2013-12-22,KAN,0,IND,L 7-23,QB,0.0,2.0,0.0,0.0,0.0,0.0,0.0,0.0,0.0,0.0,0.0,0.0,0.0,0.0,57,100.0%,0,0.0%,0,0.0%,4.82,7.8,5.8,Alex Smith,QB,2013
0,1.0,1.0,2013-09-08,NWE,1,BUF,W 23-21,QB,3.0,7.0,21.0,2.0,3.0,-3.0,0.0,3.0,7.0,21.0,2.0,1.0,0.0,0.0,91,100.0%,0,0.0%,0,0.0%,15.12,17.1,16.1,Tom Brady,QB,2013
1,2.0,2.0,2013-09-12,NWE,0,NYJ,W 13-10,QB,2.0,5.0,5.0,0.0,1.0,-2.0,0.0,0.0,2.0,0.0,0.0,1.0,-2.0,0.0,65,100.0%,0,0.0%,0,0.0%,11.2,11.2,11.2,Tom Brady,QB,2013
2,3.0,3.0,2013-09-22,NWE,0,TAM,W 23-3,QB,3.0,7.0,29.0,2.0,1.0,3.0,0.0,1.0,5.0,5.0,1.0,1.0,3.0,0.0,74,100.0%,0,0.0%,0,0.0%,15.5,16.5,16.5,Tom Brady,QB,2013
3,4.0,4.0,2013-09-29,NWE,1,ATL,W 30-23,QB,3.0,6.0,22.0,2.0,0.0,0.0,0.0,1.0,3.0,1.0,1.0,0.0,0.0,0.0,66,100.0%,0,0.0%,0,0.0%,20.44,23.4,20.4,Tom Brady,QB,2013
4,5.0,5.0,2013-10-06,NWE,1,CIN,L 6-13,QB,1.0,3.0,16.0,0.0,0.0,0.0,0.0,0.0,2.0,0.0,0.0,0.0,0.0,0.0,63,100.0%,0,0.0%,0,0.0%,5.88,6.9,6.9,Tom Brady,QB,2013
5,6.0,6.0,2013-10-13,NWE,0,NOR,W 30-27,QB,4.0,5.0,33.0,1.0,0.0,0.0,0.0,1.0,1.0,0.0,0.0,0.0,0.0,0.0,87,100.0%,0,0.0%,0,0.0%,14.36,15.4,15.4,Tom Brady,QB,2013
6,7.0,7.0,2013-10-20,NWE,1,NYJ,L 27-30,QB,,,,,,,,,,,,,,,75,100.0%,0,0.0%,0,0.0%,7.12,8.1,8.1,Tom Brady,QB,2013
7,8.0,8.0,2013-10-27,NWE,0,MIA,W 27-17,QB,2.0,2.0,22.0,1.0,0.0,0.0,0.0,1.0,1.0,8.0,0.0,0.0,0.0,0.0,66,100.0%,0,0.0%,0,0.0%,7.14,8.1,8.1,Tom Brady,QB,2013
8,9.0,9.0,2013-11-03,NWE,0,PIT,W 55-31,QB,3.0,5.0,42.0,2.0,0.0,0.0,0.0,1.0,3.0,6.0,0.0,0.0,0.0,0.0,76,100.0%,0,0.0%,0,0.0%,33.18,36.2,33.2,Tom Brady,QB,2013
9,10.0,10.0,2013-11-18,NWE,1,CAR,L 20-24,QB,1.0,3.0,9.0,1.0,0.0,0.0,0.0,1.0,2.0,9.0,1.0,0.0,0.0,0.0,72,100.0%,0,0.0%,0,0.0%,14.14,15.1,15.1,Tom Brady,QB,2013
10,11.0,11.0,2013-11-24,NWE,0,DEN,W 34-31,QB,6.0,9.0,51.0,3.0,2.0,0.0,0.0,3.0,4.0,16.0,2.0,0.0,0.0,0.0,87,100.0%,0,0.0%,0,0.0%,23.76,27.8,23.8,Tom Brady,QB,2013
11,12.0,12.0,2013-12-01,NWE,1,HOU,W 34-31,QB,4.0,6.0,39.0,1.0,0.0,0.0,0.0,1.0,1.0,9.0,1.0,0.0,0.0,0.0,70,100.0%,0,0.0%,0,0.0%,20.84,24.8,21.8,Tom Brady,QB,2013
12,13.0,13.0,2013-12-08,NWE,0,CLE,W 27-26,QB,4.0,7.0,20.0,2.0,0.0,0.0,0.0,2.0,3.0,3.0,2.0,0.0,0.0,0.0,83,100.0%,0,0.0%,0,0.0%,22.82,27.8,23.8,Tom Brady,QB,2013
13,14.0,14.0,2013-12-15,NWE,1,MIA,L 20-24,QB,2.0,11.0,19.0,1.0,0.0,0.0,0.0,1.0,4.0,6.0,0.0,0.0,0.0,0.0,80,100.0%,0,0.0%,0,0.0%,20.56,24.6,21.6,Tom Brady,QB,2013
14,15.0,15.0,2013-12-22,NWE,1,BAL,W 41-7,QB,1.0,1.0,4.0,1.0,0.0,0.0,0.0,1.0,1.0,4.0,1.0,0.0,0.0,0.0,67,100.0%,0,0.0%,0,0.0%,10.88,10.9,10.9,Tom Brady,QB,2013
15,16.0,16.0,2013-12-29,NWE,0,BUF,W 34-20,QB,3.0,6.0,17.0,1.0,0.0,0.0,0.0,1.0,1.0,5.0,1.0,0.0,0.0,0.0,75,100.0%,0,0.0%,0,0.0%,8.58,9.6,9.6,Tom Brady,QB,2013
0,1.0,1.0,2013-09-08,ATL,1,NOR,L 17-23,QB,3.0,8.0,15.0,2.0,0.0,0.0,0.0,3.0,8.0,15.0,2.0,0.0,0.0,0.0,56,100.0%,0,0.0%,0,0.0%,19.36,23.4,20.4,Matt Ryan,QB,2013
1,2.0,2.0,2013-09-15,ATL,0,STL,W 31-24,QB,3.0,4.0,21.0,1.0,0.0,0.0,0.0,1.0,1.0,8.0,1.0,0.0,0.0,0.0,64,100.0%,0,0.0%,0,0.0%,22.96,26.0,23.0,Matt Ryan,QB,2013
2,3.0,3.0,2013-09-22,ATL,1,MIA,L 23-27,QB,4.0,9.0,26.0,2.0,0.0,0.0,0.0,2.0,2.0,9.0,2.0,0.0,0.0,0.0,71,100.0%,0,0.0%,0,0.0%,15.24,16.2,16.2,Matt Ryan,QB,2013
3,4.0,4.0,2013-09-29,ATL,0,NWE,L 23-30,QB,5.0,14.0,32.0,1.0,0.0,0.0,0.0,1.0,7.0,1.0,0.0,0.0,0.0,0.0,76,100.0%,0,0.0%,0,0.0%,22.84,26.8,23.8,Matt Ryan,QB,2013
4,5.0,5.0,2013-10-07,ATL,0,NYJ,L 28-30,QB,8.0,12.0,29.0,2.0,0.0,0.0,0.0,5.0,8.0,13.0,2.0,0.0,0.0,0.0,76,100.0%,0,0.0%,0,0.0%,18.76,22.8,18.8,Matt Ryan,QB,2013
5,6.0,6.0,2013-10-20,ATL,0,TAM,W 31-23,QB,2.0,4.0,27.0,2.0,0.0,0.0,0.0,1.0,3.0,8.0,1.0,0.0,0.0,0.0,46,100.0%,0,0.0%,0,0.0%,21.72,21.7,21.7,Matt Ryan,QB,2013
6,7.0,7.0,2013-10-27,ATL,1,ARI,L 13-27,QB,4.0,8.0,17.0,1.0,0.0,0.0,0.0,2.0,5.0,1.0,1.0,0.0,0.0,0.0,83,100.0%,0,0.0%,0,0.0%,9.34,16.3,13.3,Matt Ryan,QB,2013
7,8.0,8.0,2013-11-03,ATL,1,CAR,L 10-34,QB,2.0,2.0,19.0,1.0,0.0,0.0,0.0,0.0,0.0,0.0,0.0,0.0,0.0,0.0,50,100.0%,0,0.0%,0,0.0%,6.96,10.0,10.0,Matt Ryan,QB,2013
8,9.0,9.0,2013-11-10,ATL,0,SEA,L 10-33,QB,2.0,4.0,14.0,1.0,0.0,0.0,0.0,0.0,0.0,0.0,0.0,0.0,0.0,0.0,58,100.0%,0,0.0%,0,0.0%,12.38,12.4,12.4,Matt Ryan,QB,2013
9,10.0,10.0,2013-11-17,ATL,1,TAM,L 28-41,QB,1.0,2.0,6.0,1.0,0.0,0.0,0.0,1.0,2.0,6.0,1.0,0.0,0.0,0.0,59,83.1%,0,0.0%,0,0.0%,14.16,16.2,16.2,Matt Ryan,QB,2013
10,11.0,11.0,2013-11-21,ATL,0,NOR,L 13-17,QB,2.0,3.0,5.0,0.0,1.0,4.0,0.0,2.0,3.0,5.0,0.0,1.0,4.0,0.0,68,100.0%,0,0.0%,0,0.0%,12.68,12.7,12.7,Matt Ryan,QB,2013
11,12.0,12.0,2013-12-01,ATL,1,BUF,W 34-31,QB,3.0,5.0,37.0,1.0,0.0,0.0,0.0,0.0,2.0,0.0,0.0,0.0,0.0,0.0,88,100.0%,0,0.0%,0,0.0%,16.14,20.1,16.1,Matt Ryan,QB,2013
12,13.0,13.0,2013-12-08,ATL,1,GNB,L 21-22,QB,3.0,3.0,14.0,1.0,0.0,0.0,0.0,1.0,1.0,2.0,1.0,0.0,0.0,0.0,59,100.0%,0,0.0%,0,0.0%,12.24,14.2,13.2,Matt Ryan,QB,2013
13,14.0,14.0,2013-12-15,ATL,0,WAS,W 27-26,QB,3.0,5.0,33.0,1.0,0.0,0.0,0.0,1.0,3.0,5.0,0.0,0.0,0.0,0.0,68,100.0%,0,0.0%,0,0.0%,8.3,10.3,9.3,Matt Ryan,QB,2013
14,15.0,15.0,2013-12-23,ATL,1,SFO,L 24-34,QB,4.0,6.0,25.0,1.0,0.0,0.0,0.0,2.0,3.0,7.0,1.0,0.0,0.0,0.0,72,100.0%,0,0.0%,0,0.0%,17.92,22.9,19.9,Matt Ryan,QB,2013
15,16.0,16.0,2013-12-29,ATL,0,CAR,L 20-21,QB,2.0,4.0,8.0,1.0,0.0,0.0,0.0,2.0,2.0,8.0,1.0,0.0,0.0,0.0,71,100.0%,0,0.0%,0,0.0%,17.1,18.1,18.1,Matt Ryan,QB,2013
0,1.0,1.0,2013-09-08,MIA,1,CLE,W 23-10,QB,1.0,1.0,11.0,0.0,0.0,0.0,0.0,0.0,0.0,0.0,0.0,0.0,0.0,0.0,68,100.0%,0,0.0%,0,0.0%,13.18,14.2,14.2,Ryan Tannehill,QB,2013
1,2.0,2.0,2013-09-15,MIA,1,IND,W 24-20,QB,1.0,1.0,18.0,1.0,0.0,0.0,0.0,0.0,0.0,0.0,0.0,0.0,0.0,0.0,66,100.0%,0,0.0%,0,0.0%,14.86,18.9,14.9,Ryan Tannehill,QB,2013
2,3.0,3.0,2013-09-22,MIA,0,ATL,W 27-23,QB,3.0,4.0,26.0,2.0,0.0,0.0,0.0,2.0,2.0,8.0,1.0,0.0,0.0,0.0,56,100.0%,0,0.0%,0,0.0%,14.14,16.1,15.1,Ryan Tannehill,QB,2013
3,4.0,4.0,2013-09-30,MIA,1,NOR,L 17-38,QB,3.0,3.0,10.0,1.0,0.0,0.0,0.0,3.0,3.0,10.0,1.0,0.0,0.0,0.0,60,100.0%,0,0.0%,0,0.0%,10.76,14.8,13.8,Ryan Tannehill,QB,2013
4,5.0,5.0,2013-10-06,MIA,0,BAL,L 23-26,QB,3.0,7.0,16.0,1.0,0.0,0.0,0.0,1.0,4.0,9.0,1.0,0.0,0.0,0.0,58,100.0%,0,0.0%,0,0.0%,16.88,19.9,16.9,Ryan Tannehill,QB,2013
5,6.0,6.0,2013-10-20,MIA,0,BUF,L 21-23,QB,4.0,6.0,28.0,3.0,3.0,5.0,0.0,2.0,2.0,11.0,2.0,3.0,5.0,0.0,66,100.0%,0,0.0%,0,0.0%,14.26,17.3,16.3,Ryan Tannehill,QB,2013
6,7.0,7.0,2013-10-27,MIA,1,NWE,L 17-27,QB,4.0,6.0,21.0,2.0,0.0,0.0,0.0,3.0,4.0,16.0,2.0,0.0,0.0,0.0,79,100.0%,0,0.0%,0,0.0%,10.88,13.9,12.9,Ryan Tannehill,QB,2013
7,8.0,8.0,2013-10-31,MIA,0,CIN,W 22-20,QB,1.0,2.0,4.0,0.0,1.0,1.0,1.0,0.0,0.0,0.0,0.0,1.0,1.0,1.0,63,100.0%,0,0.0%,0,0.0%,14.42,14.4,14.4,Ryan Tannehill,QB,2013
8,9.0,9.0,2013-11-11,MIA,1,TAM,L 19-22,QB,4.0,6.0,29.0,2.0,0.0,0.0,0.0,2.0,3.0,3.0,1.0,0.0,0.0,0.0,59,100.0%,0,0.0%,0,0.0%,15.36,16.4,16.4,Ryan Tannehill,QB,2013
9,10.0,10.0,2013-11-17,MIA,0,SDG,W 20-16,QB,1.0,3.0,7.0,0.0,1.0,3.0,0.0,0.0,0.0,0.0,0.0,1.0,3.0,0.0,63,100.0%,0,0.0%,0,0.0%,14.82,15.8,15.8,Ryan Tannehill,QB,2013
10,11.0,11.0,2013-11-24,MIA,0,CAR,L 16-20,QB,2.0,4.0,6.0,0.0,0.0,0.0,0.0,1.0,2.0,2.0,0.0,0.0,0.0,0.0,63,100.0%,0,0.0%,0,0.0%,18.0,22.0,19.0,Ryan Tannehill,QB,2013
11,12.0,12.0,2013-12-01,MIA,1,NYJ,W 23-3,QB,0.0,4.0,0.0,0.0,0.0,0.0,0.0,0.0,1.0,0.0,0.0,0.0,0.0,0.0,82,100.0%,0,0.0%,0,0.0%,21.44,25.4,22.4,Ryan Tannehill,QB,2013
12,13.0,13.0,2013-12-08,MIA,1,PIT,W 34-28,QB,8.0,10.0,43.0,3.0,0.0,0.0,0.0,2.0,2.0,10.0,2.0,0.0,0.0,0.0,62,100.0%,0,0.0%,0,0.0%,23.6,24.6,24.6,Ryan Tannehill,QB,2013
13,14.0,14.0,2013-12-15,MIA,0,NWE,W 24-20,QB,3.0,5.0,16.0,2.0,0.0,0.0,0.0,1.0,1.0,2.0,1.0,0.0,0.0,0.0,64,100.0%,0,0.0%,0,0.0%,24.38,27.4,24.4,Ryan Tannehill,QB,2013
14,15.0,15.0,2013-12-22,MIA,1,BUF,L 0-19,QB,,,,,,,,,,,,,,,48,88.9%,0,0.0%,0,0.0%,3.28,3.3,3.3,Ryan Tannehill,QB,2013
15,16.0,16.0,2013-12-29,MIA,0,NYJ,L 7-20,QB,1.0,2.0,5.0,1.0,0.0,0.0,0.0,1.0,2.0,5.0,1.0,0.0,0.0,0.0,64,100.0%,0,0.0%,0,0.0%,8.06,11.1,11.1,Ryan Tannehill,QB,2013
0,1.0,1.0,2013-09-08,ARI,1,STL,L 24-27,QB,1.0,4.0,4.0,1.0,0.0,0.0,0.0,1.0,2.0,4.0,1.0,0.0,0.0,0.0,71,100.0%,0,0.0%,0,0.0%,17.08,22.1,18.1,Carson Palmer,QB,2013
1,2.0,2.0,2013-09-15,ARI,0,DET,W 25-21,QB,1.0,4.0,5.0,0.0,0.0,0.0,0.0,1.0,3.0,5.0,0.0,0.0,0.0,0.0,71,100.0%,0,0.0%,0,0.0%,11.72,12.7,12.7,Carson Palmer,QB,2013
2,3.0,3.0,2013-09-22,ARI,1,NOR,L 7-31,QB,0.0,2.0,0.0,0.0,0.0,0.0,0.0,0.0,1.0,0.0,0.0,0.0,0.0,0.0,58,100.0%,0,0.0%,0,0.0%,3.48,5.5,5.5,Carson Palmer,QB,2013
3,4.0,4.0,2013-09-29,ARI,1,TAM,W 13-10,QB,1.0,2.0,13.0,1.0,1.0,-2.0,0.0,0.0,0.0,0.0,0.0,1.0,-2.0,0.0,62,100.0%,0,0.0%,0,0.0%,10.52,12.5,12.5,Carson Palmer,QB,2013
4,5.0,5.0,2013-10-06,ARI,0,CAR,W 22-6,QB,1.0,1.0,7.0,1.0,0.0,0.0,0.0,1.0,1.0,7.0,1.0,0.0,0.0,0.0,62,100.0%,0,0.0%,0,0.0%,4.7,7.7,7.7,Carson Palmer,QB,2013
5,6.0,6.0,2013-10-13,ARI,1,SFO,L 20-32,QB,2.0,3.0,15.0,1.0,0.0,0.0,0.0,1.0,1.0,10.0,1.0,0.0,0.0,0.0,66,100.0%,0,0.0%,0,0.0%,15.92,17.9,17.9,Carson Palmer,QB,2013
6,7.0,7.0,2013-10-17,ARI,0,SEA,L 22-34,QB,4.0,8.0,26.0,1.0,0.0,0.0,0.0,1.0,4.0,8.0,1.0,0.0,0.0,0.0,75,100.0%,0,0.0%,0,0.0%,10.82,12.8,12.8,Carson Palmer,QB,2013
7,8.0,8.0,2013-10-27,ARI,0,ATL,W 27-13,QB,3.0,3.0,26.0,2.0,0.0,0.0,0.0,2.0,2.0,11.0,1.0,0.0,0.0,0.0,54,100.0%,0,0.0%,0,0.0%,13.78,14.8,14.8,Carson Palmer,QB,2013
8,9.0,9.0,2013-11-10,ARI,0,HOU,W 27-24,QB,2.0,5.0,31.0,2.0,0.0,0.0,0.0,0.0,2.0,0.0,0.0,0.0,0.0,0.0,63,95.5%,0,0.0%,0,0.0%,13.44,15.4,14.4,Carson Palmer,QB,2013
9,10.0,10.0,2013-11-17,ARI,1,JAX,W 27-14,QB,4.0,7.0,27.0,1.0,0.0,0.0,0.0,2.0,4.0,7.0,0.0,0.0,0.0,0.0,69,100.0%,0,0.0%,0,0.0%,24.46,27.5,24.5,Carson Palmer,QB,2013
10,11.0,11.0,2013-11-24,ARI,0,IND,W 40-11,QB,3.0,6.0,17.0,1.0,0.0,0.0,0.0,1.0,4.0,4.0,1.0,0.0,0.0,0.0,75,100.0%,0,0.0%,0,0.0%,20.56,23.6,20.6,Carson Palmer,QB,2013
11,12.0,12.0,2013-12-01,ARI,1,PHI,L 21-24,QB,1.0,2.0,3.0,1.0,0.0,0.0,0.0,1.0,2.0,3.0,1.0,0.0,0.0,0.0,71,100.0%,0,0.0%,0,0.0%,17.98,24.0,20.0,Carson Palmer,QB,2013
12,13.0,13.0,2013-12-08,ARI,0,STL,W 30-10,QB,5.0,7.0,63.0,1.0,0.0,0.0,0.0,1.0,3.0,7.0,1.0,0.0,0.0,0.0,68,100.0%,0,0.0%,0,0.0%,14.66,14.7,14.7,Carson Palmer,QB,2013
13,14.0,14.0,2013-12-15,ARI,1,TEN,W 37-34,QB,5.0,6.0,37.0,1.0,0.0,0.0,0.0,2.0,2.0,11.0,1.0,0.0,0.0,0.0,68,100.0%,0,0.0%,0,0.0%,13.14,13.1,13.1,Carson Palmer,QB,2013
14,15.0,15.0,2013-12-22,ARI,1,SEA,W 17-10,QB,2.0,4.0,8.0,0.0,0.0,0.0,0.0,0.0,1.0,0.0,0.0,0.0,0.0,0.0,75,100.0%,0,0.0%,0,0.0%,2.82,6.8,6.8,Carson Palmer,QB,2013
15,16.0,16.0,2013-12-29,ARI,0,SFO,L 20-23,QB,3.0,6.0,18.0,1.0,0.0,0.0,0.0,2.0,3.0,7.0,1.0,0.0,0.0,0.0,73,100.0%,0,0.0%,0,0.0%,22.18,26.2,23.2,Carson Palmer,QB,2013
0,1.0,1.0,2013-09-09,WAS,0,PHI,L 27-33,QB,1.0,2.0,10.0,1.0,0.0,0.0,0.0,1.0,2.0,10.0,1.0,0.0,0.0,0.0,75,100.0%,0,0.0%,0,0.0%,19.56,24.6,21.6,Robert Griffin,QB,2013
1,2.0,2.0,2013-09-15,WAS,1,GNB,L 20-38,QB,6.0,8.0,33.0,3.0,2.0,0.0,0.0,4.0,6.0,24.0,3.0,2.0,0.0,0.0,61,100.0%,0,0.0%,0,0.0%,22.9,26.9,23.9,Robert Griffin,QB,2013
2,3.0,3.0,2013-09-22,WAS,0,DET,L 20-27,QB,1.0,6.0,15.0,0.0,0.0,0.0,0.0,0.0,3.0,0.0,0.0,0.0,0.0,0.0,77,100.0%,0,0.0%,0,0.0%,12.74,17.7,13.7,Robert Griffin,QB,2013
3,4.0,4.0,2013-09-29,WAS,1,OAK,W 24-14,QB,3.0,4.0,23.0,1.0,0.0,0.0,0.0,2.0,3.0,7.0,1.0,0.0,0.0,0.0,66,100.0%,0,0.0%,0,0.0%,14.08,14.1,14.1,Robert Griffin,QB,2013
4,5.0,5.0,2013-10-13,WAS,1,DAL,L 16-31,QB,0.0,3.0,0.0,0.0,2.0,10.0,0.0,0.0,1.0,0.0,0.0,1.0,7.0,0.0,78,100.0%,0,0.0%,0,0.0%,13.54,15.5,14.5,Robert Griffin,QB,2013
5,6.0,6.0,2013-10-20,WAS,0,CHI,W 45-41,QB,3.0,5.0,19.0,1.0,1.0,0.0,0.0,1.0,2.0,3.0,1.0,0.0,0.0,0.0,75,100.0%,0,0.0%,0,0.0%,26.32,27.3,27.3,Robert Griffin,QB,2013
6,7.0,7.0,2013-10-27,WAS,1,DEN,L 21-45,QB,2.0,4.0,12.0,1.0,0.0,0.0,0.0,1.0,1.0,7.0,1.0,0.0,0.0,0.0,61,85.9%,0,0.0%,0,0.0%,3.98,7.0,6.0,Robert Griffin,QB,2013
7,8.0,8.0,2013-11-03,WAS,0,SDG,W 30-24,QB,3.0,3.0,18.0,0.0,1.0,1.0,0.0,1.0,1.0,1.0,0.0,1.0,1.0,0.0,75,100.0%,0,0.0%,0,0.0%,11.34,12.3,12.3,Robert Griffin,QB,2013
8,9.0,9.0,2013-11-07,WAS,1,MIN,L 27-34,QB,3.0,10.0,20.0,3.0,2.0,18.0,0.0,2.0,8.0,9.0,2.0,0.0,0.0,0.0,79,100.0%,0,0.0%,0,0.0%,27.64,27.6,27.6,Robert Griffin,QB,2013
9,10.0,10.0,2013-11-17,WAS,1,PHI,L 16-24,QB,0.0,1.0,0.0,0.0,1.0,3.0,0.0,0.0,0.0,0.0,0.0,1.0,3.0,0.0,82,100.0%,0,0.0%,0,0.0%,22.96,25.0,24.0,Robert Griffin,QB,2013
10,11.0,11.0,2013-11-25,WAS,0,SFO,L 6-27,QB,1.0,3.0,1.0,0.0,1.0,-3.0,0.0,0.0,0.0,0.0,0.0,0.0,0.0,0.0,60,100.0%,0,0.0%,0,0.0%,5.42,6.4,6.4,Robert Griffin,QB,2013
11,12.0,12.0,2013-12-01,WAS,0,NYG,L 17-24,QB,3.0,5.0,32.0,1.0,1.0,2.0,0.0,0.0,2.0,0.0,0.0,0.0,0.0,0.0,69,100.0%,0,0.0%,0,0.0%,21.08,21.1,21.1,Robert Griffin,QB,2013
12,13.0,13.0,2013-12-08,WAS,0,KAN,L 10-45,QB,1.0,1.0,7.0,1.0,0.0,0.0,0.0,1.0,1.0,7.0,1.0,0.0,0.0,0.0,48,71.6%,0,0.0%,0,0.0%,11.46,12.5,12.5,Robert Griffin,QB,2013
0,1.0,1.0,2013-09-05,BAL,1,DEN,L 27-49,QB,5.0,10.0,36.0,2.0,0.0,0.0,0.0,1.0,3.0,2.0,1.0,0.0,0.0,0.0,89,100.0%,0,0.0%,0,0.0%,18.48,23.5,20.5,Joe Flacco,QB,2013
1,2.0,2.0,2013-09-15,BAL,0,CLE,W 14-6,QB,1.0,1.0,5.0,1.0,2.0,-2.0,0.0,1.0,1.0,5.0,1.0,0.0,0.0,0.0,72,100.0%,0,0.0%,0,0.0%,13.04,13.0,13.0,Joe Flacco,QB,2013
2,3.0,3.0,2013-09-22,BAL,0,HOU,W 30-9,QB,0.0,2.0,0.0,0.0,0.0,0.0,0.0,0.0,2.0,0.0,0.0,0.0,0.0,0.0,63,100.0%,0,0.0%,0,0.0%,6.84,6.8,6.8,Joe Flacco,QB,2013
3,4.0,4.0,2013-09-29,BAL,1,BUF,L 20-23,QB,3.0,7.0,12.0,1.0,0.0,0.0,0.0,1.0,2.0,10.0,1.0,0.0,0.0,0.0,65,100.0%,0,0.0%,0,0.0%,11.88,19.9,16.9,Joe Flacco,QB,2013
4,5.0,5.0,2013-10-06,BAL,1,MIA,W 26-23,QB,2.0,4.0,9.0,0.0,0.0,0.0,0.0,2.0,3.0,9.0,0.0,0.0,0.0,0.0,77,100.0%,0,0.0%,0,0.0%,10.06,11.1,11.1,Joe Flacco,QB,2013
5,6.0,6.0,2013-10-13,BAL,0,GNB,L 17-19,QB,3.0,5.0,30.0,2.0,1.0,6.0,0.0,1.0,3.0,1.0,0.0,0.0,0.0,0.0,66,100.0%,0,0.0%,0,0.0%,20.28,24.3,20.3,Joe Flacco,QB,2013
6,7.0,7.0,2013-10-20,BAL,1,PIT,L 16-19,QB,2.0,5.0,5.0,1.0,1.0,2.0,0.0,1.0,2.0,1.0,1.0,0.0,0.0,0.0,62,100.0%,0,0.0%,0,0.0%,14.0,14.0,14.0,Joe Flacco,QB,2013
7,8.0,8.0,2013-11-03,BAL,1,CLE,L 18-24,QB,4.0,5.0,35.0,2.0,0.0,0.0,0.0,1.0,1.0,7.0,1.0,0.0,0.0,0.0,71,100.0%,0,0.0%,0,0.0%,20.5,21.5,21.5,Joe Flacco,QB,2013
8,9.0,9.0,2013-11-10,BAL,0,CIN,W 20-17,QB,2.0,4.0,8.0,2.0,0.0,0.0,0.0,2.0,2.0,8.0,2.0,0.0,0.0,0.0,74,100.0%,0,0.0%,0,0.0%,8.0,11.0,10.0,Joe Flacco,QB,2013
9,10.0,10.0,2013-11-17,BAL,1,CHI,L 20-23,QB,1.0,3.0,5.0,1.0,0.0,0.0,0.0,1.0,3.0,5.0,1.0,0.0,0.0,0.0,78,100.0%,0,0.0%,0,0.0%,8.48,10.5,10.5,Joe Flacco,QB,2013
10,11.0,11.0,2013-11-24,BAL,0,NYJ,W 19-3,QB,1.0,5.0,-3.0,0.0,0.0,0.0,0.0,1.0,2.0,-3.0,0.0,0.0,0.0,0.0,64,100.0%,0,0.0%,0,0.0%,12.92,13.9,13.9,Joe Flacco,QB,2013
11,12.0,12.0,2013-11-28,BAL,0,PIT,W 22-20,QB,2.0,4.0,9.0,1.0,0.0,0.0,0.0,2.0,2.0,9.0,1.0,0.0,0.0,0.0,63,100.0%,0,0.0%,0,0.0%,14.74,14.7,14.7,Joe Flacco,QB,2013
12,13.0,13.0,2013-12-08,BAL,0,MIN,W 29-26,QB,4.0,5.0,17.0,3.0,0.0,0.0,0.0,3.0,4.0,11.0,3.0,0.0,0.0,0.0,85,100.0%,0,0.0%,0,0.0%,20.0,23.0,23.0,Joe Flacco,QB,2013
13,14.0,14.0,2013-12-16,BAL,1,DET,W 18-16,QB,0.0,5.0,0.0,0.0,0.0,0.0,0.0,0.0,2.0,0.0,0.0,0.0,0.0,0.0,62,100.0%,0,0.0%,0,0.0%,10.18,10.2,10.2,Joe Flacco,QB,2013
14,15.0,15.0,2013-12-22,BAL,0,NWE,L 7-41,QB,1.0,3.0,7.0,0.0,1.0,1.0,1.0,0.0,1.0,0.0,0.0,1.0,1.0,1.0,68,89.5%,0,0.0%,0,0.0%,12.4,14.4,14.4,Joe Flacco,QB,2013
15,16.0,16.0,2013-12-29,BAL,1,CIN,L 17-34,QB,5.0,7.0,17.0,1.0,0.0,0.0,0.0,4.0,6.0,13.0,1.0,0.0,0.0,0.0,69,100.0%,0,0.0%,0,0.0%,5.78,8.8,8.8,Joe Flacco,QB,2013
0,1.0,1.0,2013-09-08,NYJ,0,TAM,W 18-17,QB,2.0,3.0,13.0,1.0,0.0,0.0,0.0,1.0,1.0,7.0,1.0,0.0,0.0,0.0,75,100.0%,0,0.0%,0,0.0%,14.94,16.9,15.9,Geno Smith,QB,2013
1,2.0,2.0,2013-09-12,NYJ,1,NWE,L 10-13,QB,1.0,3.0,9.0,0.0,0.0,0.0,0.0,0.0,2.0,0.0,0.0,0.0,0.0,0.0,71,100.0%,0,0.0%,0,0.0%,4.26,7.3,7.3,Geno Smith,QB,2013
2,3.0,3.0,2013-09-22,NYJ,0,BUF,W 27-20,QB,1.0,2.0,7.0,0.0,1.0,8.0,1.0,0.0,0.0,0.0,0.0,1.0,8.0,1.0,78,100.0%,0,0.0%,0,0.0%,24.64,29.6,26.6,Geno Smith,QB,2013
3,4.0,4.0,2013-09-29,NYJ,1,TEN,L 13-38,QB,,,,,,,,,,,,,,,65,100.0%,0,0.0%,0,0.0%,8.26,12.3,10.3,Geno Smith,QB,2013
4,5.0,5.0,2013-10-07,NYJ,1,ATL,W 30-28,QB,4.0,4.0,26.0,2.0,0.0,0.0,0.0,2.0,2.0,3.0,1.0,0.0,0.0,0.0,46,100.0%,0,0.0%,0,0.0%,22.06,22.1,22.1,Geno Smith,QB,2013
5,6.0,6.0,2013-10-13,NYJ,0,PIT,L 6-19,QB,1.0,2.0,4.0,0.0,0.0,0.0,0.0,0.0,0.0,0.0,0.0,0.0,0.0,0.0,58,100.0%,0,0.0%,0,0.0%,4.84,6.8,6.8,Geno Smith,QB,2013
6,7.0,7.0,2013-10-20,NYJ,0,NWE,W 30-27,QB,1.0,6.0,12.0,1.0,1.0,8.0,1.0,0.0,0.0,0.0,0.0,1.0,8.0,1.0,91,100.0%,0,0.0%,0,0.0%,20.52,21.5,21.5,Geno Smith,QB,2013
7,8.0,8.0,2013-10-27,NYJ,1,CIN,L 9-49,QB,,,,,,,,,,,,,,,51,76.1%,0,0.0%,0,0.0%,3.16,5.2,5.2,Geno Smith,QB,2013
8,9.0,9.0,2013-11-03,NYJ,0,NOR,W 26-20,QB,0.0,2.0,0.0,0.0,4.0,8.0,1.0,0.0,2.0,0.0,0.0,4.0,8.0,1.0,61,100.0%,0,0.0%,0,0.0%,12.4,12.4,12.4,Geno Smith,QB,2013
9,10.0,10.0,2013-11-17,NYJ,1,BUF,L 14-37,QB,1.0,2.0,1.0,0.0,0.0,0.0,0.0,1.0,2.0,1.0,0.0,0.0,0.0,0.0,45,77.6%,0,0.0%,0,0.0%,-3.88,0.1,-0.9,Geno Smith,QB,2013
10,11.0,11.0,2013-11-24,NYJ,1,BAL,L 3-19,QB,0.0,2.0,0.0,0.0,0.0,0.0,0.0,0.0,2.0,0.0,0.0,0.0,0.0,0.0,57,100.0%,0,0.0%,0,0.0%,2.98,6.0,5.5,Geno Smith,QB,2013
11,12.0,12.0,2013-12-01,NYJ,0,MIA,L 3-23,QB,,,,,,,,,,,,,,,18,32.7%,0,0.0%,0,0.0%,-0.64,0.4,0.4,Geno Smith,QB,2013
12,13.0,13.0,2013-12-08,NYJ,0,OAK,W 37-27,QB,1.0,4.0,11.0,0.0,1.0,8.0,1.0,0.0,3.0,0.0,0.0,1.0,8.0,1.0,58,100.0%,0,0.0%,0,0.0%,21.76,22.8,22.8,Geno Smith,QB,2013
13,14.0,14.0,2013-12-15,NYJ,1,CAR,L 20-30,QB,1.0,4.0,8.0,1.0,0.0,0.0,0.0,1.0,3.0,8.0,1.0,0.0,0.0,0.0,62,100.0%,0,0.0%,0,0.0%,13.08,14.1,14.1,Geno Smith,QB,2013
14,15.0,15.0,2013-12-22,NYJ,0,CLE,W 24-13,QB,4.0,4.0,27.0,2.0,2.0,19.0,1.0,2.0,2.0,11.0,2.0,1.0,2.0,0.0,77,100.0%,0,0.0%,0,0.0%,27.36,27.4,27.4,Geno Smith,QB,2013
15,16.0,16.0,2013-12-29,NYJ,1,MIA,W 20-7,QB,2.0,6.0,8.0,0.0,2.0,12.0,1.0,1.0,3.0,0.0,0.0,2.0,12.0,1.0,72,100.0%,0,0.0%,0,0.0%,18.0,18.0,18.0,Geno Smith,QB,2013
0,1.0,1.0,2013-09-08,GNB,1,SFO,L 28-34,QB,3.0,6.0,25.0,3.0,0.0,0.0,0.0,2.0,4.0,13.0,2.0,0.0,0.0,0.0,62,100.0%,0,0.0%,0,0.0%,24.62,28.6,25.6,Aaron Rodgers,QB,2013
1,2.0,2.0,2013-09-15,GNB,0,WAS,W 38-20,QB,7.0,8.0,58.0,3.0,3.0,-3.0,0.0,3.0,3.0,16.0,1.0,1.0,-1.0,0.0,72,100.0%,0,0.0%,0,0.0%,34.9,37.9,34.9,Aaron Rodgers,QB,2013
2,3.0,3.0,2013-09-22,GNB,1,CIN,L 30-34,QB,4.0,5.0,27.0,1.0,1.0,2.0,0.0,2.0,3.0,14.0,1.0,1.0,2.0,0.0,81,100.0%,0,0.0%,0,0.0%,12.16,14.2,14.2,Aaron Rodgers,QB,2013
3,4.0,4.0,2013-10-06,GNB,0,DET,W 22-9,QB,3.0,5.0,13.0,0.0,0.0,0.0,0.0,1.0,2.0,1.0,0.0,0.0,0.0,0.0,67,100.0%,0,0.0%,0,0.0%,15.76,15.8,15.8,Aaron Rodgers,QB,2013
4,5.0,5.0,2013-10-13,GNB,1,BAL,W 19-17,QB,1.0,2.0,1.0,0.0,2.0,-2.0,0.0,0.0,0.0,0.0,0.0,2.0,-2.0,0.0,68,100.0%,0,0.0%,0,0.0%,16.7,20.7,17.7,Aaron Rodgers,QB,2013
5,6.0,6.0,2013-10-20,GNB,0,CLE,W 31-13,QB,3.0,5.0,15.0,2.0,0.0,0.0,0.0,2.0,4.0,11.0,2.0,0.0,0.0,0.0,71,100.0%,0,0.0%,0,0.0%,23.6,23.6,23.6,Aaron Rodgers,QB,2013
6,7.0,7.0,2013-10-27,GNB,1,MIN,W 44-31,QB,3.0,5.0,13.0,1.0,1.0,3.0,0.0,2.0,4.0,2.0,0.0,1.0,3.0,0.0,76,100.0%,0,0.0%,0,0.0%,22.5,22.5,22.5,Aaron Rodgers,QB,2013
7,8.0,8.0,2013-11-04,GNB,0,CHI,L 20-27,QB,0.0,1.0,0.0,0.0,0.0,0.0,0.0,0.0,1.0,0.0,0.0,0.0,0.0,0.0,7,12.7%,0,0.0%,0,0.0%,1.98,2.0,2.0,Aaron Rodgers,QB,2013
8,9.0,16.0,2013-12-29,GNB,1,CHI,W 33-28,QB,5.0,9.0,28.0,1.0,0.0,0.0,0.0,1.0,4.0,7.0,1.0,0.0,0.0,0.0,78,100.0%,0,0.0%,0,0.0%,17.22,22.2,19.2,Aaron Rodgers,QB,2013
0,1.0,1.0,2013-09-08,JAX,0,KAN,L 2-28,QB,1.0,4.0,5.0,0.0,0.0,0.0,0.0,1.0,4.0,5.0,0.0,0.0,0.0,0.0,6,8.5%,0,0.0%,0,0.0%,1.44,1.4,1.4,Chad Henne,QB,2013
1,2.0,2.0,2013-09-15,JAX,1,OAK,L 9-19,QB,1.0,2.0,13.0,1.0,0.0,0.0,0.0,0.0,1.0,0.0,0.0,0.0,0.0,0.0,67,100.0%,0,0.0%,0,0.0%,14.54,14.5,14.5,Chad Henne,QB,2013
2,3.0,3.0,2013-09-22,JAX,1,SEA,L 17-45,QB,2.0,10.0,16.0,0.0,0.0,0.0,0.0,0.0,1.0,0.0,0.0,0.0,0.0,0.0,66,100.0%,0,0.0%,0,0.0%,5.9,7.9,7.9,Chad Henne,QB,2013
3,4.0,5.0,2013-10-06,JAX,1,STL,L 20-34,QB,1.0,4.0,4.0,1.0,1.0,2.0,0.0,1.0,2.0,4.0,1.0,0.0,0.0,0.0,22,36.7%,0,0.0%,0,0.0%,7.76,7.8,7.8,Chad Henne,QB,2013
4,5.0,6.0,2013-10-13,JAX,1,DEN,L 19-35,QB,2.0,6.0,10.0,0.0,0.0,0.0,0.0,0.0,1.0,0.0,0.0,0.0,0.0,0.0,72,100.0%,0,0.0%,0,0.0%,7.82,12.8,9.8,Chad Henne,QB,2013
5,6.0,7.0,2013-10-20,JAX,0,SDG,L 6-24,QB,1.0,7.0,5.0,0.0,0.0,0.0,0.0,0.0,5.0,0.0,0.0,0.0,0.0,0.0,61,100.0%,0,0.0%,0,0.0%,11.22,15.2,12.2,Chad Henne,QB,2013
6,7.0,8.0,2013-10-27,JAX,0,SFO,L 10-42,QB,4.0,9.0,19.0,0.0,1.0,1.0,0.0,2.0,6.0,-1.0,0.0,1.0,1.0,0.0,73,100.0%,0,0.0%,0,0.0%,13.22,13.2,13.2,Chad Henne,QB,2013
7,8.0,9.0,2013-11-10,JAX,1,TEN,W 29-27,QB,0.0,1.0,0.0,0.0,1.0,0.0,0.0,0.0,0.0,0.0,0.0,0.0,0.0,0.0,60,100.0%,0,0.0%,0,0.0%,3.1,5.1,5.1,Chad Henne,QB,2013
8,9.0,10.0,2013-11-17,JAX,0,ARI,L 14-27,QB,1.0,2.0,2.0,0.0,0.0,0.0,0.0,1.0,2.0,2.0,0.0,0.0,0.0,0.0,61,100.0%,0,0.0%,0,0.0%,10.2,12.2,12.2,Chad Henne,QB,2013
9,10.0,11.0,2013-11-24,JAX,1,HOU,W 13-6,QB,2.0,3.0,9.0,0.0,1.0,0.0,0.0,1.0,2.0,7.0,0.0,1.0,0.0,0.0,68,100.0%,0,0.0%,0,0.0%,9.86,9.9,9.9,Chad Henne,QB,2013
10,11.0,12.0,2013-12-01,JAX,1,CLE,W 32-28,QB,2.0,2.0,21.0,1.0,0.0,0.0,0.0,1.0,1.0,3.0,0.0,0.0,0.0,0.0,75,100.0%,0,0.0%,0,0.0%,13.8,14.8,14.8,Chad Henne,QB,2013
11,12.0,13.0,2013-12-05,JAX,0,HOU,W 27-20,QB,4.0,6.0,18.0,2.0,0.0,0.0,0.0,3.0,4.0,12.0,2.0,0.0,0.0,0.0,64,100.0%,0,0.0%,0,0.0%,15.98,16.0,16.0,Chad Henne,QB,2013
12,13.0,14.0,2013-12-15,JAX,0,BUF,L 20-27,QB,3.0,6.0,41.0,2.0,0.0,0.0,0.0,0.0,2.0,0.0,0.0,0.0,0.0,0.0,75,100.0%,0,0.0%,0,0.0%,15.68,17.7,17.7,Chad Henne,QB,2013
13,14.0,15.0,2013-12-22,JAX,0,TEN,L 16-20,QB,4.0,4.0,27.0,2.0,0.0,0.0,0.0,2.0,2.0,11.0,2.0,0.0,0.0,0.0,58,100.0%,0,0.0%,0,0.0%,15.58,16.6,16.6,Chad Henne,QB,2013
14,15.0,16.0,2013-12-29,JAX,1,IND,L 10-30,QB,1.0,2.0,14.0,1.0,0.0,0.0,0.0,0.0,0.0,0.0,0.0,0.0,0.0,0.0,70,100.0%,0,0.0%,0,0.0%,15.24,19.2,16.2,Chad Henne,QB,2013
0,1.0,1.0,2013-09-08,OAK,1,IND,L 17-21,QB,5.0,6.0,31.0,1.0,0.0,0.0,0.0,1.0,2.0,5.0,1.0,0.0,0.0,0.0,63,100.0%,0,0.0%,0,0.0%,19.88,24.9,21.9,Terrelle Pryor,QB,2013
1,2.0,2.0,2013-09-15,OAK,0,JAX,W 19-9,QB,1.0,2.0,2.0,0.0,1.0,4.0,0.0,0.0,0.0,0.0,0.0,0.0,0.0,0.0,63,100.0%,0,0.0%,0,0.0%,10.04,10.0,10.0,Terrelle Pryor,QB,2013
2,3.0,3.0,2013-09-23,OAK,1,DEN,L 21-37,QB,1.0,3.0,7.0,0.0,1.0,-2.0,0.0,1.0,3.0,7.0,0.0,1.0,-2.0,0.0,50,92.6%,0,0.0%,0,0.0%,18.84,18.8,18.8,Terrelle Pryor,QB,2013
3,4.0,5.0,2013-10-06,OAK,0,SDG,W 27-17,QB,3.0,3.0,15.0,1.0,0.0,0.0,0.0,1.0,1.0,2.0,1.0,0.0,0.0,0.0,58,100.0%,0,0.0%,0,0.0%,19.94,19.9,19.9,Terrelle Pryor,QB,2013
4,5.0,6.0,2013-10-13,OAK,1,KAN,L 7-24,QB,,,,,,,,,,,,,,,74,100.0%,0,0.0%,0,0.0%,12.24,15.2,15.2,Terrelle Pryor,QB,2013
5,6.0,7.0,2013-10-27,OAK,0,PIT,W 21-18,QB,0.0,0.0,0.0,0.0,1.0,6.0,0.0,0.0,0.0,0.0,0.0,0.0,0.0,0.0,59,100.0%,0,0.0%,0,0.0%,16.12,21.1,18.1,Terrelle Pryor,QB,2013
6,7.0,8.0,2013-11-03,OAK,0,PHI,L 20-49,QB,0.0,2.0,0.0,0.0,1.0,3.0,0.0,0.0,2.0,0.0,0.0,1.0,3.0,0.0,75,78.9%,0,0.0%,0,0.0%,16.92,18.9,18.9,Terrelle Pryor,QB,2013
7,8.0,9.0,2013-11-10,OAK,1,NYG,L 20-24,QB,0.0,3.0,0.0,0.0,1.0,1.0,1.0,0.0,2.0,0.0,0.0,1.0,1.0,1.0,57,100.0%,0,0.0%,0,0.0%,8.78,10.8,9.8,Terrelle Pryor,QB,2013
8,9.0,13.0,2013-12-08,OAK,1,NYJ,L 27-37,QB,0.0,1.0,0.0,0.0,1.0,-8.0,0.0,0.0,0.0,0.0,0.0,0.0,0.0,0.0,14,20.3%,0,0.0%,0,0.0%,1.2,1.2,1.2,Terrelle Pryor,QB,2013
9,10.0,14.0,2013-12-15,OAK,0,KAN,L 31-56,QB,,,,,,,,,,,,,,,14,17.7%,0,0.0%,0,0.0%,0.38,1.4,1.4,Terrelle Pryor,QB,2013
10,11.0,16.0,2013-12-29,OAK,0,DEN,L 14-34,QB,2.0,3.0,23.0,2.0,0.0,0.0,0.0,1.0,2.0,9.0,1.0,0.0,0.0,0.0,61,100.0%,0,0.0%,0,0.0%,19.18,20.2,19.2,Terrelle Pryor,QB,2013
0,1.0,7.0,2013-10-20,CHI,1,WAS,L 41-45,QB,1.0,2.0,7.0,1.0,1.0,10.0,0.0,1.0,1.0,7.0,1.0,0.0,0.0,0.0,41,74.5%,0,0.0%,0,0.0%,15.46,15.5,15.5,Josh McCown,QB,2013
1,2.0,8.0,2013-11-04,CHI,1,GNB,W 27-20,QB,1.0,3.0,6.0,1.0,0.0,0.0,0.0,1.0,3.0,6.0,1.0,0.0,0.0,0.0,77,100.0%,0,0.0%,0,0.0%,20.88,20.9,20.9,Josh McCown,QB,2013
2,3.0,9.0,2013-11-10,CHI,0,DET,L 19-21,QB,2.0,3.0,15.0,1.0,0.0,0.0,0.0,0.0,0.0,0.0,0.0,0.0,0.0,0.0,12,16.0%,0,0.0%,0,0.0%,6.48,6.5,6.5,Josh McCown,QB,2013
3,4.0,10.0,2013-11-17,CHI,0,BAL,W 23-20,QB,1.0,5.0,14.0,1.0,0.0,0.0,0.0,0.0,4.0,0.0,0.0,0.0,0.0,0.0,62,100.0%,0,0.0%,0,0.0%,12.54,12.5,12.5,Josh McCown,QB,2013
4,5.0,11.0,2013-11-24,CHI,1,STL,L 21-42,QB,5.0,7.0,32.0,2.0,1.0,3.0,0.0,3.0,5.0,10.0,2.0,1.0,3.0,0.0,79,100.0%,0,0.0%,0,0.0%,18.48,23.5,19.5,Josh McCown,QB,2013
5,6.0,12.0,2013-12-01,CHI,1,MIN,L 20-23,QB,0.0,1.0,0.0,0.0,0.0,0.0,0.0,0.0,0.0,0.0,0.0,0.0,0.0,0.0,67,100.0%,0,0.0%,0,0.0%,22.2,25.2,22.2,Josh McCown,QB,2013
6,7.0,13.0,2013-12-09,CHI,0,DAL,W 45-28,QB,5.0,10.0,44.0,3.0,1.0,7.0,1.0,2.0,3.0,8.0,2.0,1.0,7.0,1.0,72,100.0%,0,0.0%,0,0.0%,39.52,42.5,39.5,Josh McCown,QB,2013
7,8.0,15.0,2013-12-22,CHI,1,PHI,L 11-54,QB,,,,,,,,,,,,,,,12,18.5%,0,0.0%,0,0.0%,0.5,0.5,0.5,Josh McCown,QB,2013
0,1.0,1.0,2013-09-08,BUF,0,NWE,L 21-23,QB,2.0,2.0,36.0,2.0,0.0,0.0,0.0,0.0,0.0,0.0,0.0,0.0,0.0,0.0,63,100.0%,0,0.0%,0,0.0%,16.3,16.3,16.3,EJ Manuel,QB,2013
1,2.0,2.0,2013-09-15,BUF,0,CAR,W 24-23,QB,2.0,4.0,9.0,1.0,2.0,11.0,0.0,1.0,3.0,2.0,1.0,1.0,2.0,0.0,75,100.0%,0,0.0%,0,0.0%,15.14,17.1,16.1,EJ Manuel,QB,2013
2,3.0,3.0,2013-09-22,BUF,1,NYJ,L 20-27,QB,0.0,2.0,0.0,0.0,2.0,6.0,0.0,0.0,1.0,0.0,0.0,1.0,1.0,0.0,86,100.0%,0,0.0%,0,0.0%,19.72,19.7,19.7,EJ Manuel,QB,2013
3,4.0,4.0,2013-09-29,BUF,0,BAL,W 23-20,QB,0.0,2.0,0.0,0.0,1.0,5.0,0.0,0.0,2.0,0.0,0.0,0.0,0.0,0.0,84,100.0%,0,0.0%,0,0.0%,4.78,7.8,6.8,EJ Manuel,QB,2013
4,5.0,5.0,2013-10-03,BUF,1,CLE,L 24-37,QB,,,,,,,,,,,,,,,46,59.7%,0,0.0%,0,0.0%,6.56,6.6,6.6,EJ Manuel,QB,2013
5,6.0,10.0,2013-11-10,BUF,1,PIT,L 10-23,QB,3.0,6.0,13.0,1.0,1.0,8.0,0.0,2.0,5.0,4.0,1.0,0.0,0.0,0.0,67,100.0%,0,0.0%,0,0.0%,9.9,10.9,10.9,EJ Manuel,QB,2013
6,7.0,11.0,2013-11-17,BUF,0,NYJ,W 37-14,QB,,,,,,,,,,,,,,,67,100.0%,0,0.0%,0,0.0%,18.7,18.7,18.7,EJ Manuel,QB,2013
7,8.0,12.0,2013-12-01,BUF,0,ATL,L 31-34,QB,1.0,3.0,5.0,0.0,3.0,3.0,1.0,0.0,0.0,0.0,0.0,2.0,2.0,1.0,63,98.4%,0,0.0%,0,0.0%,18.7,18.7,18.7,EJ Manuel,QB,2013
8,9.0,13.0,2013-12-08,BUF,1,TAM,L 6-27,QB,,,,,,,,,,,,,,,67,100.0%,0,0.0%,0,0.0%,2.26,6.3,6.3,EJ Manuel,QB,2013
9,10.0,14.0,2013-12-15,BUF,1,JAX,W 27-20,QB,2.0,2.0,8.0,2.0,2.0,15.0,1.0,2.0,2.0,8.0,2.0,1.0,8.0,1.0,76,100.0%,0,0.0%,0,0.0%,21.42,23.4,22.4,EJ Manuel,QB,2013
0,1.0,1.0,2013-09-08,STL,0,ARI,W 27-24,QB,3.0,6.0,30.0,2.0,0.0,0.0,0.0,1.0,3.0,1.0,1.0,0.0,0.0,0.0,67,100.0%,0,0.0%,0,0.0%,20.06,21.1,21.1,Sam Bradford,QB,2013
1,2.0,2.0,2013-09-15,STL,1,ATL,L 24-31,QB,4.0,11.0,30.0,3.0,1.0,3.0,0.0,3.0,6.0,19.0,3.0,1.0,3.0,0.0,77,100.0%,0,0.0%,0,0.0%,26.58,30.6,27.6,Sam Bradford,QB,2013
2,3.0,3.0,2013-09-22,STL,1,DAL,L 7-31,QB,2.0,5.0,10.0,1.0,0.0,0.0,0.0,1.0,4.0,4.0,1.0,0.0,0.0,0.0,70,100.0%,0,0.0%,0,0.0%,13.6,13.6,13.6,Sam Bradford,QB,2013
3,4.0,4.0,2013-09-26,STL,0,SFO,L 11-35,QB,2.0,3.0,11.0,1.0,0.0,0.0,0.0,1.0,1.0,6.0,1.0,0.0,0.0,0.0,67,100.0%,0,0.0%,0,0.0%,7.68,9.7,8.7,Sam Bradford,QB,2013
4,5.0,5.0,2013-10-06,STL,0,JAX,W 34-20,QB,2.0,7.0,20.0,2.0,3.0,-3.0,0.0,1.0,3.0,4.0,1.0,3.0,-3.0,0.0,73,100.0%,0,0.0%,0,0.0%,21.28,21.3,21.3,Sam Bradford,QB,2013
5,6.0,6.0,2013-10-13,STL,1,HOU,W 38-13,QB,3.0,3.0,8.0,3.0,0.0,0.0,0.0,3.0,3.0,8.0,3.0,0.0,0.0,0.0,42,100.0%,0,0.0%,0,0.0%,17.08,17.1,17.1,Sam Bradford,QB,2013
6,7.0,7.0,2013-10-20,STL,1,CAR,L 15-30,QB,2.0,5.0,7.0,1.0,0.0,0.0,0.0,1.0,4.0,4.0,1.0,0.0,0.0,0.0,55,90.2%,0,0.0%,0,0.0%,12.3,13.3,13.3,Sam Bradford,QB,2013
0,1.0,2.0,2013-09-15,CLE,1,BAL,L 6-14,QB,,,,,,,,,,,,,,,5,7.9%,0,0.0%,0,0.0%,0.24,0.2,0.2,Jason Campbell,QB,2013
1,2.0,8.0,2013-10-27,CLE,1,KAN,L 17-23,QB,1.0,1.0,17.0,1.0,0.0,0.0,0.0,0.0,0.0,0.0,0.0,0.0,0.0,0.0,54,100.0%,0,0.0%,0,0.0%,21.42,21.4,21.4,Jason Campbell,QB,2013
2,3.0,9.0,2013-11-03,CLE,0,BAL,W 24-18,QB,3.0,4.0,9.0,2.0,0.0,0.0,0.0,3.0,4.0,9.0,2.0,0.0,0.0,0.0,66,94.3%,0,0.0%,0,0.0%,24.48,24.5,24.5,Jason Campbell,QB,2013
3,4.0,10.0,2013-11-17,CLE,1,CIN,L 20-41,QB,2.0,11.0,7.0,0.0,0.0,0.0,0.0,1.0,8.0,3.0,0.0,0.0,0.0,0.0,80,100.0%,0,0.0%,0,0.0%,7.92,10.9,10.9,Jason Campbell,QB,2013
4,5.0,11.0,2013-11-24,CLE,0,PIT,L 11-27,QB,,,,,,,,,,,,,,,35,47.3%,0,0.0%,0,0.0%,2.86,3.9,2.9,Jason Campbell,QB,2013
5,6.0,13.0,2013-12-08,CLE,1,NWE,L 26-27,QB,1.0,3.0,4.0,1.0,0.0,0.0,0.0,1.0,1.0,4.0,1.0,0.0,0.0,0.0,73,100.0%,0,0.0%,0,0.0%,30.34,33.3,30.3,Jason Campbell,QB,2013
6,7.0,14.0,2013-12-15,CLE,0,CHI,L 31-38,QB,0.0,1.0,0.0,0.0,0.0,0.0,0.0,0.0,0.0,0.0,0.0,0.0,0.0,0.0,58,100.0%,0,0.0%,0,0.0%,12.62,14.6,14.6,Jason Campbell,QB,2013
7,8.0,15.0,2013-12-22,CLE,1,NYJ,L 13-24,QB,4.0,11.0,24.0,0.0,1.0,7.0,0.0,1.0,7.0,4.0,0.0,0.0,0.0,0.0,65,100.0%,0,0.0%,0,0.0%,5.22,7.2,7.2,Jason Campbell,QB,2013
8,9.0,16.0,2013-12-29,CLE,1,PIT,L 7-20,QB,0.0,1.0,0.0,0.0,0.0,0.0,0.0,0.0,0.0,0.0,0.0,0.0,0.0,0.0,66,100.0%,0,0.0%,0,0.0%,10.2,12.2,11.2,Jason Campbell,QB,2013
0,1.0,4.0,2013-09-29,MIN,0,PIT,W 34-27,QB,1.0,1.0,16.0,1.0,0.0,0.0,0.0,0.0,0.0,0.0,0.0,0.0,0.0,0.0,52,100.0%,0,0.0%,0,0.0%,18.42,18.4,18.4,Matt Cassel,QB,2013
1,2.0,5.0,2013-10-13,MIN,0,CAR,L 10-35,QB,1.0,2.0,0.0,0.0,0.0,0.0,0.0,1.0,2.0,0.0,0.0,0.0,0.0,0.0,62,100.0%,0,0.0%,0,0.0%,10.34,12.3,12.3,Matt Cassel,QB,2013
2,3.0,9.0,2013-11-07,MIN,0,WAS,W 34-27,QB,,,,,,,,,,,,,,,17,32.7%,0,0.0%,0,0.0%,1.78,1.8,1.8,Matt Cassel,QB,2013
3,4.0,10.0,2013-11-17,MIN,1,SEA,L 20-41,QB,0.0,3.0,0.0,0.0,0.0,0.0,0.0,0.0,3.0,0.0,0.0,0.0,0.0,0.0,18,24.3%,0,0.0%,0,0.0%,5.12,6.1,6.1,Matt Cassel,QB,2013
4,5.0,12.0,2013-12-01,MIN,0,CHI,W 23-20,QB,3.0,10.0,14.0,1.0,0.0,0.0,0.0,1.0,3.0,8.0,1.0,0.0,0.0,0.0,62,71.3%,0,0.0%,0,0.0%,11.72,12.7,12.7,Matt Cassel,QB,2013
5,6.0,13.0,2013-12-08,MIN,1,BAL,L 26-29,QB,1.0,1.0,8.0,1.0,0.0,0.0,0.0,1.0,1.0,8.0,1.0,0.0,0.0,0.0,66,100.0%,0,0.0%,0,0.0%,19.2,19.2,19.2,Matt Cassel,QB,2013
6,7.0,14.0,2013-12-15,MIN,0,PHI,W 48-30,QB,5.0,9.0,23.0,1.0,1.0,6.0,1.0,2.0,5.0,7.0,1.0,1.0,6.0,1.0,75,100.0%,0,0.0%,0,0.0%,29.18,33.2,30.2,Matt Cassel,QB,2013
7,8.0,15.0,2013-12-22,MIN,1,CIN,L 14-42,QB,,,,,,,,,,,,,,,49,100.0%,0,0.0%,0,0.0%,2.16,6.2,5.2,Matt Cassel,QB,2013
8,9.0,16.0,2013-12-29,MIN,0,DET,W 14-13,QB,2.0,6.0,21.0,1.0,3.0,-2.0,0.0,1.0,5.0,8.0,1.0,0.0,0.0,0.0,58,100.0%,0,0.0%,0,0.0%,10.06,11.1,11.1,Matt Cassel,QB,2013
0,1.0,1.0,2013-09-08,MIN,1,DET,L 24-34,QB,2.0,2.0,14.0,1.0,0.0,0.0,0.0,1.0,1.0,4.0,1.0,0.0,0.0,0.0,55,100.0%,0,0.0%,0,0.0%,6.64,10.6,9.6,Christian Ponder,QB,2013
1,2.0,2.0,2013-09-15,MIN,1,CHI,L 30-31,QB,0.0,4.0,0.0,0.0,1.0,1.0,0.0,0.0,3.0,0.0,0.0,0.0,0.0,0.0,64,100.0%,0,0.0%,0,0.0%,12.88,13.9,13.9,Christian Ponder,QB,2013
2,3.0,3.0,2013-09-22,MIN,0,CLE,L 27-31,QB,4.0,8.0,24.0,0.0,2.0,14.0,2.0,1.0,3.0,3.0,0.0,2.0,14.0,2.0,79,100.0%,0,0.0%,0,0.0%,21.72,23.7,22.7,Christian Ponder,QB,2013
3,4.0,7.0,2013-10-27,MIN,0,GNB,L 31-44,QB,1.0,2.0,6.0,0.0,1.0,19.0,1.0,0.0,0.0,0.0,0.0,0.0,0.0,0.0,47,100.0%,0,0.0%,0,0.0%,15.6,15.6,15.6,Christian Ponder,QB,2013
4,5.0,8.0,2013-11-03,MIN,1,DAL,L 23-27,QB,1.0,3.0,7.0,0.0,2.0,9.0,1.0,0.0,1.0,0.0,0.0,1.0,6.0,1.0,70,100.0%,0,0.0%,0,0.0%,18.34,20.3,19.3,Christian Ponder,QB,2013
5,6.0,9.0,2013-11-07,MIN,0,WAS,W 34-27,QB,3.0,3.0,2.0,1.0,1.0,14.0,0.0,1.0,1.0,2.0,1.0,0.0,0.0,0.0,35,67.3%,0,0.0%,0,0.0%,14.26,15.3,15.3,Christian Ponder,QB,2013
6,7.0,10.0,2013-11-17,MIN,1,SEA,L 20-41,QB,0.0,1.0,0.0,0.0,1.0,4.0,0.0,0.0,0.0,0.0,0.0,0.0,0.0,0.0,56,75.7%,0,0.0%,0,0.0%,3.16,6.2,5.2,Christian Ponder,QB,2013
7,8.0,11.0,2013-11-24,MIN,1,GNB,T 26-26,QB,3.0,4.0,23.0,1.0,0.0,0.0,0.0,0.0,0.0,0.0,0.0,0.0,0.0,0.0,80,100.0%,0,0.0%,0,0.0%,12.82,12.8,12.8,Christian Ponder,QB,2013
8,9.0,12.0,2013-12-01,MIN,0,CHI,W 23-20,QB,,,,,,,,,,,,,,,25,28.7%,0,0.0%,0,0.0%,1.6,1.6,1.6,Christian Ponder,QB,2013
0,1.0,7.0,2013-10-20,HOU,1,KAN,L 16-17,QB,0.0,1.0,0.0,0.0,1.0,0.0,0.0,0.0,1.0,0.0,0.0,1.0,0.0,0.0,56,100.0%,0,0.0%,0,0.0%,13.84,14.8,13.8,Case Keenum,QB,2013
1,2.0,8.0,2013-11-03,HOU,0,IND,L 24-27,QB,1.0,1.0,5.0,1.0,0.0,0.0,0.0,1.0,1.0,5.0,1.0,0.0,0.0,0.0,68,100.0%,0,0.0%,0,0.0%,28.6,31.6,28.6,Case Keenum,QB,2013
2,3.0,9.0,2013-11-10,HOU,1,ARI,L 24-27,QB,4.0,6.0,20.0,3.0,0.0,0.0,0.0,3.0,5.0,14.0,3.0,0.0,0.0,0.0,68,100.0%,0,0.0%,0,0.0%,19.34,20.3,19.3,Case Keenum,QB,2013
3,4.0,10.0,2013-11-17,HOU,0,OAK,L 23-28,QB,,,,,,,,,,,,,,,39,53.4%,0,0.0%,0,0.0%,8.8,9.8,9.8,Case Keenum,QB,2013
4,5.0,11.0,2013-11-24,HOU,0,JAX,L 6-13,QB,0.0,1.0,0.0,0.0,0.0,0.0,0.0,0.0,1.0,0.0,0.0,0.0,0.0,0.0,57,100.0%,0,0.0%,0,0.0%,4.96,6.0,6.0,Case Keenum,QB,2013
5,6.0,12.0,2013-12-01,HOU,0,NWE,L 31-34,QB,0.0,1.0,0.0,0.0,2.0,7.0,1.0,0.0,1.0,0.0,0.0,1.0,5.0,1.0,60,100.0%,0,0.0%,0,0.0%,15.48,16.5,16.5,Case Keenum,QB,2013
6,7.0,13.0,2013-12-05,HOU,1,JAX,L 20-27,QB,1.0,4.0,8.0,1.0,0.0,0.0,0.0,1.0,2.0,8.0,1.0,0.0,0.0,0.0,48,57.8%,0,0.0%,0,0.0%,9.66,10.7,10.7,Case Keenum,QB,2013
7,8.0,14.0,2013-12-15,HOU,1,IND,L 3-25,QB,,,,,,,,,,,,,,,65,100.0%,0,0.0%,0,0.0%,2.92,4.9,4.9,Case Keenum,QB,2013
0,1.0,1.0,2013-09-09,PHI,1,WAS,W 33-27,QB,0.0,1.0,0.0,0.0,2.0,-3.0,1.0,0.0,0.0,0.0,0.0,2.0,-3.0,1.0,80,100.0%,0,0.0%,0,0.0%,25.52,26.5,25.5,Michael Vick,QB,2013
1,2.0,2.0,2013-09-15,PHI,0,SDG,L 30-33,QB,2.0,6.0,21.0,1.0,2.0,6.0,1.0,1.0,3.0,8.0,0.0,1.0,2.0,1.0,58,98.3%,0,0.0%,0,0.0%,34.32,37.3,34.3,Michael Vick,QB,2013
2,3.0,3.0,2013-09-19,PHI,0,KAN,L 16-26,QB,0.0,3.0,0.0,0.0,0.0,0.0,0.0,0.0,0.0,0.0,0.0,0.0,0.0,0.0,65,100.0%,0,0.0%,0,0.0%,15.94,18.9,17.9,Michael Vick,QB,2013
3,4.0,4.0,2013-09-29,PHI,1,DEN,L 20-52,QB,1.0,5.0,10.0,0.0,1.0,1.0,0.0,0.0,1.0,0.0,0.0,0.0,0.0,0.0,64,90.1%,0,0.0%,0,0.0%,14.02,14.0,14.0,Michael Vick,QB,2013
4,5.0,5.0,2013-10-06,PHI,1,NYG,W 36-21,QB,2.0,4.0,7.0,0.0,1.0,14.0,0.0,0.0,1.0,0.0,0.0,0.0,0.0,0.0,38,46.9%,0,0.0%,0,0.0%,12.1,12.1,12.1,Michael Vick,QB,2013
5,6.0,8.0,2013-10-27,PHI,0,NYG,L 7-15,QB,,,,,,,,,,,,,,,17,27.9%,0,0.0%,0,0.0%,-0.7,0.3,0.3,Michael Vick,QB,2013
6,7.0,15.0,2013-12-22,PHI,0,CHI,W 54-11,QB,,,,,,,,,,,,,,,3,4.7%,0,0.0%,0,0.0%,,-0.2,-0.2,Michael Vick,QB,2013
0,1.0,1.0,2013-09-08,TEN,1,PIT,W 16-9,QB,1.0,1.0,4.0,0.0,0.0,0.0,0.0,0.0,0.0,0.0,0.0,0.0,0.0,0.0,67,100.0%,0,0.0%,0,0.0%,5.3,5.3,5.3,Jake Locker,QB,2013
1,2.0,2.0,2013-09-15,TEN,1,HOU,L 24-30,QB,2.0,3.0,16.0,2.0,0.0,0.0,0.0,2.0,3.0,16.0,2.0,0.0,0.0,0.0,70,100.0%,0,0.0%,0,0.0%,14.92,14.9,14.9,Jake Locker,QB,2013
2,3.0,3.0,2013-09-22,TEN,0,SDG,W 20-17,QB,1.0,3.0,0.0,0.0,2.0,17.0,1.0,1.0,1.0,0.0,0.0,1.0,7.0,1.0,69,100.0%,0,0.0%,0,0.0%,28.76,28.8,28.8,Jake Locker,QB,2013
3,4.0,4.0,2013-09-29,TEN,0,NYJ,W 38-13,QB,4.0,5.0,26.0,3.0,0.0,0.0,0.0,2.0,3.0,5.0,2.0,0.0,0.0,0.0,44,65.7%,0,0.0%,0,0.0%,19.66,19.7,19.7,Jake Locker,QB,2013
4,5.0,7.0,2013-10-20,TEN,0,SFO,L 17-31,QB,1.0,3.0,6.0,0.0,0.0,0.0,0.0,1.0,2.0,6.0,0.0,0.0,0.0,0.0,60,100.0%,0,0.0%,0,0.0%,21.94,25.9,22.9,Jake Locker,QB,2013
5,6.0,8.0,2013-11-03,TEN,1,STL,W 28-21,QB,0.0,0.0,0.0,0.0,1.0,5.0,1.0,0.0,0.0,0.0,0.0,1.0,5.0,1.0,62,100.0%,0,0.0%,0,0.0%,10.4,12.4,12.4,Jake Locker,QB,2013
6,7.0,9.0,2013-11-10,TEN,0,JAX,L 27-29,QB,0.0,0.0,0.0,0.0,1.0,0.0,0.0,0.0,0.0,0.0,0.0,0.0,0.0,0.0,23,31.5%,0,0.0%,0,0.0%,-1.24,0.8,-0.2,Jake Locker,QB,2013
0,1.0,1.0,2013-09-08,CLE,0,MIA,L 10-23,QB,2.0,7.0,18.0,1.0,0.0,0.0,0.0,1.0,2.0,7.0,1.0,0.0,0.0,0.0,77,100.0%,0,0.0%,0,0.0%,9.56,12.6,12.6,Brandon Weeden,QB,2013
1,2.0,2.0,2013-09-15,CLE,1,BAL,L 6-14,QB,0.0,1.0,0.0,0.0,0.0,0.0,0.0,0.0,1.0,0.0,0.0,0.0,0.0,0.0,58,92.1%,0,0.0%,0,0.0%,9.78,9.8,9.8,Brandon Weeden,QB,2013
2,3.0,5.0,2013-10-03,CLE,0,BUF,W 37-24,QB,1.0,2.0,3.0,0.0,1.0,2.0,0.0,0.0,1.0,0.0,0.0,1.0,2.0,0.0,61,89.7%,0,0.0%,0,0.0%,11.88,11.9,11.9,Brandon Weeden,QB,2013
3,4.0,6.0,2013-10-13,CLE,0,DET,L 17-31,QB,5.0,6.0,24.0,2.0,0.0,0.0,0.0,3.0,3.0,7.0,2.0,0.0,0.0,0.0,68,100.0%,0,0.0%,0,0.0%,16.68,18.7,18.7,Brandon Weeden,QB,2013
4,5.0,7.0,2013-10-20,CLE,1,GNB,L 13-31,QB,1.0,7.0,2.0,1.0,0.0,0.0,0.0,1.0,7.0,2.0,1.0,0.0,0.0,0.0,70,100.0%,0,0.0%,0,0.0%,9.96,11.0,11.0,Brandon Weeden,QB,2013
5,6.0,9.0,2013-11-03,CLE,0,BAL,W 24-18,QB,,,,,,,,,,,,,,,4,5.7%,0,0.0%,0,0.0%,,-0.1,-0.1,Brandon Weeden,QB,2013
6,7.0,11.0,2013-11-24,CLE,0,PIT,L 11-27,QB,2.0,3.0,17.0,1.0,0.0,0.0,0.0,1.0,2.0,1.0,1.0,0.0,0.0,0.0,39,52.7%,0,0.0%,0,0.0%,10.56,12.6,11.6,Brandon Weeden,QB,2013
7,8.0,12.0,2013-12-01,CLE,0,JAX,L 28-32,QB,2.0,2.0,13.0,1.0,0.0,0.0,0.0,1.0,1.0,4.0,1.0,0.0,0.0,0.0,75,100.0%,0,0.0%,0,0.0%,21.3,27.3,23.3,Brandon Weeden,QB,2013
0,1.0,7.0,2013-10-20,STL,1,CAR,L 15-30,QB,,,,,,,,,,,,,,,6,9.8%,0,0.0%,0,0.0%,-1.24,-0.2,-1.2,Kellen Clemens,QB,2013
1,2.0,8.0,2013-10-28,STL,0,SEA,L 9-14,QB,2.0,7.0,2.0,0.0,0.0,0.0,0.0,0.0,3.0,0.0,0.0,0.0,0.0,0.0,76,100.0%,0,0.0%,0,0.0%,3.42,5.4,5.4,Kellen Clemens,QB,2013
2,3.0,9.0,2013-11-03,STL,0,TEN,L 21-28,QB,2.0,3.0,22.0,1.0,0.0,0.0,0.0,1.0,2.0,10.0,1.0,0.0,0.0,0.0,70,100.0%,0,0.0%,0,0.0%,12.0,13.0,12.0,Kellen Clemens,QB,2013
3,4.0,10.0,2013-11-10,STL,1,IND,W 38-8,QB,0.0,1.0,0.0,0.0,1.0,0.0,0.0,0.0,1.0,0.0,0.0,1.0,0.0,0.0,55,100.0%,0,0.0%,0,0.0%,16.08,17.1,16.1,Kellen Clemens,QB,2013
4,5.0,11.0,2013-11-24,STL,0,CHI,W 42-21,QB,2.0,7.0,9.0,1.0,0.0,0.0,0.0,1.0,3.0,6.0,1.0,0.0,0.0,0.0,56,100.0%,0,0.0%,0,0.0%,12.38,12.4,12.4,Kellen Clemens,QB,2013
5,6.0,12.0,2013-12-01,STL,1,SFO,L 13-23,QB,3.0,6.0,8.0,1.0,1.0,3.0,0.0,2.0,3.0,9.0,1.0,0.0,0.0,0.0,69,100.0%,0,0.0%,0,0.0%,12.82,13.8,13.8,Kellen Clemens,QB,2013
6,7.0,13.0,2013-12-08,STL,1,ARI,L 10-30,QB,,,,,,,,,,,,,,,54,100.0%,0,0.0%,0,0.0%,4.24,6.2,6.2,Kellen Clemens,QB,2013
7,8.0,14.0,2013-12-15,STL,0,NOR,W 27-16,QB,3.0,3.0,11.0,1.0,0.0,0.0,0.0,1.0,1.0,4.0,1.0,0.0,0.0,0.0,54,100.0%,0,0.0%,0,0.0%,14.82,14.8,14.8,Kellen Clemens,QB,2013
8,9.0,15.0,2013-12-22,STL,0,TAM,W 23-13,QB,2.0,3.0,18.0,0.0,2.0,-6.0,0.0,0.0,1.0,0.0,0.0,1.0,-2.0,0.0,61,100.0%,0,0.0%,0,0.0%,4.32,5.3,4.3,Kellen Clemens,QB,2013
9,10.0,16.0,2013-12-29,STL,1,SEA,L 9-27,QB,2.0,4.0,6.0,1.0,0.0,0.0,0.0,2.0,2.0,6.0,1.0,0.0,0.0,0.0,53,100.0%,0,0.0%,0,0.0%,6.48,8.5,8.5,Kellen Clemens,QB,2013
0,1.0,8.0,2013-11-03,OAK,0,PHI,L 20-49,QB,0.0,5.0,0.0,0.0,0.0,0.0,0.0,0.0,5.0,0.0,0.0,0.0,0.0,0.0,20,21.1%,0,0.0%,0,0.0%,3.48,3.5,3.5,Matt McGloin,QB,2013
1,2.0,10.0,2013-11-17,OAK,1,HOU,W 28-23,QB,2.0,2.0,21.0,2.0,0.0,0.0,0.0,1.0,1.0,5.0,1.0,0.0,0.0,0.0,67,100.0%,0,0.0%,0,0.0%,19.58,19.6,19.6,Matt McGloin,QB,2013
2,3.0,11.0,2013-11-24,OAK,0,TEN,L 19-23,QB,0.0,1.0,0.0,0.0,0.0,0.0,0.0,0.0,1.0,0.0,0.0,0.0,0.0,0.0,57,100.0%,0,0.0%,0,0.0%,13.0,14.0,14.0,Matt McGloin,QB,2013
3,4.0,12.0,2013-11-28,OAK,1,DAL,L 24-31,QB,2.0,2.0,22.0,0.0,0.0,0.0,0.0,1.0,1.0,7.0,0.0,0.0,0.0,0.0,56,100.0%,0,0.0%,0,0.0%,8.1,9.1,9.1,Matt McGloin,QB,2013
4,5.0,13.0,2013-12-08,OAK,1,NYJ,L 27-37,QB,2.0,5.0,15.0,1.0,0.0,0.0,0.0,1.0,2.0,1.0,1.0,0.0,0.0,0.0,55,79.7%,0,0.0%,0,0.0%,17.8,18.8,18.8,Matt McGloin,QB,2013
5,6.0,14.0,2013-12-15,OAK,0,KAN,L 31-56,QB,2.0,5.0,20.0,2.0,0.0,0.0,0.0,1.0,2.0,6.0,1.0,0.0,0.0,0.0,65,82.3%,0,0.0%,0,0.0%,9.88,14.9,13.9,Matt McGloin,QB,2013
6,7.0,15.0,2013-12-22,OAK,1,SDG,L 13-26,QB,4.0,7.0,24.0,0.0,1.0,5.0,0.0,2.0,5.0,4.0,0.0,0.0,0.0,0.0,58,100.0%,0,0.0%,0,0.0%,6.74,7.7,7.7,Matt McGloin,QB,2013
0,1.0,3.0,2013-09-23,OAK,1,DEN,L 21-37,QB,,,,,,,,,,,,,,,4,7.4%,0,0.0%,0,0.0%,0.76,0.8,0.8,Matt Flynn,QB,2013
1,2.0,4.0,2013-09-29,OAK,0,WAS,L 14-24,QB,1.0,3.0,18.0,1.0,1.0,0.0,0.0,0.0,0.0,0.0,0.0,0.0,0.0,0.0,66,100.0%,0,0.0%,0,0.0%,7.48,10.5,8.5,Matt Flynn,QB,2013
2,3.0,11.0,2013-11-24,GNB,0,MIN,T 26-26,QB,3.0,7.0,13.0,1.0,1.0,9.0,0.0,2.0,3.0,10.0,1.0,0.0,0.0,0.0,59,62.8%,0,0.0%,0,0.0%,15.12,15.1,15.1,Matt Flynn,QB,2013
3,4.0,12.0,2013-11-28,GNB,1,DET,L 10-40,QB,0.0,0.0,0.0,0.0,1.0,0.0,0.0,0.0,0.0,0.0,0.0,1.0,0.0,0.0,43,100.0%,0,0.0%,0,0.0%,-0.04,3.0,1.0,Matt Flynn,QB,2013
4,5.0,13.0,2013-12-08,GNB,0,ATL,W 22-21,QB,4.0,5.0,11.0,1.0,0.0,0.0,0.0,3.0,4.0,11.0,1.0,0.0,0.0,0.0,71,100.0%,0,0.0%,0,0.0%,13.12,15.1,14.1,Matt Flynn,QB,2013
5,6.0,14.0,2013-12-15,GNB,1,DAL,W 37-36,QB,7.0,9.0,52.0,4.0,0.0,0.0,0.0,3.0,5.0,10.0,2.0,0.0,0.0,0.0,73,100.0%,0,0.0%,0,0.0%,25.66,26.7,26.7,Matt Flynn,QB,2013
6,7.0,15.0,2013-12-22,GNB,0,PIT,L 31-38,QB,1.0,5.0,5.0,1.0,0.0,0.0,0.0,1.0,5.0,5.0,1.0,0.0,0.0,0.0,78,100.0%,0,0.0%,0,0.0%,10.08,12.1,11.1,Matt Flynn,QB,2013
0,1.0,6.0,2013-10-13,BUF,0,CIN,L 24-27,QB,1.0,1.0,5.0,0.0,1.0,3.0,1.0,1.0,1.0,5.0,0.0,1.0,3.0,1.0,69,100.0%,0,0.0%,0,0.0%,22.34,23.3,22.3,Thaddeus Lewis,QB,2013
1,2.0,7.0,2013-10-20,BUF,1,MIA,W 23-21,QB,1.0,3.0,6.0,0.0,2.0,6.0,0.0,0.0,1.0,0.0,0.0,1.0,2.0,0.0,67,100.0%,0,0.0%,0,0.0%,7.38,8.4,8.4,Thaddeus Lewis,QB,2013
2,3.0,8.0,2013-10-27,BUF,1,NOR,L 17-35,QB,2.0,3.0,16.0,1.0,1.0,2.0,0.0,0.0,0.0,0.0,0.0,1.0,2.0,0.0,71,100.0%,0,0.0%,0,0.0%,7.86,10.9,8.9,Thaddeus Lewis,QB,2013
3,4.0,12.0,2013-12-01,BUF,0,ATL,L 31-34,QB,,,,,,,,,,,,,,,1,1.6%,0,0.0%,0,0.0%,,,,Thaddeus Lewis,QB,2013
4,5.0,15.0,2013-12-22,BUF,0,MIA,W 19-0,QB,1.0,2.0,7.0,0.0,0.0,0.0,0.0,0.0,1.0,0.0,0.0,0.0,0.0,0.0,79,100.0%,0,0.0%,0,0.0%,7.02,8.0,8.0,Thaddeus Lewis,QB,2013
5,6.0,16.0,2013-12-29,BUF,1,NWE,L 20-34,QB,1.0,2.0,12.0,1.0,0.0,0.0,0.0,0.0,0.0,0.0,0.0,0.0,0.0,0.0,69,100.0%,0,0.0%,0,0.0%,14.28,14.3,14.3,Thaddeus Lewis,QB,2013
0,1.0,7.0,2013-10-27,WAS,1,DEN,L 21-45,QB,,,,,,,,,,,,,,,10,14.1%,0,0.0%,0,0.0%,-1.98,,,Kirk Cousins,QB,2013
1,2.0,13.0,2013-12-08,WAS,0,KAN,L 10-45,QB,,,,,,,,,,,,,,,19,28.4%,0,0.0%,0,0.0%,2.36,2.4,2.4,Kirk Cousins,QB,2013
2,3.0,14.0,2013-12-15,WAS,1,ATL,L 26-27,QB,2.0,5.0,15.0,1.0,0.0,0.0,0.0,1.0,1.0,3.0,1.0,0.0,0.0,0.0,68,100.0%,0,0.0%,0,0.0%,21.24,27.2,23.2,Kirk Cousins,QB,2013
3,4.0,15.0,2013-12-22,WAS,0,DAL,L 23-24,QB,3.0,4.0,21.0,1.0,0.0,0.0,0.0,2.0,3.0,13.0,1.0,0.0,0.0,0.0,66,100.0%,0,0.0%,0,0.0%,10.88,11.9,11.9,Kirk Cousins,QB,2013
4,5.0,16.0,2013-12-29,WAS,1,NYG,L 6-20,QB,0.0,1.0,0.0,0.0,1.0,3.0,0.0,0.0,0.0,0.0,0.0,0.0,0.0,0.0,75,100.0%,0,0.0%,0,0.0%,1.06,4.1,3.1,Kirk Cousins,QB,2013
0,1.0,9.0,2013-11-10,GNB,0,PHI,L 13-27,QB,3.0,10.0,12.0,0.0,0.0,0.0,0.0,1.0,6.0,1.0,0.0,0.0,0.0,0.0,69,87.3%,0,0.0%,0,0.0%,13.1,15.1,15.1,Scott Tolzien,QB,2013
1,2.0,10.0,2013-11-17,GNB,1,NYG,L 13-27,QB,2.0,2.0,13.0,0.0,0.0,0.0,0.0,1.0,1.0,6.0,0.0,0.0,0.0,0.0,54,100.0%,0,0.0%,0,0.0%,8.66,14.7,11.7,Scott Tolzien,QB,2013
2,3.0,11.0,2013-11-24,GNB,0,MIN,T 26-26,QB,0.0,1.0,0.0,0.0,1.0,6.0,1.0,0.0,1.0,0.0,0.0,1.0,6.0,1.0,35,37.2%,0,0.0%,0,0.0%,12.42,12.4,12.4,Scott Tolzien,QB,2013
