,FPoints,Fumbles,Fumbles,Fumbles,Fumbles,Fumbles,Name,Passing,Passing,Passing,Passing,Passing,Passing,Passing,Passing,Passing,Passing,Passing,Position,Rushing,Rushing,Rushing,Rushing,Scoring,Scoring,Scoring,Season,Unnamed: 0_level_0,Unnamed: 1_level_0,Unnamed: 2_level_0,Unnamed: 3_level_0,Unnamed: 4_level_0,Unnamed: 5_level_0,Unnamed: 6_level_0,Unnamed: 7_level_0,Unnamed: 8_level_0,Unnamed: 9_level_0
,,FF,FR,Fmb,TD,Yds,,AY/A,Att,Cmp,Cmp%,Int,Rate,Sk,TD,Y/A,Yds,Yds.1,,Att,TD,Y/A,Yds,2PM,Pts,TD,,Rk,Date,G#,Week,Age,Tm,Unnamed: 6_level_1,Opp,Result,GS
0,24.58,0.0,0.0,0.0,0.0,0.0,Aaron Rodgers,10.63,35.0,27.0,77.14,0.0,132.1,2.0,3.0,8.91,312.0,16.0,QB,4.0,0.0,0.25,1.0,,0.0,0.0,2011,1.0,2011-09-08,1.0,1.0,27.28,GNB,0,NOR,W 42-34,*
1,21.62,0.0,0.0,0.0,0.0,0.0,Aaron Rodgers,11.6,30.0,19.0,63.33,0.0,119.9,1.0,2.0,10.27,308.0,13.0,QB,5.0,0.0,2.6,13.0,,0.0,0.0,2011,2.0,2011-09-18,2.0,2.0,27.29,GNB,@,CAR,W 30-23,*
2,22.18,0.0,0.0,1.0,0.0,0.0,Aaron Rodgers,8.21,38.0,28.0,73.68,1.0,111.4,2.0,3.0,7.82,297.0,5.0,QB,1.0,0.0,3.0,3.0,,0.0,0.0,2011,3.0,2011-09-25,3.0,3.0,27.296999999999997,GNB,@,CHI,W 27-17,*
3,45.92,0.0,0.0,0.0,0.0,0.0,Aaron Rodgers,11.66,38.0,29.0,76.32,1.0,134.5,2.0,4.0,10.74,408.0,12.0,QB,9.0,2.0,4.0,36.0,,12.0,2.0,2011,4.0,2011-10-02,4.0,4.0,27.304000000000002,GNB,0,DEN,W 49-23,*
4,23.74,0.0,0.0,0.0,0.0,0.0,Aaron Rodgers,11.18,39.0,26.0,66.67,0.0,117.0,4.0,2.0,10.15,396.0,27.0,QB,1.0,0.0,-1.0,-1.0,,0.0,0.0,2011,5.0,2011-10-09,5.0,5.0,27.311,GNB,@,ATL,W 25-14,*
5,24.14,0.0,0.0,0.0,0.0,0.0,Aaron Rodgers,11.41,29.0,18.0,62.07,1.0,119.3,1.0,3.0,10.9,316.0,7.0,QB,7.0,0.0,2.14,15.0,,0.0,0.0,2011,6.0,2011-10-16,6.0,6.0,27.318,GNB,0,STL,W 24-3,*
6,26.2,0.0,0.0,0.0,0.0,0.0,Aaron Rodgers,13.17,30.0,24.0,80.0,0.0,146.5,4.0,3.0,11.17,335.0,28.0,QB,2.0,0.0,4.0,8.0,,0.0,0.0,2011,7.0,2011-10-23,7.0,7.0,27.325,GNB,@,MIN,W 33-27,*
7,31.08,0.0,0.0,0.0,0.0,0.0,Aaron Rodgers,12.58,26.0,21.0,80.77,0.0,145.8,4.0,4.0,9.5,247.0,15.0,QB,8.0,0.0,6.5,52.0,,0.0,0.0,2011,8.0,2011-11-06,8.0,9.0,27.339000000000002,GNB,@,SDG,W 45-38,*
8,28.1,0.0,0.0,1.0,0.0,0.0,Aaron Rodgers,11.0,30.0,23.0,76.67,0.0,140.3,3.0,4.0,8.33,250.0,22.0,QB,6.0,0.0,3.5,21.0,,0.0,0.0,2011,9.0,2011-11-14,9.0,10.0,27.346999999999998,GNB,0,MIN,W 45-7,*
9,24.76,0.0,0.0,0.0,0.0,0.0,Aaron Rodgers,9.24,34.0,23.0,67.65,1.0,112.3,2.0,3.0,8.79,299.0,12.0,QB,5.0,0.0,5.6,28.0,,0.0,0.0,2011,10.0,2011-11-20,10.0,11.0,27.353,GNB,0,TAM,W 35-26,*
10,20.18,0.0,0.0,1.0,0.0,0.0,Aaron Rodgers,10.52,33.0,22.0,66.67,0.0,116.6,2.0,2.0,9.3,307.0,11.0,QB,1.0,0.0,-1.0,-1.0,,0.0,0.0,2011,11.0,2011-11-24,11.0,12.0,27.357,GNB,@,DET,W 27-15,*
11,31.96,0.0,0.0,0.0,0.0,0.0,Aaron Rodgers,8.78,46.0,28.0,60.87,1.0,106.2,2.0,4.0,8.02,369.0,9.0,QB,4.0,0.0,8.0,32.0,,0.0,0.0,2011,12.0,2011-12-04,12.0,13.0,28.002,GNB,@,NYG,W 38-35,*
12,17.24,0.0,0.0,0.0,0.0,0.0,Aaron Rodgers,9.2,30.0,17.0,56.67,1.0,96.7,3.0,2.0,9.37,281.0,20.0,QB,0.0,0.0,0.0,0.0,,0.0,0.0,2011,13.0,2011-12-11,13.0,14.0,28.009,GNB,0,OAK,W 46-16,*
13,22.6,0.0,0.0,1.0,0.0,0.0,Aaron Rodgers,7.29,35.0,17.0,48.57,0.0,80.1,4.0,1.0,6.71,235.0,22.0,QB,3.0,1.0,10.67,32.0,,6.0,1.0,2011,14.0,2011-12-18,14.0,15.0,28.016,GNB,@,KAN,L 14-19,*
14,33.12,0.0,0.0,0.0,0.0,0.0,Aaron Rodgers,13.21,29.0,21.0,72.41,0.0,142.7,0.0,5.0,9.76,283.0,0.0,QB,4.0,0.0,4.5,18.0,,0.0,0.0,2011,15.0,2011-12-25,15.0,16.0,28.023000000000003,GNB,0,CHI,W 35-21,*
0,29.06,0.0,0.0,0.0,0.0,0.0,Drew Brees,9.78,49.0,32.0,65.31,0.0,112.5,3.0,3.0,8.55,419.0,23.0,QB,1.0,0.0,3.0,3.0,,0.0,0.0,2011,1.0,2011-09-08,1.0,1.0,32.236,NOR,@,GNB,L 34-42,*
1,23.0,0.0,0.0,0.0,0.0,0.0,Drew Brees,8.92,37.0,26.0,70.27,0.0,118.1,1.0,3.0,7.3,270.0,6.0,QB,1.0,0.0,2.0,2.0,,0.0,0.0,2011,2.0,2011-09-18,2.0,2.0,32.246,NOR,0,CHI,W 30-13,*
2,26.7,0.0,0.0,0.0,0.0,0.0,Drew Brees,7.73,44.0,31.0,70.45,2.0,99.6,2.0,3.0,8.41,370.0,16.0,QB,4.0,0.0,-0.25,-1.0,,0.0,0.0,2011,3.0,2011-09-25,3.0,3.0,32.253,NOR,0,HOU,W 40-33,*
3,15.04,0.0,0.0,0.0,0.0,0.0,Drew Brees,6.39,44.0,31.0,70.45,2.0,82.7,3.0,1.0,7.98,351.0,25.0,QB,3.0,0.0,3.33,10.0,,0.0,0.0,2011,4.0,2011-10-02,4.0,4.0,32.26,NOR,@,JAX,W 23-10,*
4,20.36,0.0,0.0,0.0,0.0,0.0,Drew Brees,7.87,45.0,32.0,71.11,1.0,100.1,2.0,2.0,7.98,359.0,16.0,QB,0.0,0.0,0.0,0.0,,0.0,0.0,2011,5.0,2011-10-09,5.0,5.0,32.266999999999996,NOR,@,CAR,W 30-27,*
5,15.42,0.0,0.0,0.0,0.0,0.0,Drew Brees,5.96,45.0,29.0,64.44,3.0,70.9,0.0,1.0,8.51,383.0,0.0,QB,3.0,0.0,7.0,21.0,,0.0,0.0,2011,6.0,2011-10-16,6.0,6.0,32.274,NOR,@,TAM,L 20-26,*
6,33.0,0.0,0.0,0.0,0.0,0.0,Drew Brees,12.14,35.0,31.0,88.57,0.0,144.9,2.0,5.0,9.29,325.0,4.0,QB,0.0,0.0,0.0,0.0,,0.0,0.0,2011,7.0,2011-10-23,7.0,7.0,32.281,NOR,0,IND,W 62-7,*
7,10.66,0.0,0.0,0.0,0.0,0.0,Drew Brees,4.52,44.0,30.0,68.18,2.0,73.0,6.0,1.0,6.11,269.0,42.0,QB,1.0,0.0,-1.0,-1.0,,0.0,0.0,2011,8.0,2011-10-30,8.0,8.0,32.288000000000004,NOR,@,STL,L 21-31,*
8,18.32,0.0,0.0,0.0,0.0,0.0,Drew Brees,7.03,36.0,27.0,75.0,1.0,101.4,0.0,2.0,7.17,258.0,0.0,QB,1.0,0.0,20.0,20.0,,0.0,0.0,2011,9.0,2011-11-06,9.0,9.0,32.295,NOR,0,TAM,W 27-16,*
9,20.88,0.0,0.0,0.0,0.0,0.0,Drew Brees,8.42,43.0,30.0,69.77,0.0,106.9,0.0,2.0,7.49,322.0,0.0,QB,0.0,0.0,0.0,0.0,,0.0,0.0,2011,10.0,2011-11-13,10.0,10.0,32.302,NOR,@,ATL,W 26-23,*
10,37.32,0.0,0.0,0.0,0.0,0.0,Drew Brees,11.66,38.0,24.0,63.16,0.0,129.6,0.0,4.0,9.55,363.0,0.0,QB,1.0,1.0,8.0,8.0,,6.0,1.0,2011,11.0,2011-11-28,11.0,12.0,32.317,NOR,0,NYG,W 49-24,*
11,25.68,0.0,0.0,0.0,0.0,0.0,Drew Brees,11.17,36.0,26.0,72.22,0.0,129.6,2.0,3.0,9.5,342.0,4.0,QB,0.0,0.0,0.0,0.0,,0.0,0.0,2011,12.0,2011-12-04,12.0,13.0,32.323,NOR,0,DET,W 31-17,*
12,22.08,0.0,0.0,0.0,0.0,0.0,Drew Brees,8.02,47.0,36.0,76.6,0.0,110.0,2.0,2.0,7.17,337.0,14.0,QB,2.0,0.0,3.0,6.0,,0.0,0.0,2011,13.0,2011-12-11,13.0,14.0,32.33,NOR,@,TEN,W 22-17,*
13,34.88,0.0,0.0,1.0,0.0,-15.0,Drew Brees,12.8,40.0,32.0,80.0,0.0,149.2,0.0,5.0,10.3,412.0,0.0,QB,2.0,0.0,2.0,4.0,,0.0,0.0,2011,14.0,2011-12-18,14.0,15.0,32.336999999999996,NOR,@,MIN,W 42-20,*
14,25.18,0.0,0.0,0.0,0.0,0.0,Drew Brees,7.62,39.0,23.0,58.97,2.0,96.8,1.0,4.0,7.87,307.0,8.0,QB,1.0,0.0,9.0,9.0,,0.0,0.0,2011,15.0,2011-12-26,15.0,16.0,32.345,NOR,0,ATL,W 45-16,*
15,34.06,0.0,0.0,0.0,0.0,0.0,Drew Brees,12.69,35.0,28.0,80.0,1.0,140.7,0.0,5.0,11.11,389.0,0.0,QB,1.0,0.0,5.0,5.0,,0.0,0.0,2011,16.0,2012-01-01,16.0,17.0,32.351,NOR,0,CAR,W 45-17,*
0,30.68,0.0,0.0,0.0,0.0,0.0,Cam Newton,11.27,37.0,24.0,64.86,1.0,110.4,4.0,2.0,11.41,422.0,19.0,QB,8.0,1.0,2.25,18.0,,6.0,1.0,2011,1.0,2011-09-11,1.0,1.0,22.123,CAR,@,ARI,L 21-28,*
1,26.58,0.0,0.0,0.0,0.0,0.0,Cam Newton,6.89,46.0,28.0,60.87,3.0,72.0,4.0,1.0,9.39,432.0,28.0,QB,10.0,1.0,5.3,53.0,,6.0,1.0,2011,2.0,2011-09-18,2.0,2.0,22.13,CAR,0,GNB,L 23-30,*
2,15.02,0.0,0.0,0.0,0.0,0.0,Cam Newton,5.24,34.0,18.0,52.94,0.0,75.4,0.0,1.0,4.65,158.0,0.0,QB,7.0,0.0,3.86,27.0,,0.0,0.0,2011,3.0,2011-09-25,3.0,3.0,22.136999999999997,CAR,0,JAX,W 16-10,*
3,32.46,0.0,0.0,1.0,0.0,-3.0,Cam Newton,7.59,46.0,27.0,58.7,1.0,83.1,0.0,1.0,8.13,374.0,0.0,QB,8.0,2.0,4.38,35.0,,12.0,2.0,2011,4.0,2011-10-02,4.0,4.0,22.144000000000002,CAR,@,CHI,L 29-34,*
4,23.66,0.0,0.0,1.0,0.0,0.0,Cam Newton,7.06,31.0,16.0,51.61,1.0,83.3,1.0,2.0,7.23,224.0,5.0,QB,7.0,1.0,3.86,27.0,,6.0,1.0,2011,5.0,2011-10-09,5.0,5.0,22.151,CAR,0,NOR,L 27-30,*
5,14.18,0.0,0.0,0.0,0.0,0.0,Cam Newton,2.91,35.0,21.0,60.0,3.0,44.6,1.0,0.0,6.77,237.0,8.0,QB,7.0,1.0,6.71,47.0,,6.0,1.0,2011,6.0,2011-10-16,6.0,6.0,22.158,CAR,@,ATL,L 17-31,*
6,26.14,0.0,0.0,0.0,0.0,0.0,Cam Newton,12.0,23.0,18.0,78.26,0.0,127.5,4.0,1.0,11.13,256.0,24.0,QB,10.0,1.0,5.9,59.0,,6.0,1.0,2011,7.0,2011-10-23,7.0,7.0,22.165,CAR,0,WAS,W 33-20,*
7,24.9,0.0,0.0,2.0,0.0,0.0,Cam Newton,10.0,35.0,22.0,62.86,0.0,117.6,3.0,3.0,8.29,290.0,25.0,QB,6.0,0.0,8.83,53.0,,0.0,0.0,2011,8.0,2011-10-30,8.0,8.0,22.171999999999997,CAR,0,MIN,L 21-24,*
8,11.98,0.0,0.0,1.0,0.0,-1.0,Cam Newton,4.18,40.0,23.0,57.5,1.0,61.7,5.0,0.0,5.3,212.0,46.0,QB,7.0,0.0,7.86,55.0,,0.0,0.0,2011,9.0,2011-11-13,9.0,10.0,22.186,CAR,0,TEN,L 3-30,*
9,24.9,0.0,0.0,0.0,0.0,0.0,Cam Newton,3.16,38.0,22.0,57.89,4.0,50.2,1.0,1.0,7.37,280.0,8.0,QB,7.0,2.0,5.29,37.0,,12.0,2.0,2011,10.0,2011-11-20,10.0,11.0,22.193,CAR,@,DET,L 35-49,*
10,19.62,0.0,0.0,0.0,0.0,0.0,Cam Newton,7.7,27.0,20.0,74.07,0.0,95.9,3.0,0.0,7.7,208.0,32.0,QB,9.0,1.0,5.89,53.0,,6.0,1.0,2011,11.0,2011-11-27,11.0,12.0,22.2,CAR,@,IND,W 27-19,*
11,38.26,0.0,0.0,0.0,0.0,0.0,Cam Newton,10.67,21.0,12.0,57.14,0.0,106.1,2.0,1.0,9.71,204.0,9.0,QB,14.0,3.0,3.86,54.0,,18.0,3.0,2011,12.0,2011-12-04,12.0,13.0,22.206999999999997,CAR,@,TAM,W 38-19,*
12,18.64,0.0,0.0,0.0,0.0,0.0,Cam Newton,5.79,39.0,19.0,48.72,2.0,67.9,2.0,2.0,7.08,276.0,17.0,QB,7.0,0.0,5.14,36.0,,0.0,0.0,2011,13.0,2011-12-11,13.0,14.0,22.214000000000002,CAR,0,ATL,L 23-31,*
13,19.46,0.0,0.0,0.0,0.0,0.0,Cam Newton,8.22,23.0,13.0,56.52,0.0,105.2,2.0,2.0,6.48,149.0,10.0,QB,7.0,0.0,7.86,55.0,,0.0,0.0,2011,14.0,2011-12-18,14.0,15.0,22.221,CAR,@,HOU,W 28-13,*
14,31.34,0.0,0.0,0.0,0.0,0.0,Cam Newton,13.59,17.0,12.0,70.59,0.0,142.4,1.0,3.0,10.06,171.0,8.0,QB,6.0,1.0,10.83,65.0,,6.0,1.0,2011,15.0,2011-12-24,15.0,16.0,22.226999999999997,CAR,0,TAM,W 48-16,*
15,11.52,0.0,0.0,0.0,0.0,0.0,Cam Newton,5.32,25.0,15.0,60.0,1.0,75.1,2.0,1.0,6.32,158.0,21.0,QB,6.0,0.0,5.33,32.0,,0.0,0.0,2011,16.0,2012-01-01,16.0,17.0,22.235,CAR,@,NOR,L 17-45,*
0,34.98,0.0,0.0,0.0,0.0,0.0,Tom Brady,11.5,48.0,32.0,66.67,1.0,121.6,1.0,4.0,10.77,517.0,1.0,QB,1.0,0.0,3.0,3.0,,0.0,0.0,2011,1.0,2011-09-12,1.0,1.0,34.04,NWE,@,MIA,W 38-24,*
1,29.22,0.0,0.0,0.0,0.0,0.0,Tom Brady,12.08,40.0,31.0,77.5,0.0,135.7,2.0,3.0,10.58,423.0,13.0,QB,2.0,0.0,1.5,3.0,,0.0,0.0,2011,2.0,2011-09-18,2.0,2.0,34.046,NWE,0,SDG,W 35-21,*
2,23.98,0.0,0.0,0.0,0.0,0.0,Tom Brady,6.38,45.0,30.0,66.67,4.0,86.1,0.0,4.0,8.6,387.0,0.0,QB,1.0,0.0,5.0,5.0,,0.0,0.0,2011,3.0,2011-09-25,3.0,3.0,34.053000000000004,NWE,@,BUF,L 31-34,*
3,16.94,0.0,0.0,0.0,0.0,0.0,Tom Brady,8.87,30.0,16.0,53.33,0.0,100.1,1.0,2.0,7.53,226.0,0.0,QB,1.0,0.0,-1.0,-1.0,,0.0,0.0,2011,4.0,2011-10-02,4.0,4.0,34.06,NWE,@,OAK,W 31-19,*
4,15.14,0.0,0.0,0.0,0.0,0.0,Tom Brady,8.97,33.0,24.0,72.73,1.0,100.7,4.0,1.0,9.73,321.0,27.0,QB,1.0,0.0,3.0,3.0,,0.0,0.0,2011,5.0,2011-10-09,5.0,5.0,34.067,NWE,0,NYJ,W 30-21,*
5,17.26,0.0,0.0,0.0,0.0,0.0,Tom Brady,5.83,41.0,27.0,65.85,2.0,82.3,3.0,2.0,7.05,289.0,19.0,QB,4.0,0.0,4.25,17.0,,0.0,0.0,2011,6.0,2011-10-16,6.0,6.0,34.074,NWE,0,DAL,W 20-16,*
6,15.92,0.0,0.0,1.0,0.0,0.0,Tom Brady,6.8,35.0,24.0,68.57,0.0,101.8,3.0,2.0,5.66,198.0,28.0,QB,0.0,0.0,0.0,0.0,,0.0,0.0,2011,7.0,2011-10-30,7.0,8.0,34.088,NWE,@,PIT,L 17-25,*
7,16.18,0.0,0.0,1.0,0.0,0.0,Tom Brady,5.96,49.0,28.0,57.14,2.0,75.4,2.0,2.0,6.98,342.0,10.0,QB,1.0,0.0,5.0,5.0,,0.0,0.0,2011,8.0,2011-11-06,8.0,9.0,34.095,NWE,0,NYG,L 20-24,*
8,25.36,0.0,1.0,1.0,0.0,-3.0,Tom Brady,9.97,39.0,26.0,66.67,0.0,118.4,0.0,3.0,8.44,329.0,0.0,QB,3.0,0.0,0.67,2.0,,0.0,0.0,2011,9.0,2011-11-13,9.0,10.0,34.102,NWE,@,NYJ,W 37-16,*
9,16.36,0.0,0.0,1.0,0.0,0.0,Tom Brady,10.15,27.0,15.0,55.56,0.0,109.2,3.0,2.0,8.67,234.0,11.0,QB,2.0,0.0,5.0,10.0,,0.0,0.0,2011,10.0,2011-11-21,10.0,11.0,34.11,NWE,0,KAN,W 34-3,*
10,29.24,0.0,0.0,0.0,0.0,0.0,Tom Brady,12.38,34.0,24.0,70.59,0.0,134.6,1.0,3.0,10.62,361.0,8.0,QB,5.0,0.0,5.6,28.0,,0.0,0.0,2011,11.0,2011-11-27,11.0,12.0,34.116,NWE,@,PHI,W 38-20,*
11,20.26,0.0,0.0,0.0,0.0,0.0,Tom Brady,8.66,38.0,29.0,76.32,0.0,114.9,1.0,2.0,7.61,289.0,0.0,QB,3.0,0.0,2.33,7.0,,0.0,0.0,2011,12.0,2011-12-04,12.0,13.0,34.123000000000005,NWE,0,IND,W 31-24,*
12,25.08,0.0,0.0,0.0,0.0,0.0,Tom Brady,10.05,37.0,22.0,59.46,1.0,107.6,1.0,3.0,9.65,357.0,5.0,QB,4.0,0.0,2.0,8.0,,0.0,0.0,2011,13.0,2011-12-11,13.0,14.0,34.13,NWE,@,WAS,W 34-27,*
13,27.0,0.0,1.0,1.0,0.0,-5.0,Tom Brady,10.59,34.0,23.0,67.65,0.0,117.3,2.0,2.0,9.41,320.0,10.0,QB,6.0,1.0,0.33,2.0,,6.0,1.0,2011,14.0,2011-12-18,14.0,15.0,34.137,NWE,@,DEN,W 41-23,*
14,29.86,0.0,0.0,0.0,0.0,0.0,Tom Brady,7.04,46.0,27.0,58.7,0.0,85.8,4.0,1.0,6.61,304.0,23.0,QB,9.0,2.0,1.89,17.0,,12.0,2.0,2011,15.0,2011-12-24,15.0,16.0,34.143,NWE,0,MIA,W 27-24,*
15,23.52,0.0,1.0,1.0,0.0,0.0,Tom Brady,10.09,35.0,23.0,65.71,1.0,113.7,4.0,3.0,9.66,338.0,18.0,QB,0.0,0.0,0.0,0.0,,0.0,0.0,2011,16.0,2012-01-01,16.0,17.0,34.150999999999996,NWE,0,BUF,W 49-21,*
0,22.2,0.0,0.0,1.0,0.0,-4.0,Matthew Stafford,9.7,33.0,24.0,72.73,1.0,118.9,0.0,3.0,9.24,305.0,0.0,QB,1.0,0.0,0.0,0.0,,,,2011,1.0,2011-09-11,1.0,1.0,23.215999999999998,DET,@,TAM,W 27-20,*
1,25.86,0.0,0.0,0.0,0.0,0.0,Matthew Stafford,8.44,39.0,23.0,58.97,1.0,106.1,0.0,4.0,7.54,294.0,0.0,QB,1.0,0.0,1.0,1.0,,,,2011,2.0,2011-09-18,2.0,2.0,23.223000000000003,DET,0,KAN,W 48-3,*
2,23.02,0.0,0.0,1.0,0.0,0.0,Matthew Stafford,9.09,46.0,32.0,69.57,0.0,108.8,5.0,2.0,8.22,378.0,40.0,QB,1.0,0.0,-1.0,-1.0,,,,2011,3.0,2011-09-25,3.0,3.0,23.23,DET,@,MIN,W 26-23,*
3,15.5,0.0,0.0,0.0,0.0,0.0,Matthew Stafford,5.47,43.0,21.0,48.84,1.0,71.9,0.0,2.0,5.58,240.0,0.0,QB,1.0,0.0,-1.0,-1.0,,,,2011,4.0,2011-10-02,4.0,4.0,23.237,DET,@,DAL,W 34-30,*
4,14.86,0.0,0.0,0.0,0.0,0.0,Matthew Stafford,8.23,26.0,19.0,73.08,1.0,107.7,1.0,2.0,8.42,219.0,5.0,QB,1.0,0.0,1.0,1.0,,,,2011,5.0,2011-10-10,5.0,5.0,23.245,DET,0,CHI,W 24-13,*
5,20.62,0.0,0.0,1.0,0.0,0.0,Matthew Stafford,6.66,50.0,28.0,56.0,0.0,86.5,5.0,2.0,5.86,293.0,49.0,QB,1.0,0.0,9.0,9.0,,,,2011,6.0,2011-10-16,6.0,6.0,23.250999999999998,DET,0,SFO,L 19-25,*
6,11.32,0.0,0.0,0.0,0.0,0.0,Matthew Stafford,6.34,32.0,15.0,46.88,0.0,75.4,3.0,1.0,5.72,183.0,24.0,QB,0.0,0.0,0.0,0.0,,,,2011,7.0,2011-10-23,7.0,7.0,23.258000000000003,DET,0,ATL,L 16-23,*
7,24.78,0.0,0.0,0.0,0.0,0.0,Matthew Stafford,10.9,30.0,21.0,70.0,0.0,130.8,2.0,3.0,8.9,267.0,9.0,QB,1.0,0.0,21.0,21.0,,,,2011,8.0,2011-10-30,8.0,8.0,23.265,DET,@,DEN,W 45-10,*
8,9.26,0.0,0.0,0.0,0.0,0.0,Matthew Stafford,2.68,63.0,33.0,52.38,4.0,46.3,2.0,1.0,5.22,329.0,16.0,QB,2.0,0.0,0.5,1.0,,,,2011,9.0,2011-11-13,9.0,10.0,23.279,DET,@,CHI,L 13-37,*
9,29.6,0.0,0.0,0.0,0.0,0.0,Matthew Stafford,9.58,36.0,28.0,77.78,2.0,121.9,2.0,5.0,9.31,335.0,9.0,QB,4.0,0.0,0.5,2.0,,,,2011,10.0,2011-11-20,10.0,11.0,23.285999999999998,DET,0,CAR,W 49-35,*
10,14.14,0.0,0.0,1.0,0.0,0.0,Matthew Stafford,3.58,45.0,32.0,71.11,3.0,66.5,1.0,1.0,6.13,276.0,3.0,QB,4.0,0.0,7.75,31.0,,,,2011,11.0,2011-11-24,11.0,12.0,23.29,DET,0,GNB,L 15-27,*
11,18.32,0.0,0.0,0.0,0.0,0.0,Matthew Stafford,8.7,44.0,31.0,70.45,1.0,97.5,3.0,1.0,9.27,408.0,29.0,QB,0.0,0.0,0.0,0.0,,,,2011,12.0,2011-12-04,12.0,13.0,23.3,DET,@,NOR,L 17-31,*
12,17.48,0.0,0.0,0.0,0.0,0.0,Matthew Stafford,9.21,29.0,20.0,68.97,0.0,115.2,5.0,2.0,7.83,227.0,19.0,QB,2.0,0.0,2.0,4.0,,,,2011,13.0,2011-12-11,13.0,14.0,23.307,DET,0,MIN,W 34-28,*
13,30.14,0.0,0.0,1.0,0.0,0.0,Matthew Stafford,9.06,52.0,29.0,55.77,0.0,105.5,2.0,4.0,7.52,391.0,16.0,QB,1.0,0.0,5.0,5.0,,,,2011,14.0,2011-12-18,14.0,15.0,23.314,DET,@,OAK,W 28-27,*
14,27.42,0.0,0.0,0.0,0.0,0.0,Matthew Stafford,12.03,36.0,29.0,80.56,0.0,137.6,3.0,3.0,10.36,373.0,20.0,QB,2.0,0.0,2.5,5.0,,,,2011,15.0,2011-12-24,15.0,16.0,23.32,DET,0,SDG,W 38-10,*
15,38.8,0.0,0.0,0.0,0.0,0.0,Matthew Stafford,8.98,59.0,36.0,61.02,2.0,103.8,2.0,5.0,8.81,520.0,18.0,QB,0.0,0.0,0.0,0.0,,,,2011,16.0,2012-01-01,16.0,17.0,23.328000000000003,DET,@,GNB,L 41-45,*
0,14.92,0.0,0.0,1.0,0.0,0.0,Eli Manning,6.97,32.0,18.0,56.25,1.0,70.8,4.0,0.0,8.38,268.0,28.0,QB,1.0,1.0,2.0,2.0,,6.0,1.0,2011,1.0,2011-09-11,1.0,1.0,30.250999999999998,NYG,@,WAS,L 14-28,*
1,13.72,0.0,0.0,0.0,0.0,0.0,Eli Manning,7.27,30.0,19.0,63.33,1.0,94.2,3.0,2.0,7.43,223.0,19.0,QB,4.0,0.0,-3.0,-12.0,,0.0,0.0,2011,2.0,2011-09-19,2.0,2.0,30.259,NYG,0,STL,W 28-16,*
2,25.86,0.0,0.0,0.0,0.0,0.0,Eli Manning,14.52,23.0,16.0,69.57,0.0,145.7,3.0,4.0,11.04,254.0,22.0,QB,3.0,0.0,-1.0,-3.0,,0.0,0.0,2011,3.0,2011-09-25,3.0,3.0,30.265,NYG,@,PHI,W 29-16,*
3,18.54,0.0,0.0,1.0,0.0,0.0,Eli Manning,9.03,40.0,27.0,67.5,0.0,108.4,1.0,2.0,8.03,321.0,15.0,QB,3.0,0.0,-1.0,-3.0,,0.0,0.0,2011,4.0,2011-10-02,4.0,4.0,30.272,NYG,@,ARI,W 31-27,*
4,21.3,0.0,0.0,2.0,0.0,-3.0,Eli Manning,8.85,39.0,24.0,61.54,3.0,91.8,3.0,3.0,10.77,420.0,25.0,QB,3.0,0.0,1.67,5.0,,0.0,0.0,2011,5.0,2011-10-09,5.0,5.0,30.279,NYG,0,SEA,L 25-36,*
5,11.58,0.0,0.0,0.0,0.0,0.0,Eli Manning,9.13,32.0,21.0,65.63,0.0,94.8,0.0,0.0,9.13,292.0,0.0,QB,2.0,0.0,-0.5,-1.0,,0.0,0.0,2011,6.0,2011-10-16,6.0,6.0,30.285999999999998,NYG,0,BUF,W 27-24,*
6,21.66,0.0,0.0,1.0,0.0,0.0,Eli Manning,8.64,45.0,31.0,68.89,0.0,106.6,1.0,2.0,7.76,349.0,5.0,QB,4.0,0.0,-0.75,-3.0,,0.0,0.0,2011,7.0,2011-10-30,7.0,8.0,30.3,NYG,0,MIA,W 20-17,*
7,17.1,0.0,0.0,0.0,0.0,0.0,Eli Manning,6.28,39.0,20.0,51.28,1.0,77.9,0.0,2.0,6.41,250.0,0.0,QB,3.0,0.0,3.67,11.0,,0.0,0.0,2011,8.0,2011-11-06,8.0,9.0,30.307,NYG,@,NWE,W 24-20,*
8,16.84,0.0,0.0,0.0,0.0,0.0,Eli Manning,6.53,40.0,26.0,65.0,2.0,84.5,1.0,2.0,7.78,311.0,9.0,QB,2.0,0.0,2.0,4.0,,0.0,0.0,2011,9.0,2011-11-13,9.0,10.0,30.314,NYG,@,SFO,L 20-27,*
9,10.56,0.0,0.0,1.0,0.0,0.0,Eli Manning,6.83,35.0,18.0,51.43,1.0,74.0,3.0,1.0,7.54,264.0,15.0,QB,0.0,0.0,0.0,0.0,,0.0,0.0,2011,10.0,2011-11-20,10.0,11.0,30.320999999999998,NYG,0,PHI,L 10-17,*
10,22.64,0.0,0.0,1.0,0.0,0.0,Eli Manning,8.53,47.0,33.0,70.21,1.0,101.9,1.0,2.0,8.64,406.0,14.0,QB,1.0,0.0,4.0,4.0,,0.0,0.0,2011,11.0,2011-11-28,11.0,12.0,30.329,NYG,@,NOR,L 24-49,*
11,21.88,0.0,0.0,1.0,0.0,0.0,Eli Manning,9.05,40.0,23.0,57.5,1.0,100.7,1.0,3.0,8.68,347.0,0.0,QB,0.0,0.0,0.0,0.0,,0.0,0.0,2011,12.0,2011-12-04,12.0,13.0,30.335,NYG,0,GNB,L 35-38,*
12,21.8,0.0,0.0,0.0,0.0,0.0,Eli Manning,8.4,47.0,27.0,57.45,1.0,90.7,0.0,2.0,8.51,400.0,0.0,QB,2.0,0.0,-1.0,-2.0,,0.0,0.0,2011,13.0,2011-12-11,13.0,14.0,30.342,NYG,@,DAL,W 37-34,*
13,4.28,0.0,0.0,0.0,0.0,0.0,Eli Manning,3.05,40.0,23.0,57.5,3.0,45.5,3.0,0.0,6.43,257.0,24.0,QB,0.0,0.0,0.0,0.0,,0.0,0.0,2011,14.0,2011-12-18,14.0,15.0,30.349,NYG,0,WAS,L 10-23,*
14,10.9,0.0,0.0,0.0,0.0,0.0,Eli Manning,7.41,27.0,9.0,33.33,1.0,61.5,2.0,1.0,8.33,225.0,8.0,QB,1.0,0.0,-1.0,-1.0,,0.0,0.0,2011,15.0,2011-12-24,15.0,16.0,30.355,NYG,@,NYJ,W 29-14,*
15,27.24,0.0,0.0,0.0,0.0,0.0,Eli Manning,12.3,33.0,24.0,72.73,0.0,136.7,2.0,3.0,10.48,346.0,15.0,QB,6.0,0.0,2.33,14.0,,0.0,0.0,2011,16.0,2012-01-01,16.0,17.0,30.363000000000003,NYG,0,DAL,W 31-14,*
0,18.58,0.0,1.0,2.0,0.0,0.0,Tony Romo,9.36,36.0,23.0,63.89,1.0,101.9,4.0,2.0,9.5,342.0,16.0,QB,3.0,0.0,3.0,9.0,,0.0,0.0,2011,1.0,2011-09-11,1.0,1.0,31.143,DAL,@,NYJ,L 24-27,*
1,21.8,0.0,1.0,1.0,0.0,0.0,Tony Romo,11.67,33.0,20.0,60.61,0.0,116.4,1.0,2.0,10.45,345.0,5.0,QB,0.0,0.0,0.0,0.0,,0.0,0.0,2011,2.0,2011-09-18,2.0,2.0,31.15,DAL,@,SFO,W 27-24,*
2,8.1,0.0,4.0,1.0,0.0,0.0,Tony Romo,5.83,36.0,22.0,61.11,1.0,70.9,1.0,0.0,7.08,255.0,5.0,QB,2.0,0.0,-0.5,-1.0,,0.0,0.0,2011,3.0,2011-09-26,3.0,3.0,31.158,DAL,0,WAS,W 18-16,*
3,19.24,0.0,0.0,0.0,0.0,0.0,Tony Romo,5.45,47.0,34.0,72.34,3.0,86.4,1.0,3.0,7.04,331.0,10.0,QB,0.0,0.0,0.0,0.0,,0.0,0.0,2011,4.0,2011-10-02,4.0,4.0,31.164,DAL,0,DET,L 30-34,*
4,16.38,0.0,0.0,0.0,0.0,0.0,Tony Romo,7.12,41.0,27.0,65.85,1.0,87.1,2.0,1.0,7.73,317.0,17.0,QB,1.0,0.0,17.0,17.0,,0.0,0.0,2011,5.0,2011-10-16,5.0,6.0,31.178,DAL,@,NWE,L 16-20,*
5,14.64,0.0,0.0,0.0,0.0,0.0,Tony Romo,8.58,24.0,14.0,58.33,0.0,107.3,2.0,2.0,6.92,166.0,15.0,QB,0.0,0.0,0.0,0.0,,0.0,0.0,2011,6.0,2011-10-23,6.0,7.0,31.185,DAL,0,STL,W 34-7,*
6,11.02,0.0,0.0,0.0,0.0,0.0,Tony Romo,5.09,35.0,18.0,51.43,1.0,66.7,4.0,1.0,5.8,203.0,21.0,QB,1.0,0.0,9.0,9.0,,0.0,0.0,2011,7.0,2011-10-30,7.0,8.0,31.191999999999997,DAL,@,PHI,L 7-34,*
7,20.46,0.0,0.0,0.0,0.0,0.0,Tony Romo,10.29,31.0,19.0,61.29,0.0,112.2,0.0,2.0,9.0,279.0,0.0,QB,3.0,0.0,4.33,13.0,,0.0,0.0,2011,8.0,2011-11-06,8.0,9.0,31.199,DAL,0,SEA,W 23-13,*
8,22.8,0.0,0.0,0.0,0.0,0.0,Tony Romo,12.69,26.0,23.0,88.46,0.0,148.4,0.0,3.0,10.38,270.0,0.0,QB,2.0,0.0,0.0,0.0,,0.0,0.0,2011,9.0,2011-11-13,9.0,10.0,31.206,DAL,0,BUF,W 44-7,*
9,23.48,0.0,0.0,0.0,0.0,0.0,Tony Romo,9.51,37.0,23.0,62.16,0.0,113.8,4.0,3.0,7.89,292.0,28.0,QB,2.0,0.0,-1.0,-2.0,,0.0,0.0,2011,10.0,2011-11-20,10.0,11.0,31.213,DAL,@,WAS,W 27-24,*
10,12.84,0.0,0.0,0.0,0.0,0.0,Tony Romo,5.18,34.0,22.0,64.71,2.0,78.8,1.0,2.0,6.65,226.0,8.0,QB,1.0,0.0,-2.0,-2.0,,0.0,0.0,2011,11.0,2011-11-24,11.0,12.0,31.217,DAL,0,MIA,W 20-19,*
11,16.06,0.0,0.0,1.0,0.0,-3.0,Tony Romo,7.6,42.0,28.0,66.67,0.0,95.2,5.0,1.0,7.12,299.0,38.0,QB,2.0,0.0,0.5,1.0,,0.0,0.0,2011,12.0,2011-12-04,12.0,13.0,31.226999999999997,DAL,@,ARI,L 13-19,*
12,28.84,0.0,0.0,0.0,0.0,0.0,Tony Romo,12.94,31.0,21.0,67.74,0.0,141.3,3.0,4.0,10.35,321.0,16.0,QB,0.0,0.0,0.0,0.0,,0.0,0.0,2011,13.0,2011-12-11,13.0,14.0,31.234,DAL,0,NYG,L 34-37,*
13,25.86,0.0,0.0,1.0,0.0,0.0,Tony Romo,10.3,30.0,23.0,76.67,0.0,133.9,2.0,3.0,8.3,249.0,10.0,QB,3.0,1.0,-0.33,-1.0,,6.0,1.0,2011,14.0,2011-12-17,14.0,15.0,31.24,DAL,@,TAM,W 31-15,*
14,,0.0,0.0,0.0,0.0,0.0,Tony Romo,0.0,2.0,0.0,0.0,0.0,39.6,0.0,0.0,0.0,0.0,0.0,QB,0.0,0.0,0.0,0.0,,0.0,0.0,2011,15.0,2011-12-24,15.0,16.0,31.247,DAL,0,PHI,L 7-20,*
15,15.86,0.0,0.0,1.0,0.0,0.0,Tony Romo,7.68,37.0,29.0,78.38,1.0,106.0,6.0,2.0,7.81,289.0,38.0,QB,2.0,0.0,1.5,3.0,,0.0,0.0,2011,16.0,2012-01-01,16.0,17.0,31.255,DAL,@,NYG,L 14-31,*
0,8.76,0.0,0.0,1.0,0.0,0.0,Matt Ryan,5.83,47.0,31.0,65.96,1.0,76.5,5.0,0.0,6.79,319.0,43.0,QB,0.0,0.0,0.0,0.0,,0.0,0.0,2011,1.0,2011-09-11,1.0,1.0,26.116999999999997,ATL,@,CHI,L 12-30,*
1,20.4,0.0,0.0,0.0,0.0,0.0,Matt Ryan,6.61,28.0,17.0,60.71,2.0,91.5,4.0,4.0,6.96,195.0,15.0,QB,4.0,0.0,1.5,6.0,,0.0,0.0,2011,2.0,2011-09-18,2.0,2.0,26.124000000000002,ATL,0,PHI,W 35-31,*
2,12.4,0.0,0.0,2.0,0.0,0.0,Matt Ryan,6.49,47.0,26.0,55.32,1.0,75.7,4.0,1.0,7.02,330.0,35.0,QB,1.0,0.0,12.0,12.0,,0.0,0.0,2011,3.0,2011-09-25,3.0,3.0,26.131,ATL,@,TAM,L 13-16,*
3,18.24,0.0,0.0,0.0,0.0,0.0,Matt Ryan,7.4,42.0,28.0,66.67,0.0,94.4,0.0,1.0,6.93,291.0,0.0,QB,4.0,0.0,6.5,26.0,,0.0,0.0,2011,4.0,2011-10-02,4.0,4.0,26.138,ATL,@,SEA,W 30-28,*
4,7.58,0.0,0.0,0.0,0.0,0.0,Matt Ryan,3.03,32.0,18.0,56.25,2.0,55.1,1.0,1.0,5.22,167.0,11.0,QB,3.0,0.0,3.0,9.0,,0.0,0.0,2011,5.0,2011-10-09,5.0,5.0,26.145,ATL,0,GNB,L 14-25,*
5,17.22,0.0,0.0,0.0,0.0,0.0,Matt Ryan,8.32,22.0,14.0,63.64,0.0,101.1,1.0,1.0,7.41,163.0,4.0,QB,3.0,1.0,2.33,7.0,,6.0,1.0,2011,6.0,2011-10-16,6.0,6.0,26.151999999999997,ATL,0,CAR,W 31-17,*
6,14.92,0.0,0.0,0.0,0.0,0.0,Matt Ryan,4.35,34.0,20.0,58.82,2.0,63.1,3.0,1.0,6.41,218.0,19.0,QB,3.0,1.0,0.67,2.0,,6.0,1.0,2011,7.0,2011-10-23,7.0,7.0,26.159000000000002,ATL,@,DET,W 23-16,*
7,21.0,0.0,0.0,0.0,0.0,0.0,Matt Ryan,12.08,24.0,14.0,58.33,1.0,120.7,1.0,3.0,11.46,275.0,6.0,QB,2.0,0.0,0.0,0.0,,0.0,0.0,2011,8.0,2011-11-06,8.0,9.0,26.173000000000002,ATL,@,IND,W 31-7,*
8,20.94,0.0,0.0,0.0,0.0,0.0,Matt Ryan,6.65,52.0,29.0,55.77,1.0,81.5,1.0,2.0,6.75,351.0,8.0,QB,1.0,0.0,9.0,9.0,,0.0,0.0,2011,9.0,2011-11-13,9.0,10.0,26.18,ATL,0,NOR,L 23-26,*
9,16.94,0.0,0.0,0.0,0.0,0.0,Matt Ryan,10.5,32.0,22.0,68.75,0.0,110.9,0.0,1.0,9.88,316.0,0.0,QB,6.0,0.0,0.5,3.0,,0.0,0.0,2011,10.0,2011-11-20,10.0,11.0,26.186999999999998,ATL,0,TEN,W 23-17,*
10,22.78,0.0,0.0,1.0,0.0,0.0,Matt Ryan,9.47,34.0,27.0,79.41,0.0,128.2,2.0,3.0,7.71,262.0,16.0,QB,4.0,0.0,0.75,3.0,,0.0,0.0,2011,11.0,2011-11-27,11.0,12.0,26.194000000000003,ATL,0,MIN,W 24-14,*
11,11.68,0.0,0.0,0.0,0.0,0.0,Matt Ryan,4.19,47.0,20.0,42.55,2.0,50.6,0.0,1.0,5.68,267.0,0.0,QB,1.0,0.0,10.0,10.0,,0.0,0.0,2011,12.0,2011-12-04,12.0,13.0,26.201,ATL,@,HOU,L 10-17,*
12,28.8,0.0,0.0,1.0,0.0,0.0,Matt Ryan,10.53,38.0,22.0,57.89,0.0,120.5,3.0,4.0,8.42,320.0,12.0,QB,3.0,0.0,0.0,0.0,,0.0,0.0,2011,13.0,2011-12-11,13.0,14.0,26.208000000000002,ATL,@,CAR,W 31-23,*
13,20.96,0.0,0.0,0.0,0.0,0.0,Matt Ryan,10.92,26.0,19.0,73.08,0.0,137.3,1.0,3.0,8.62,224.0,4.0,QB,0.0,0.0,0.0,0.0,,0.0,0.0,2011,14.0,2011-12-15,14.0,15.0,26.212,ATL,0,JAX,W 41-14,*
14,18.62,0.0,0.0,0.0,0.0,0.0,Matt Ryan,7.56,52.0,34.0,65.38,0.0,92.9,0.0,1.0,7.17,373.0,0.0,QB,2.0,0.0,-1.5,-3.0,,0.0,0.0,2011,15.0,2011-12-26,15.0,16.0,26.223000000000003,ATL,@,NOR,L 16-45,*
15,12.24,0.0,0.0,0.0,0.0,0.0,Matt Ryan,16.22,9.0,6.0,66.67,0.0,146.3,0.0,2.0,11.78,106.0,0.0,QB,0.0,0.0,0.0,0.0,,0.0,0.0,2011,16.0,2012-01-01,16.0,17.0,26.229,ATL,0,TAM,W 45-24,*
0,17.1,0.0,0.0,0.0,0.0,0.0,Philip Rivers,5.94,48.0,33.0,68.75,2.0,85.0,2.0,2.0,6.98,335.0,5.0,QB,3.0,0.0,-1.0,-3.0,,0.0,0.0,2011,1.0,2011-09-11,1.0,1.0,29.276999999999997,SDG,0,MIN,W 24-17,*
1,18.32,0.0,0.0,1.0,0.0,0.0,Philip Rivers,8.2,40.0,29.0,72.5,2.0,97.7,2.0,2.0,9.45,378.0,6.0,QB,2.0,0.0,6.0,12.0,,0.0,0.0,2011,2.0,2011-09-18,2.0,2.0,29.284000000000002,SDG,@,NWE,L 21-35,*
2,6.44,0.0,0.0,1.0,0.0,0.0,Philip Rivers,4.63,38.0,24.0,63.16,2.0,62.0,2.0,0.0,7.0,266.0,8.0,QB,3.0,0.0,-0.67,-2.0,,0.0,0.0,2011,3.0,2011-09-25,3.0,3.0,29.291,SDG,0,KAN,W 20-17,*
3,18.08,0.0,0.0,0.0,0.0,0.0,Philip Rivers,10.55,31.0,21.0,67.74,0.0,110.6,2.0,1.0,9.9,307.0,12.0,QB,5.0,0.0,3.6,18.0,,0.0,0.0,2011,4.0,2011-10-02,4.0,4.0,29.298000000000002,SDG,0,MIA,W 26-16,*
4,17.0,0.0,0.0,2.0,0.0,0.0,Philip Rivers,7.76,29.0,18.0,62.07,1.0,86.9,5.0,1.0,8.62,250.0,38.0,QB,3.0,1.0,3.33,10.0,,6.0,1.0,2011,5.0,2011-10-09,5.0,5.0,29.305,SDG,@,DEN,W 29-24,*
5,7.06,0.0,0.0,0.0,0.0,0.0,Philip Rivers,3.41,32.0,16.0,50.0,2.0,51.4,1.0,1.0,5.59,179.0,7.0,QB,1.0,0.0,-1.0,-1.0,,0.0,0.0,2011,6.0,2011-10-23,6.0,7.0,29.319000000000003,SDG,@,NYJ,L 21-27,*
6,10.86,0.0,0.0,2.0,0.0,-1.0,Philip Rivers,6.8,41.0,26.0,63.41,2.0,72.1,3.0,0.0,9.0,369.0,24.0,QB,3.0,0.0,0.33,1.0,,0.0,0.0,2011,7.0,2011-10-31,7.0,8.0,29.326999999999998,SDG,@,KAN,L 20-23,*
7,25.3,0.0,0.0,1.0,0.0,0.0,Philip Rivers,7.17,46.0,26.0,56.52,3.0,85.9,2.0,4.0,8.37,385.0,10.0,QB,1.0,0.0,-1.0,-1.0,,0.0,0.0,2011,8.0,2011-11-06,8.0,9.0,29.333000000000002,SDG,0,GNB,L 38-45,*
8,15.36,0.0,0.0,1.0,0.0,0.0,Philip Rivers,5.72,47.0,23.0,48.94,1.0,72.5,6.0,2.0,5.83,274.0,35.0,QB,1.0,0.0,4.0,4.0,,0.0,0.0,2011,9.0,2011-11-10,9.0,10.0,29.337,SDG,0,OAK,L 17-24,*
9,15.2,0.0,0.0,0.0,0.0,0.0,Philip Rivers,7.42,31.0,21.0,67.74,2.0,90.8,0.0,2.0,9.03,280.0,0.0,QB,0.0,0.0,0.0,0.0,,0.0,0.0,2011,10.0,2011-11-20,10.0,11.0,29.346999999999998,SDG,@,CHI,L 20-31,*
10,11.62,0.0,0.0,0.0,0.0,0.0,Philip Rivers,5.78,36.0,19.0,52.78,0.0,77.1,3.0,1.0,5.22,188.0,29.0,QB,1.0,0.0,1.0,1.0,,0.0,0.0,2011,11.0,2011-11-27,11.0,12.0,29.354,SDG,0,DEN,L 13-16,*
11,23.76,0.0,0.0,0.0,0.0,0.0,Philip Rivers,12.64,28.0,22.0,78.57,0.0,146.1,0.0,3.0,10.5,294.0,0.0,QB,0.0,0.0,0.0,0.0,,0.0,0.0,2011,12.0,2011-12-05,12.0,13.0,29.362,SDG,@,JAX,W 38-14,*
12,19.6,0.0,0.0,1.0,0.0,0.0,Philip Rivers,9.09,33.0,24.0,72.73,0.0,123.3,2.0,3.0,7.27,240.0,24.0,QB,0.0,0.0,0.0,0.0,,0.0,0.0,2011,13.0,2011-12-11,13.0,14.0,30.003,SDG,0,BUF,W 37-10,*
13,14.8,0.0,0.0,0.0,0.0,0.0,Philip Rivers,12.61,23.0,17.0,73.91,0.0,127.1,0.0,1.0,11.74,270.0,0.0,QB,0.0,0.0,0.0,0.0,,0.0,0.0,2011,14.0,2011-12-18,14.0,15.0,30.01,SDG,0,BAL,W 34-14,*
14,11.96,0.0,0.0,0.0,0.0,0.0,Philip Rivers,4.32,53.0,28.0,52.83,2.0,60.2,0.0,1.0,5.64,299.0,0.0,QB,0.0,0.0,0.0,0.0,,0.0,0.0,2011,15.0,2011-12-24,15.0,16.0,30.016,SDG,@,DET,L 10-38,*
15,22.1,0.0,0.0,0.0,0.0,0.0,Philip Rivers,12.5,26.0,19.0,73.08,1.0,135.1,0.0,3.0,11.92,310.0,0.0,QB,3.0,0.0,-1.0,-3.0,,0.0,0.0,2011,16.0,2012-01-01,16.0,17.0,30.024,SDG,@,OAK,W 38-26,*
0,17.7,0.0,0.0,2.0,0.0,0.0,Mark Sanchez,7.5,44.0,26.0,59.09,1.0,88.7,4.0,2.0,7.61,335.0,20.0,QB,1.0,0.0,3.0,3.0,,0.0,0.0,2011,1.0,2011-09-11,1.0,1.0,24.304000000000002,NYJ,0,DAL,W 27-24,*
1,14.18,0.0,0.0,0.0,0.0,0.0,Mark Sanchez,5.5,24.0,17.0,70.83,2.0,85.8,1.0,2.0,7.58,182.0,0.0,QB,3.0,0.0,9.67,29.0,,0.0,0.0,2011,2.0,2011-09-18,2.0,2.0,24.311,NYJ,0,JAX,W 32-3,*
2,26.96,0.0,0.0,0.0,0.0,0.0,Mark Sanchez,8.27,44.0,27.0,61.36,1.0,93.8,4.0,2.0,8.39,369.0,30.0,QB,2.0,1.0,1.0,2.0,,6.0,1.0,2011,3.0,2011-09-25,3.0,3.0,24.318,NYJ,@,OAK,L 24-34,*
3,-2.94,0.0,0.0,4.0,0.0,-15.0,Mark Sanchez,2.11,35.0,11.0,31.43,1.0,30.5,2.0,0.0,3.4,119.0,7.0,QB,3.0,0.0,1.0,3.0,,0.0,0.0,2011,4.0,2011-10-02,4.0,4.0,24.325,NYJ,@,BAL,L 17-34,*
4,14.64,0.0,0.0,0.0,0.0,0.0,Mark Sanchez,7.92,26.0,16.0,61.54,0.0,105.6,2.0,2.0,6.38,166.0,8.0,QB,0.0,0.0,0.0,0.0,,0.0,0.0,2011,5.0,2011-10-09,5.0,5.0,24.331999999999997,NYJ,@,NWE,L 21-30,*
5,18.54,0.0,0.0,0.0,0.0,0.0,Mark Sanchez,8.84,25.0,14.0,56.0,0.0,95.6,1.0,1.0,8.04,201.0,7.0,QB,1.0,1.0,5.0,5.0,,6.0,1.0,2011,6.0,2011-10-17,6.0,6.0,24.34,NYJ,0,MIA,W 24-6,*
6,19.42,0.0,0.0,0.0,0.0,0.0,Mark Sanchez,5.7,33.0,18.0,54.55,1.0,87.1,2.0,3.0,5.24,173.0,17.0,QB,3.0,0.0,8.33,25.0,,0.0,0.0,2011,7.0,2011-10-23,7.0,7.0,24.346,NYJ,0,SDG,W 27-21,*
7,8.9,0.0,0.0,1.0,0.0,-3.0,Mark Sanchez,7.32,28.0,20.0,71.43,1.0,92.9,1.0,1.0,8.21,230.0,8.0,QB,4.0,0.0,-0.75,-3.0,,0.0,0.0,2011,8.0,2011-11-06,8.0,9.0,24.36,NYJ,@,BUF,W 27-11,*
8,19.34,0.0,0.0,0.0,0.0,0.0,Mark Sanchez,6.05,39.0,20.0,51.28,2.0,64.7,5.0,1.0,7.85,306.0,38.0,QB,5.0,1.0,2.2,11.0,,6.0,1.0,2011,9.0,2011-11-13,9.0,10.0,25.002,NYJ,0,NWE,L 16-37,*
9,8.08,0.0,0.0,0.0,0.0,0.0,Mark Sanchez,5.18,40.0,24.0,60.0,1.0,67.9,3.0,0.0,6.3,252.0,17.0,QB,1.0,0.0,0.0,0.0,,0.0,0.0,2011,10.0,2011-11-17,10.0,11.0,25.006,NYJ,@,DEN,L 13-17,*
10,21.7,0.0,0.0,0.0,0.0,0.0,Mark Sanchez,6.14,35.0,17.0,48.57,1.0,90.2,0.0,4.0,5.14,180.0,0.0,QB,2.0,0.0,2.5,5.0,,0.0,0.0,2011,11.0,2011-11-27,11.0,12.0,25.016,NYJ,0,BUF,W 28-24,*
11,10.7,0.0,0.0,0.0,0.0,0.0,Mark Sanchez,5.78,32.0,19.0,59.38,0.0,83.5,0.0,1.0,5.16,165.0,0.0,QB,3.0,0.0,0.33,1.0,,0.0,0.0,2011,12.0,2011-12-04,12.0,13.0,25.023000000000003,NYJ,@,WAS,W 34-19,*
12,25.64,0.0,0.0,1.0,0.0,0.0,Mark Sanchez,10.52,21.0,13.0,61.9,0.0,121.3,3.0,2.0,8.62,181.0,26.0,QB,2.0,2.0,2.0,4.0,,12.0,2.0,2011,13.0,2011-12-11,13.0,14.0,25.03,NYJ,0,KAN,W 37-10,*
13,8.3,0.0,0.0,1.0,0.0,0.0,Mark Sanchez,3.85,26.0,15.0,57.69,2.0,67.8,4.0,2.0,5.77,150.0,30.0,QB,2.0,0.0,1.5,3.0,,0.0,0.0,2011,14.0,2011-12-18,14.0,15.0,25.037,NYJ,@,PHI,L 19-45,*
14,15.62,0.0,0.0,1.0,0.0,0.0,Mark Sanchez,3.19,59.0,30.0,50.85,2.0,54.2,5.0,1.0,4.37,258.0,32.0,QB,4.0,1.0,3.25,13.0,,6.0,1.0,2011,15.0,2011-12-24,15.0,16.0,25.043000000000003,NYJ,0,NYG,L 14-29,*
15,10.48,0.0,0.0,0.0,0.0,0.0,Mark Sanchez,3.5,32.0,21.0,65.63,3.0,65.5,2.0,2.0,6.47,207.0,3.0,QB,1.0,0.0,2.0,2.0,,0.0,0.0,2011,16.0,2012-01-01,16.0,17.0,25.051,NYJ,@,MIA,L 17-19,*
0,23.18,0.0,0.0,1.0,0.0,0.0,Michael Vick,7.09,32.0,14.0,43.75,0.0,83.7,3.0,2.0,5.84,187.0,20.0,QB,11.0,0.0,8.82,97.0,,0.0,0.0,2011,1.0,2011-09-11,1.0,1.0,31.076999999999998,PHI,@,STL,W 31-13,*
1,14.18,0.0,0.0,3.0,0.0,0.0,Michael Vick,8.46,28.0,19.0,67.86,1.0,103.6,0.0,2.0,8.64,242.0,0.0,QB,6.0,0.0,4.17,25.0,,0.0,0.0,2011,2.0,2011-09-18,2.0,2.0,31.084,PHI,@,ATL,L 31-35,*
2,8.14,0.0,0.0,3.0,0.0,0.0,Michael Vick,5.7,23.0,16.0,69.57,1.0,73.8,1.0,0.0,7.65,176.0,6.0,QB,7.0,0.0,4.43,31.0,,0.0,0.0,2011,3.0,2011-09-25,3.0,3.0,31.090999999999998,PHI,0,NYG,L 16-29,*
3,30.14,0.0,0.0,0.0,0.0,0.0,Michael Vick,8.93,46.0,30.0,65.22,1.0,99.5,2.0,2.0,9.04,416.0,11.0,QB,8.0,0.0,9.38,75.0,,0.0,0.0,2011,4.0,2011-10-02,4.0,4.0,31.098000000000003,PHI,0,SFO,L 23-24,*
4,21.6,0.0,0.0,0.0,0.0,0.0,Michael Vick,4.38,40.0,26.0,65.0,4.0,66.1,0.0,2.0,7.88,315.0,0.0,QB,6.0,0.0,15.0,90.0,,0.0,0.0,2011,5.0,2011-10-09,5.0,5.0,31.105,PHI,@,BUF,L 24-31,*
5,16.88,0.0,0.0,0.0,0.0,0.0,Michael Vick,6.84,31.0,18.0,58.06,1.0,79.6,2.0,1.0,7.65,237.0,7.0,QB,7.0,0.0,7.71,54.0,,0.0,0.0,2011,6.0,2011-10-16,6.0,6.0,31.112,PHI,@,WAS,W 20-13,*
6,24.16,0.0,0.0,1.0,0.0,0.0,Michael Vick,11.39,28.0,21.0,75.0,0.0,129.9,4.0,2.0,9.96,279.0,23.0,QB,7.0,0.0,7.14,50.0,,0.0,0.0,2011,7.0,2011-10-30,7.0,8.0,31.125999999999998,PHI,0,DAL,W 34-7,*
7,9.92,0.0,0.0,0.0,0.0,0.0,Michael Vick,4.42,38.0,21.0,55.26,1.0,60.5,1.0,0.0,5.61,213.0,2.0,QB,5.0,0.0,6.8,34.0,,0.0,0.0,2011,8.0,2011-11-07,8.0,9.0,31.134,PHI,0,CHI,L 24-30,*
8,9.02,0.0,0.0,0.0,0.0,0.0,Michael Vick,1.12,34.0,16.0,47.06,2.0,32.5,2.0,0.0,3.76,128.0,5.0,QB,8.0,0.0,9.88,79.0,,0.0,0.0,2011,9.0,2011-11-13,9.0,10.0,31.14,PHI,0,ARI,L 17-21,*
9,11.22,0.0,0.0,0.0,0.0,0.0,Michael Vick,6.1,30.0,15.0,50.0,1.0,69.9,4.0,1.0,6.93,208.0,20.0,QB,2.0,0.0,4.5,9.0,,0.0,0.0,2011,10.0,2011-12-11,13.0,14.0,31.168000000000003,PHI,@,MIA,W 26-10,*
10,22.16,0.0,0.0,1.0,0.0,-2.0,Michael Vick,11.32,22.0,15.0,68.18,1.0,107.0,0.0,1.0,12.45,274.0,0.0,QB,5.0,1.0,6.4,32.0,,6.0,1.0,2011,11.0,2011-12-18,14.0,15.0,31.175,PHI,0,NYJ,W 45-19,*
11,20.72,0.0,0.0,0.0,0.0,0.0,Michael Vick,10.41,32.0,18.0,56.25,0.0,107.9,2.0,2.0,9.16,293.0,12.0,QB,3.0,0.0,3.33,10.0,,0.0,0.0,2011,12.0,2011-12-24,15.0,16.0,31.180999999999997,PHI,@,DAL,W 20-7,*
12,21.7,0.0,0.0,1.0,0.0,0.0,Michael Vick,8.97,39.0,24.0,61.54,1.0,104.1,2.0,3.0,8.59,335.0,20.0,QB,1.0,0.0,3.0,3.0,,0.0,0.0,2011,13.0,2012-01-01,16.0,17.0,31.189,PHI,0,WAS,W 34-10,*
0,24.62,0.0,0.0,1.0,0.0,0.0,Ryan Fitzpatrick,11.52,25.0,17.0,68.0,0.0,133.0,1.0,4.0,8.32,208.0,7.0,QB,3.0,0.0,1.0,3.0,0.0,0.0,0.0,2011,1.0,2011-09-11,1.0,1.0,28.291,BUF,@,KAN,W 41-7,*
1,22.86,0.0,0.0,0.0,0.0,0.0,Ryan Fitzpatrick,6.07,46.0,28.0,60.87,1.0,89.4,0.0,3.0,5.74,264.0,0.0,QB,3.0,0.0,7.67,23.0,0.0,0.0,0.0,2011,2.0,2011-09-18,2.0,2.0,28.298000000000002,BUF,0,OAK,W 38-35,*
2,18.16,0.0,0.0,0.0,0.0,0.0,Ryan Fitzpatrick,7.98,40.0,27.0,67.5,2.0,92.6,0.0,2.0,9.23,369.0,0.0,QB,4.0,0.0,-1.5,-6.0,0.0,0.0,0.0,2011,3.0,2011-09-25,3.0,3.0,28.305,BUF,0,NWE,W 34-31,*
3,8.46,0.0,0.0,0.0,0.0,0.0,Ryan Fitzpatrick,5.85,34.0,20.0,58.82,0.0,75.5,1.0,0.0,5.85,199.0,9.0,QB,1.0,0.0,5.0,5.0,0.0,0.0,0.0,2011,4.0,2011-10-02,4.0,4.0,28.311999999999998,BUF,@,CIN,L 20-23,*
4,10.42,0.0,0.0,0.0,0.0,0.0,Ryan Fitzpatrick,6.22,27.0,21.0,77.78,1.0,93.4,1.0,1.0,7.15,193.0,5.0,QB,3.0,0.0,2.33,7.0,0.0,0.0,0.0,2011,5.0,2011-10-09,5.0,5.0,28.319000000000003,BUF,0,PHI,W 31-24,*
5,14.56,0.0,0.0,1.0,0.0,0.0,Ryan Fitzpatrick,6.47,30.0,21.0,70.0,2.0,88.7,3.0,2.0,8.13,244.0,25.0,QB,3.0,0.0,2.67,8.0,0.0,0.0,0.0,2011,6.0,2011-10-16,6.0,6.0,28.326,BUF,@,NYG,L 24-27,*
6,14.88,0.0,0.0,1.0,0.0,0.0,Ryan Fitzpatrick,9.52,27.0,21.0,77.78,1.0,116.4,2.0,2.0,9.7,262.0,10.0,QB,3.0,0.0,1.33,4.0,0.0,0.0,0.0,2011,7.0,2011-10-30,7.0,8.0,28.34,BUF,0,WAS,W 23-0,*
7,10.54,0.0,0.0,0.0,0.0,0.0,Ryan Fitzpatrick,3.9,31.0,15.0,48.39,2.0,51.9,0.0,1.0,6.16,191.0,0.0,QB,2.0,0.0,4.5,9.0,1.0,2.0,0.0,2011,8.0,2011-11-06,8.0,9.0,28.346999999999998,BUF,0,NYJ,L 11-27,*
8,5.84,0.0,0.0,0.0,0.0,0.0,Ryan Fitzpatrick,1.0,31.0,20.0,64.52,3.0,46.6,1.0,1.0,4.71,146.0,10.0,QB,3.0,0.0,6.67,20.0,0.0,0.0,0.0,2011,9.0,2011-11-13,9.0,10.0,28.354,BUF,@,DAL,L 7-44,*
9,5.96,0.0,0.0,3.0,0.0,0.0,Ryan Fitzpatrick,3.05,39.0,20.0,51.28,2.0,45.8,2.0,0.0,5.36,209.0,11.0,QB,7.0,0.0,2.29,16.0,0.0,0.0,0.0,2011,10.0,2011-11-20,10.0,11.0,28.361,BUF,@,MIA,L 8-35,*
10,25.96,0.0,0.0,0.0,0.0,0.0,Ryan Fitzpatrick,8.31,39.0,26.0,66.67,0.0,111.5,3.0,3.0,6.77,264.0,14.0,QB,5.0,0.0,6.8,34.0,0.0,0.0,0.0,2011,11.0,2011-11-27,11.0,12.0,29.003,BUF,@,NYJ,L 24-28,*
11,13.62,0.0,0.0,1.0,0.0,0.0,Ryan Fitzpatrick,6.7,46.0,29.0,63.04,0.0,88.0,1.0,1.0,6.26,288.0,6.0,QB,4.0,0.0,0.25,1.0,0.0,0.0,0.0,2011,12.0,2011-12-04,12.0,13.0,29.01,BUF,0,TEN,L 17-23,*
12,5.64,0.0,0.0,0.0,0.0,0.0,Ryan Fitzpatrick,2.53,34.0,13.0,38.24,2.0,31.0,1.0,0.0,5.18,176.0,10.0,QB,5.0,0.0,5.2,26.0,0.0,0.0,0.0,2011,13.0,2011-12-11,13.0,14.0,29.017,BUF,@,SDG,L 10-37,*
13,15.34,0.0,0.0,0.0,0.0,0.0,Ryan Fitzpatrick,4.7,47.0,31.0,65.96,3.0,72.7,3.0,2.0,6.72,316.0,25.0,QB,2.0,0.0,3.5,7.0,0.0,0.0,0.0,2011,14.0,2011-12-18,14.0,15.0,29.024,BUF,0,MIA,L 23-30,*
14,10.04,0.0,0.0,0.0,0.0,0.0,Ryan Fitzpatrick,7.26,27.0,15.0,55.56,0.0,78.6,1.0,0.0,7.26,196.0,5.0,QB,3.0,0.0,7.33,22.0,0.0,0.0,0.0,2011,15.0,2011-12-24,15.0,16.0,29.03,BUF,0,DEN,W 40-14,*
15,15.88,0.0,0.0,0.0,0.0,0.0,Ryan Fitzpatrick,3.63,46.0,29.0,63.04,4.0,60.7,2.0,2.0,6.67,307.0,11.0,QB,5.0,0.0,7.2,36.0,0.0,0.0,0.0,2011,16.0,2012-01-01,16.0,17.0,29.038,BUF,@,NWE,L 21-49,*
0,6.1,0.0,0.0,2.0,0.0,0.0,Ben Roethlisberger,4.02,41.0,22.0,53.66,3.0,52.9,4.0,1.0,6.83,280.0,34.0,QB,1.0,0.0,9.0,9.0,,,,2011,1.0,2011-09-11,1.0,1.0,29.193,PIT,@,BAL,L 7-35,*
1,16.72,0.0,0.0,0.0,0.0,0.0,Ben Roethlisberger,10.6,30.0,22.0,73.33,0.0,115.7,2.0,1.0,9.93,298.0,16.0,QB,5.0,0.0,1.6,8.0,,,,2011,2.0,2011-09-18,2.0,2.0,29.2,PIT,0,SEA,W 24-0,*
2,14.06,0.0,0.0,2.0,0.0,0.0,Ben Roethlisberger,9.16,37.0,25.0,67.57,1.0,97.1,3.0,1.0,9.84,364.0,23.0,QB,5.0,0.0,3.0,15.0,,,,2011,3.0,2011-09-25,3.0,3.0,29.206999999999997,PIT,@,IND,W 23-20,*
3,7.34,0.0,0.0,0.0,0.0,0.0,Ben Roethlisberger,5.37,30.0,16.0,53.33,1.0,61.3,5.0,0.0,6.87,206.0,28.0,QB,2.0,0.0,5.5,11.0,,,,2011,4.0,2011-10-02,4.0,4.0,29.214000000000002,PIT,@,HOU,L 10-17,*
4,27.12,0.0,0.0,0.0,0.0,0.0,Ben Roethlisberger,8.32,34.0,24.0,70.59,1.0,116.2,1.0,5.0,6.71,228.0,4.0,QB,0.0,0.0,0.0,0.0,,,,2011,5.0,2011-10-09,5.0,5.0,29.221,PIT,0,TEN,W 38-17,*
5,12.9,0.0,0.0,1.0,0.0,0.0,Ben Roethlisberger,9.57,23.0,12.0,52.17,0.0,96.3,3.0,1.0,8.7,200.0,15.0,QB,3.0,0.0,3.0,9.0,,,,2011,6.0,2011-10-16,6.0,6.0,29.228,PIT,0,JAX,W 17-13,*
6,26.24,0.0,0.0,0.0,0.0,0.0,Ben Roethlisberger,10.79,39.0,26.0,66.67,0.0,121.8,2.0,3.0,9.26,361.0,7.0,QB,2.0,0.0,-1.0,-2.0,,,,2011,7.0,2011-10-23,7.0,7.0,29.235,PIT,@,ARI,W 32-20,*
7,20.7,0.0,0.0,1.0,0.0,0.0,Ben Roethlisberger,7.2,50.0,36.0,72.0,1.0,97.5,5.0,2.0,7.3,365.0,36.0,QB,2.0,0.0,0.5,1.0,,,,2011,8.0,2011-10-30,8.0,8.0,29.241999999999997,PIT,0,NWE,W 25-17,*
8,16.5,0.0,0.0,0.0,0.0,0.0,Ben Roethlisberger,8.24,37.0,20.0,54.05,1.0,82.0,1.0,1.0,8.92,330.0,8.0,QB,3.0,0.0,4.33,13.0,,,,2011,9.0,2011-11-06,9.0,9.0,29.249000000000002,PIT,0,BAL,L 20-23,*
9,11.6,0.0,0.0,0.0,0.0,0.0,Ben Roethlisberger,6.67,33.0,21.0,63.64,1.0,83.5,5.0,1.0,7.42,245.0,22.0,QB,3.0,0.0,-0.67,-2.0,,,,2011,10.0,2011-11-13,10.0,10.0,29.256,PIT,@,CIN,W 24-17,*
10,10.52,0.0,0.0,0.0,0.0,0.0,Ben Roethlisberger,5.42,31.0,21.0,67.74,1.0,81.8,1.0,1.0,6.23,193.0,11.0,QB,4.0,0.0,2.0,8.0,,,,2011,11.0,2011-11-27,11.0,12.0,29.27,PIT,@,KAN,W 13-9,*
11,15.04,0.0,0.0,0.0,0.0,0.0,Ben Roethlisberger,9.39,23.0,15.0,65.22,0.0,117.3,2.0,2.0,7.65,176.0,13.0,QB,0.0,0.0,0.0,0.0,,,,2011,12.0,2011-12-04,12.0,13.0,29.276999999999997,PIT,0,CIN,W 35-7,*
12,17.2,0.0,0.0,0.0,0.0,0.0,Ben Roethlisberger,13.1,21.0,16.0,76.19,1.0,129.6,1.0,2.0,13.33,280.0,5.0,QB,0.0,0.0,0.0,0.0,,,,2011,13.0,2011-12-08,13.0,14.0,29.281,PIT,0,CLE,W 14-3,*
13,5.2,0.0,0.0,2.0,0.0,-10.0,Ben Roethlisberger,4.43,44.0,25.0,56.82,3.0,52.3,3.0,0.0,7.5,330.0,25.0,QB,1.0,0.0,0.0,0.0,,,,2011,14.0,2011-12-19,14.0,15.0,29.291999999999998,PIT,@,SFO,L 3-20,*
14,8.84,0.0,0.0,0.0,0.0,0.0,Ben Roethlisberger,5.53,40.0,23.0,57.5,0.0,73.0,2.0,0.0,5.53,221.0,22.0,QB,0.0,0.0,0.0,0.0,,,,2011,15.0,2012-01-01,16.0,17.0,29.305,PIT,@,CLE,W 13-9,*
0,14.56,0.0,0.0,2.0,0.0,0.0,Josh Freeman,5.44,43.0,28.0,65.12,1.0,79.5,2.0,1.0,6.02,259.0,7.0,QB,4.0,0.0,6.5,26.0,,0.0,0.0,2011,1.0,2011-09-11,1.0,1.0,23.241,TAM,0,DET,L 20-27,*
1,13.32,0.0,0.0,0.0,0.0,0.0,Josh Freeman,7.03,31.0,22.0,70.97,1.0,91.2,2.0,1.0,7.84,243.0,13.0,QB,3.0,0.0,5.33,16.0,,0.0,0.0,2011,2.0,2011-09-18,2.0,2.0,23.248,TAM,@,MIN,W 24-20,*
2,12.7,0.0,0.0,0.0,0.0,0.0,Josh Freeman,2.81,32.0,22.0,68.75,2.0,56.8,0.0,0.0,5.63,180.0,0.0,QB,10.0,1.0,3.5,35.0,,6.0,1.0,2011,3.0,2011-09-25,3.0,3.0,23.255,TAM,0,ATL,W 16-13,*
3,24.18,0.0,0.0,0.0,0.0,0.0,Josh Freeman,7.87,39.0,25.0,64.1,0.0,94.7,2.0,1.0,7.36,287.0,13.0,QB,6.0,1.0,4.5,27.0,,6.0,1.0,2011,4.0,2011-10-03,4.0,4.0,23.263,TAM,0,IND,W 24-17,*
4,3.68,0.0,0.0,0.0,0.0,0.0,Josh Freeman,2.94,33.0,17.0,51.52,2.0,43.4,2.0,0.0,5.67,187.0,6.0,QB,1.0,0.0,2.0,2.0,,0.0,0.0,2011,5.0,2011-10-09,5.0,5.0,23.269000000000002,TAM,@,SFO,L 3-48,*
5,20.42,0.0,0.0,0.0,0.0,0.0,Josh Freeman,8.37,41.0,23.0,56.1,0.0,95.9,0.0,2.0,7.39,303.0,0.0,QB,4.0,0.0,0.75,3.0,,0.0,0.0,2011,6.0,2011-10-16,6.0,6.0,23.276,TAM,0,NOR,W 26-20,*
6,10.56,0.0,0.0,0.0,0.0,0.0,Josh Freeman,2.43,51.0,29.0,56.86,4.0,51.4,1.0,2.0,5.18,264.0,14.0,QB,0.0,0.0,0.0,0.0,,0.0,0.0,2011,7.0,2011-10-23,7.0,7.0,23.283,TAM,0,CHI,L 18-24,*
7,16.04,0.0,0.0,0.0,0.0,0.0,Josh Freeman,8.14,37.0,27.0,72.97,0.0,103.5,1.0,1.0,7.59,281.0,0.0,QB,3.0,0.0,2.67,8.0,,0.0,0.0,2011,8.0,2011-11-06,8.0,9.0,23.296999999999997,TAM,@,NOR,L 16-27,*
8,7.3,0.0,0.0,0.0,0.0,0.0,Josh Freeman,1.67,33.0,15.0,45.45,3.0,33.6,4.0,1.0,5.15,170.0,29.0,QB,3.0,0.0,8.33,25.0,,0.0,0.0,2011,9.0,2011-11-13,9.0,10.0,23.304000000000002,TAM,0,HOU,L 9-37,*
9,18.18,0.0,0.0,0.0,0.0,0.0,Josh Freeman,7.68,38.0,28.0,73.68,2.0,96.6,2.0,2.0,9.0,342.0,8.0,QB,1.0,0.0,5.0,5.0,,0.0,0.0,2011,10.0,2011-11-20,10.0,11.0,23.311,TAM,@,GNB,L 26-35,*
10,8.96,0.0,0.0,2.0,0.0,0.0,Josh Freeman,5.27,33.0,18.0,54.55,1.0,70.1,2.0,1.0,6.03,199.0,13.0,QB,3.0,0.0,3.33,10.0,,0.0,0.0,2011,11.0,2011-11-27,11.0,12.0,23.318,TAM,@,TEN,L 17-23,*
11,9.84,0.0,0.0,2.0,0.0,0.0,Josh Freeman,3.03,30.0,16.0,53.33,2.0,43.9,3.0,0.0,6.03,181.0,14.0,QB,4.0,1.0,6.5,26.0,,6.0,1.0,2011,12.0,2011-12-11,13.0,14.0,23.331999999999997,TAM,@,JAX,L 14-41,*
12,13.62,0.0,0.0,1.0,0.0,0.0,Josh Freeman,6.22,27.0,17.0,62.96,0.0,89.7,3.0,1.0,5.48,148.0,16.0,QB,4.0,0.0,9.25,37.0,,0.0,0.0,2011,13.0,2011-12-17,14.0,15.0,23.338,TAM,0,DAL,L 15-31,*
13,17.36,0.0,0.0,1.0,0.0,-9.0,Josh Freeman,6.55,38.0,28.0,73.68,1.0,91.3,3.0,1.0,7.21,274.0,16.0,QB,6.0,1.0,0.67,4.0,,6.0,1.0,2011,14.0,2011-12-24,15.0,16.0,23.345,TAM,@,CAR,L 16-48,*
14,14.36,0.0,0.0,1.0,0.0,-4.0,Josh Freeman,3.98,45.0,31.0,68.89,3.0,71.9,2.0,2.0,6.09,274.0,15.0,QB,3.0,0.0,4.67,14.0,,0.0,0.0,2011,15.0,2012-01-01,16.0,17.0,23.353,TAM,@,ATL,L 24-45,*
0,13.16,0.0,0.0,1.0,0.0,0.0,Alex Smith,6.2,20.0,15.0,75.0,0.0,90.4,0.0,0.0,6.2,124.0,0.0,QB,7.0,1.0,3.14,22.0,,6.0,1.0,2011,1.0,2011-09-11,1.0,1.0,27.127,SFO,0,SEA,W 33-17,*
1,15.26,0.0,0.0,0.0,0.0,0.0,Alex Smith,7.25,24.0,16.0,66.67,1.0,99.1,6.0,2.0,7.46,179.0,47.0,QB,3.0,0.0,7.0,21.0,,0.0,0.0,2011,2.0,2011-09-18,2.0,2.0,27.134,SFO,0,DAL,L 24-27,*
2,8.04,0.0,0.0,0.0,0.0,0.0,Alex Smith,6.7,30.0,20.0,66.67,0.0,85.6,5.0,0.0,6.7,201.0,25.0,QB,0.0,0.0,0.0,0.0,,0.0,0.0,2011,3.0,2011-09-25,3.0,3.0,27.141,SFO,@,CIN,W 13-8,*
3,17.54,0.0,0.0,2.0,0.0,0.0,Alex Smith,10.03,33.0,21.0,63.64,0.0,112.1,3.0,2.0,8.82,291.0,13.0,QB,1.0,0.0,-1.0,-1.0,,0.0,0.0,2011,4.0,2011-10-02,4.0,4.0,27.148000000000003,SFO,@,PHI,W 24-23,*
4,18.8,0.0,0.0,0.0,0.0,0.0,Alex Smith,12.11,19.0,11.0,57.89,0.0,127.2,0.0,3.0,8.95,170.0,0.0,QB,0.0,0.0,0.0,0.0,,0.0,0.0,2011,5.0,2011-10-09,5.0,5.0,27.155,SFO,0,TAM,W 48-3,*
5,5.5,0.0,0.0,1.0,0.0,0.0,Alex Smith,3.13,32.0,17.0,53.13,1.0,60.0,2.0,1.0,3.91,125.0,14.0,QB,2.0,0.0,2.5,5.0,,0.0,0.0,2011,6.0,2011-10-16,6.0,6.0,27.162,SFO,@,DET,W 25-19,*
6,13.28,0.0,0.0,1.0,0.0,0.0,Alex Smith,8.21,24.0,15.0,62.5,0.0,98.8,1.0,1.0,7.38,177.0,3.0,QB,4.0,0.0,5.5,22.0,,0.0,0.0,2011,7.0,2011-10-30,7.0,8.0,27.176,SFO,0,CLE,W 20-10,*
7,12.9,0.0,0.0,0.0,0.0,0.0,Alex Smith,9.17,24.0,17.0,70.83,0.0,109.7,2.0,1.0,8.33,200.0,12.0,QB,4.0,0.0,2.25,9.0,,0.0,0.0,2011,8.0,2011-11-06,8.0,9.0,27.183000000000003,SFO,@,WAS,W 19-11,*
8,16.38,0.0,0.0,0.0,0.0,0.0,Alex Smith,7.23,30.0,19.0,63.33,1.0,85.7,2.0,1.0,8.07,242.0,14.0,QB,6.0,0.0,4.5,27.0,,0.0,0.0,2011,9.0,2011-11-13,9.0,10.0,27.19,SFO,0,NYG,W 27-20,*
9,18.38,0.0,0.0,0.0,0.0,0.0,Alex Smith,6.89,38.0,20.0,52.63,1.0,81.8,0.0,2.0,7.03,267.0,0.0,QB,7.0,0.0,2.43,17.0,,0.0,0.0,2011,10.0,2011-11-20,10.0,11.0,27.197,SFO,0,ARI,W 23-7,*
10,4.8,0.0,0.0,1.0,0.0,0.0,Alex Smith,3.96,24.0,15.0,62.5,1.0,61.1,9.0,0.0,5.83,140.0,44.0,QB,2.0,0.0,6.0,12.0,,0.0,0.0,2011,11.0,2011-11-24,11.0,12.0,27.201,SFO,@,BAL,L 6-16,*
11,19.96,0.0,0.0,0.0,0.0,0.0,Alex Smith,13.65,23.0,17.0,73.91,0.0,142.3,4.0,2.0,11.91,274.0,29.0,QB,2.0,0.0,5.0,10.0,,0.0,0.0,2011,12.0,2011-12-04,12.0,13.0,27.211,SFO,0,STL,W 26-0,*
12,6.7,0.0,0.0,0.0,0.0,0.0,Alex Smith,4.73,37.0,18.0,48.65,0.0,62.3,5.0,0.0,4.73,175.0,32.0,QB,1.0,0.0,-3.0,-3.0,,0.0,0.0,2011,13.0,2011-12-11,13.0,14.0,27.218000000000004,SFO,@,ARI,L 19-21,*
13,12.68,0.0,0.0,0.0,0.0,0.0,Alex Smith,6.68,31.0,18.0,58.06,0.0,86.4,0.0,1.0,6.03,187.0,0.0,QB,3.0,0.0,4.0,12.0,,0.0,0.0,2011,14.0,2011-12-19,14.0,15.0,27.226,SFO,0,PIT,W 20-3,*
14,9.36,0.0,0.0,1.0,0.0,0.0,Alex Smith,6.88,26.0,14.0,53.85,0.0,75.6,2.0,0.0,6.88,179.0,8.0,QB,5.0,0.0,4.4,22.0,,0.0,0.0,2011,15.0,2011-12-24,15.0,16.0,27.230999999999998,SFO,@,SEA,W 19-17,*
15,18.92,0.0,0.0,0.0,0.0,0.0,Alex Smith,7.77,30.0,20.0,66.67,0.0,98.3,3.0,1.0,7.1,213.0,22.0,QB,5.0,1.0,0.8,4.0,,6.0,1.0,2011,16.0,2012-01-01,16.0,17.0,27.239,SFO,@,STL,W 34-27,*
0,20.96,0.0,0.0,0.0,0.0,0.0,Joe Flacco,9.79,29.0,17.0,58.62,0.0,117.6,1.0,3.0,7.72,224.0,9.0,QB,0.0,0.0,0.0,0.0,,0.0,0.0,2011,1.0,2011-09-11,1.0,1.0,26.238000000000003,BAL,0,PIT,W 35-7,*
1,7.88,0.0,0.0,1.0,0.0,0.0,Joe Flacco,3.97,32.0,15.0,46.88,2.0,51.2,3.0,1.0,6.16,197.0,13.0,QB,0.0,0.0,0.0,0.0,,0.0,0.0,2011,2.0,2011-09-18,2.0,2.0,26.245,BAL,@,TEN,L 13-26,*
2,28.26,0.0,0.0,2.0,0.0,0.0,Joe Flacco,9.35,48.0,27.0,56.25,0.0,103.6,2.0,3.0,8.1,389.0,4.0,QB,8.0,0.0,3.38,27.0,,0.0,0.0,2011,3.0,2011-09-25,3.0,3.0,26.252,BAL,@,STL,W 37-7,*
3,2.22,0.0,0.0,1.0,0.0,0.0,Joe Flacco,3.81,31.0,10.0,32.26,1.0,37.4,2.0,0.0,5.26,163.0,8.0,QB,3.0,0.0,-1.0,-3.0,,0.0,0.0,2011,4.0,2011-10-02,4.0,4.0,26.259,BAL,0,NYJ,W 34-17,*
4,14.1,0.0,0.0,1.0,0.0,0.0,Joe Flacco,7.88,33.0,20.0,60.61,1.0,78.5,2.0,0.0,9.24,305.0,16.0,QB,3.0,1.0,-0.33,-1.0,,6.0,1.0,2011,5.0,2011-10-16,5.0,6.0,26.273000000000003,BAL,0,HOU,W 29-14,*
5,6.68,0.0,0.0,1.0,0.0,0.0,Joe Flacco,2.95,38.0,21.0,55.26,1.0,61.0,3.0,1.0,3.61,137.0,25.0,QB,0.0,0.0,0.0,0.0,,0.0,0.0,2011,6.0,2011-10-24,6.0,7.0,26.281,BAL,@,JAX,L 7-12,*
6,10.94,0.0,0.0,2.0,0.0,0.0,Joe Flacco,5.71,51.0,31.0,60.78,1.0,72.0,3.0,0.0,6.59,336.0,38.0,QB,4.0,0.0,3.75,15.0,,0.0,0.0,2011,7.0,2011-10-30,7.0,8.0,26.287,BAL,0,ARI,W 30-27,*
7,14.0,0.0,0.0,1.0,0.0,0.0,Joe Flacco,6.81,47.0,28.0,59.57,0.0,85.4,3.0,1.0,6.38,300.0,11.0,QB,0.0,0.0,0.0,0.0,,0.0,0.0,2011,8.0,2011-11-06,8.0,9.0,26.294,BAL,@,PIT,W 23-20,*
8,13.0,0.0,0.0,0.0,0.0,0.0,Joe Flacco,4.42,52.0,29.0,55.77,1.0,67.4,1.0,1.0,4.9,255.0,8.0,QB,2.0,0.0,4.0,8.0,,0.0,0.0,2011,9.0,2011-11-13,9.0,10.0,26.301,BAL,@,SEA,L 17-22,*
9,16.6,0.0,0.0,1.0,0.0,-7.0,Joe Flacco,9.81,27.0,17.0,62.96,1.0,105.5,1.0,2.0,10.0,270.0,2.0,QB,3.0,0.0,-0.67,-2.0,,0.0,0.0,2011,10.0,2011-11-20,10.0,11.0,26.308000000000003,BAL,0,CIN,W 31-24,*
10,10.64,0.0,0.0,0.0,0.0,0.0,Joe Flacco,7.87,23.0,15.0,65.22,0.0,100.1,0.0,1.0,7.0,161.0,0.0,QB,6.0,0.0,0.33,2.0,,0.0,0.0,2011,11.0,2011-11-24,11.0,12.0,26.311999999999998,BAL,0,SFO,W 16-6,*
11,4.22,0.0,0.0,1.0,0.0,0.0,Joe Flacco,6.87,23.0,10.0,43.48,0.0,66.9,1.0,0.0,6.87,158.0,0.0,QB,4.0,0.0,-0.25,-1.0,,0.0,0.0,2011,12.0,2011-12-04,12.0,13.0,26.322,BAL,@,CLE,W 24-10,*
12,15.08,0.0,0.0,0.0,0.0,0.0,Joe Flacco,7.16,31.0,23.0,74.19,1.0,102.5,2.0,2.0,7.32,227.0,15.0,QB,0.0,0.0,0.0,0.0,,0.0,0.0,2011,13.0,2011-12-11,13.0,14.0,26.329,BAL,0,IND,W 24-10,*
13,14.24,0.0,0.0,0.0,0.0,0.0,Joe Flacco,5.18,34.0,23.0,67.65,2.0,81.3,5.0,2.0,6.65,226.0,40.0,QB,1.0,0.0,12.0,12.0,,0.0,0.0,2011,14.0,2011-12-18,14.0,15.0,26.336,BAL,@,SDG,L 14-34,*
14,14.28,0.0,0.0,0.0,0.0,0.0,Joe Flacco,5.29,24.0,11.0,45.83,1.0,73.6,1.0,2.0,5.5,132.0,10.0,QB,4.0,0.0,7.5,30.0,,0.0,0.0,2011,15.0,2011-12-24,15.0,16.0,26.342,BAL,0,CLE,W 20-14,*
15,9.3,0.0,0.0,0.0,0.0,0.0,Joe Flacco,7.89,19.0,15.0,78.95,0.0,112.7,1.0,1.0,6.84,130.0,4.0,QB,1.0,0.0,1.0,1.0,,0.0,0.0,2011,16.0,2012-01-01,16.0,17.0,26.35,BAL,@,CIN,W 24-16,*
0,7.24,0.0,0.0,1.0,0.0,0.0,Andy Dalton,6.73,15.0,10.0,66.67,0.0,102.4,3.0,1.0,5.4,81.0,11.0,QB,0.0,0.0,0.0,0.0,,0.0,0.0,2011,1.0,2011-09-11,1.0,1.0,23.316999999999997,CIN,@,CLE,W 27-17,*
1,21.58,0.0,0.0,0.0,0.0,0.0,Andy Dalton,9.07,41.0,27.0,65.85,0.0,107.0,2.0,2.0,8.1,332.0,22.0,QB,2.0,0.0,1.5,3.0,,0.0,0.0,2011,2.0,2011-09-18,2.0,2.0,23.324,CIN,@,DEN,L 22-24,*
2,2.78,0.0,0.0,0.0,0.0,0.0,Andy Dalton,2.09,32.0,17.0,53.13,2.0,40.8,1.0,0.0,4.91,157.0,8.0,QB,1.0,0.0,5.0,5.0,,0.0,0.0,2011,3.0,2011-09-25,3.0,3.0,23.331,CIN,0,SFO,L 8-13,*
3,19.12,0.0,0.0,0.0,0.0,0.0,Andy Dalton,6.33,36.0,18.0,50.0,2.0,64.4,2.0,1.0,8.28,298.0,11.0,QB,3.0,1.0,4.0,12.0,,6.0,1.0,2011,4.0,2011-10-02,4.0,4.0,23.338,CIN,0,BUF,W 23-20,*
4,13.16,0.0,0.0,0.0,0.0,0.0,Andy Dalton,5.27,33.0,21.0,63.64,1.0,85.3,2.0,2.0,5.42,179.0,17.0,QB,0.0,0.0,0.0,0.0,,0.0,0.0,2011,5.0,2011-10-09,5.0,5.0,23.345,CIN,@,JAX,W 30-20,*
5,14.46,0.0,0.0,0.0,0.0,0.0,Andy Dalton,8.88,32.0,25.0,78.13,0.0,111.5,0.0,1.0,8.25,264.0,0.0,QB,2.0,0.0,-0.5,-1.0,,0.0,0.0,2011,6.0,2011-10-16,6.0,6.0,23.351999999999997,CIN,0,IND,W 27-17,*
6,11.02,0.0,0.0,0.0,0.0,0.0,Andy Dalton,4.07,29.0,18.0,62.07,2.0,72.2,1.0,2.0,5.79,168.0,8.0,QB,2.0,0.0,1.5,3.0,,0.0,0.0,2011,7.0,2011-10-30,7.0,8.0,24.000999999999998,CIN,@,SEA,W 34-12,*
7,21.08,0.0,0.0,0.0,0.0,0.0,Andy Dalton,7.1,39.0,22.0,56.41,0.0,97.9,1.0,3.0,5.56,217.0,7.0,QB,3.0,0.0,1.33,4.0,,0.0,0.0,2011,8.0,2011-11-06,8.0,9.0,24.008000000000003,CIN,@,TEN,W 24-17,*
8,10.8,0.0,0.0,0.0,0.0,0.0,Andy Dalton,4.0,30.0,15.0,50.0,2.0,61.8,0.0,2.0,5.67,170.0,0.0,QB,0.0,0.0,0.0,0.0,,0.0,0.0,2011,9.0,2011-11-13,9.0,10.0,24.015,CIN,0,PIT,L 17-24,*
9,16.12,0.0,0.0,1.0,0.0,0.0,Andy Dalton,5.73,45.0,24.0,53.33,3.0,60.7,2.0,1.0,8.29,373.0,9.0,QB,4.0,0.0,8.0,32.0,,0.0,0.0,2011,10.0,2011-11-20,10.0,11.0,24.022,CIN,@,BAL,L 24-31,*
10,15.1,0.0,0.0,1.0,0.0,0.0,Andy Dalton,9.35,31.0,21.0,67.74,0.0,105.6,2.0,1.0,8.71,270.0,13.0,QB,6.0,0.0,3.83,23.0,,0.0,0.0,2011,11.0,2011-11-27,11.0,12.0,24.029,CIN,0,CLE,W 23-20,*
11,10.0,0.0,0.0,0.0,0.0,0.0,Andy Dalton,6.46,24.0,11.0,45.83,0.0,77.6,3.0,1.0,5.63,135.0,24.0,QB,2.0,0.0,3.0,6.0,,0.0,0.0,2011,12.0,2011-12-04,12.0,13.0,24.035999999999998,CIN,@,PIT,L 7-35,*
12,9.76,0.0,0.0,1.0,0.0,0.0,Andy Dalton,7.46,28.0,16.0,57.14,0.0,89.7,1.0,1.0,6.75,189.0,5.0,QB,1.0,0.0,2.0,2.0,,0.0,0.0,2011,13.0,2011-12-11,13.0,14.0,24.043000000000003,CIN,0,HOU,L 19-20,*
13,4.96,0.0,0.0,0.0,0.0,0.0,Andy Dalton,5.15,26.0,15.0,57.69,1.0,62.8,1.0,0.0,6.88,179.0,6.0,QB,2.0,0.0,-1.0,-2.0,,0.0,0.0,2011,14.0,2011-12-18,14.0,15.0,24.05,CIN,@,STL,W 20-13,*
14,18.96,0.0,0.0,0.0,0.0,0.0,Andy Dalton,6.26,31.0,18.0,58.06,0.0,92.7,2.0,2.0,4.97,154.0,18.0,QB,5.0,0.0,9.6,48.0,,0.0,0.0,2011,15.0,2011-12-24,15.0,16.0,24.055999999999997,CIN,0,ARI,W 23-16,*
15,10.98,0.0,0.0,0.0,0.0,0.0,Andy Dalton,5.27,44.0,22.0,50.0,0.0,65.7,1.0,0.0,5.27,232.0,1.0,QB,4.0,0.0,4.25,17.0,,0.0,0.0,2011,16.0,2012-01-01,16.0,17.0,24.064,CIN,0,BAL,L 16-24,*
0,,0.0,0.0,0.0,0.0,0.0,Tim Tebow,0.0,0.0,0.0,0.0,0.0,0.0,0.0,0.0,0.0,0.0,0.0,QB,0.0,0.0,0.0,0.0,0.0,0.0,0.0,2011,1.0,2011-09-18,2.0,2.0,24.035,DEN,0,CIN,W 24-22,0
1,,0.0,0.0,0.0,0.0,0.0,Tim Tebow,0.0,0.0,0.0,0.0,0.0,0.0,0.0,0.0,0.0,0.0,0.0,QB,1.0,0.0,-1.0,-1.0,0.0,0.0,0.0,2011,2.0,2011-10-02,4.0,4.0,24.049,DEN,@,GNB,L 23-49,0
2,16.96,0.0,0.0,0.0,0.0,0.0,Tim Tebow,9.9,10.0,4.0,40.0,0.0,101.7,0.0,1.0,7.9,79.0,0.0,QB,6.0,1.0,6.33,38.0,0.0,6.0,1.0,2011,3.0,2011-10-09,5.0,5.0,24.055999999999997,DEN,0,SDG,L 24-29,0
3,22.34,0.0,0.0,1.0,0.0,0.0,Tim Tebow,7.44,27.0,13.0,48.15,0.0,91.7,6.0,2.0,5.96,161.0,30.0,QB,9.0,0.0,6.56,59.0,1.0,2.0,0.0,2011,4.0,2011-10-23,6.0,7.0,24.07,DEN,@,MIA,W 18-15,*
4,13.18,0.0,2.0,3.0,0.0,-3.0,Tim Tebow,3.77,39.0,18.0,46.15,1.0,56.8,7.0,1.0,4.41,172.0,55.0,QB,10.0,0.0,6.3,63.0,0.0,0.0,0.0,2011,5.0,2011-10-30,7.0,8.0,24.076999999999998,DEN,0,DET,L 10-45,*
5,24.76,0.0,0.0,0.0,0.0,0.0,Tim Tebow,7.81,21.0,10.0,47.62,0.0,98.1,1.0,2.0,5.9,124.0,11.0,QB,13.0,0.0,9.08,118.0,0.0,0.0,0.0,2011,6.0,2011-11-06,8.0,9.0,24.084,DEN,@,OAK,W 38-24,*
6,17.06,0.0,0.0,0.0,0.0,0.0,Tim Tebow,11.13,8.0,2.0,25.0,0.0,102.6,0.0,1.0,8.63,69.0,0.0,QB,9.0,1.0,4.78,43.0,0.0,6.0,1.0,2011,7.0,2011-11-13,9.0,10.0,24.090999999999998,DEN,@,KAN,W 17-10,*
7,16.96,0.0,0.0,0.0,0.0,0.0,Tim Tebow,5.2,20.0,9.0,45.0,0.0,61.2,1.0,0.0,5.2,104.0,0.0,QB,8.0,1.0,8.5,68.0,0.0,6.0,1.0,2011,8.0,2011-11-17,10.0,11.0,24.095,DEN,0,NYJ,W 17-13,*
8,16.42,0.0,0.0,1.0,0.0,-1.0,Tim Tebow,9.06,18.0,9.0,50.0,0.0,95.4,1.0,1.0,7.94,143.0,2.0,QB,22.0,0.0,3.05,67.0,0.0,0.0,0.0,2011,9.0,2011-11-27,11.0,12.0,24.105,DEN,@,SDG,W 16-13,*
9,17.38,0.0,0.0,1.0,0.0,0.0,Tim Tebow,16.13,15.0,10.0,66.67,0.0,149.3,2.0,2.0,13.47,202.0,16.0,QB,4.0,0.0,3.25,13.0,1.0,2.0,0.0,2011,10.0,2011-12-04,12.0,13.0,24.112,DEN,@,MIN,W 35-32,*
10,14.34,0.0,0.0,2.0,0.0,0.0,Tim Tebow,5.28,40.0,21.0,52.5,1.0,68.3,5.0,1.0,5.9,236.0,15.0,QB,12.0,0.0,4.08,49.0,0.0,0.0,0.0,2011,11.0,2011-12-11,13.0,14.0,24.119,DEN,0,CHI,W 13-10,*
11,27.06,0.0,1.0,2.0,0.0,0.0,Tim Tebow,8.82,22.0,11.0,50.0,0.0,80.5,4.0,0.0,8.82,194.0,53.0,QB,12.0,2.0,7.75,93.0,0.0,12.0,2.0,2011,12.0,2011-12-18,14.0,15.0,24.125999999999998,DEN,0,NWE,L 23-41,*
12,12.8,0.0,0.0,2.0,0.0,0.0,Tim Tebow,2.41,29.0,13.0,44.83,3.0,37.9,4.0,1.0,6.38,185.0,33.0,QB,10.0,1.0,3.4,34.0,0.0,6.0,1.0,2011,13.0,2011-12-24,15.0,16.0,24.131999999999998,DEN,@,BUF,L 14-40,*
13,,0.0,0.0,1.0,0.0,0.0,Tim Tebow,0.68,22.0,6.0,27.27,1.0,20.6,2.0,0.0,2.73,60.0,10.0,QB,6.0,0.0,2.67,16.0,0.0,0.0,0.0,2011,14.0,2012-01-01,16.0,17.0,24.14,DEN,0,KAN,L 3-7,*
0,17.42,0.0,0.0,1.0,0.0,0.0,Matt Hasselbeck,7.59,34.0,21.0,61.76,1.0,93.1,2.0,2.0,7.74,263.0,14.0,QB,1.0,0.0,9.0,9.0,,,,2011,1.0,2011-09-11,1.0,1.0,35.351,TEN,@,JAX,L 14-16,*
1,16.32,0.0,0.0,0.0,0.0,0.0,Matt Hasselbeck,7.93,42.0,30.0,71.43,1.0,95.1,0.0,1.0,8.52,358.0,0.0,QB,0.0,0.0,0.0,0.0,,,,2011,2.0,2011-09-18,2.0,2.0,35.358000000000004,TEN,0,BAL,W 26-13,*
2,18.24,0.0,0.0,1.0,0.0,0.0,Matt Hasselbeck,9.75,36.0,27.0,75.0,0.0,119.1,2.0,2.0,8.64,311.0,16.0,QB,2.0,0.0,-1.0,-2.0,,,,2011,3.0,2011-09-25,3.0,3.0,36.0,TEN,0,DEN,W 17-14,*
3,19.3,0.0,0.0,0.0,0.0,0.0,Matt Hasselbeck,11.75,20.0,10.0,50.0,1.0,108.3,0.0,3.0,11.0,220.0,0.0,QB,1.0,0.0,5.0,5.0,,,,2011,4.0,2011-10-02,4.0,4.0,36.007,TEN,@,CLE,W 31-13,*
4,12.78,0.0,0.0,1.0,0.0,0.0,Matt Hasselbeck,4.84,49.0,29.0,59.18,1.0,72.0,3.0,1.0,5.35,262.0,22.0,QB,1.0,0.0,3.0,3.0,,,,2011,5.0,2011-10-09,5.0,5.0,36.014,TEN,@,PIT,L 17-38,*
5,4.16,0.0,0.0,0.0,0.0,0.0,Matt Hasselbeck,1.13,30.0,14.0,46.67,2.0,38.8,1.0,1.0,3.47,104.0,12.0,QB,0.0,0.0,0.0,0.0,,,,2011,6.0,2011-10-23,6.0,7.0,36.028,TEN,0,HOU,L 7-41,*
6,12.86,0.0,0.0,0.0,0.0,0.0,Matt Hasselbeck,7.39,33.0,23.0,69.7,0.0,98.5,1.0,1.0,6.79,224.0,9.0,QB,1.0,0.0,-1.0,-1.0,,,,2011,7.0,2011-10-30,7.0,8.0,36.035,TEN,0,IND,W 27-10,*
7,19.18,0.0,0.0,0.0,0.0,0.0,Matt Hasselbeck,7.61,41.0,24.0,58.54,0.0,94.8,2.0,2.0,6.63,272.0,22.0,QB,2.0,0.0,1.5,3.0,,,,2011,8.0,2011-11-06,8.0,9.0,36.042,TEN,0,CIN,L 17-24,*
8,12.86,0.0,0.0,0.0,0.0,0.0,Matt Hasselbeck,7.19,27.0,15.0,55.56,1.0,79.1,1.0,1.0,8.11,219.0,8.0,QB,1.0,0.0,21.0,21.0,,,,2011,9.0,2011-11-13,9.0,10.0,36.049,TEN,@,CAR,W 30-3,*
9,4.66,0.0,0.0,0.0,0.0,0.0,Matt Hasselbeck,3.16,25.0,13.0,52.0,1.0,49.4,0.0,0.0,4.96,124.0,0.0,QB,1.0,0.0,17.0,17.0,,,,2011,10.0,2011-11-20,10.0,11.0,36.056,TEN,@,ATL,L 17-23,*
10,6.2,0.0,0.0,1.0,0.0,0.0,Matt Hasselbeck,2.65,34.0,19.0,55.88,2.0,53.6,2.0,1.0,4.71,160.0,10.0,QB,2.0,0.0,-1.0,-2.0,,,,2011,11.0,2011-11-27,11.0,12.0,36.063,TEN,0,TAM,W 23-17,*
11,5.5,0.0,0.0,0.0,0.0,0.0,Matt Hasselbeck,5.6,25.0,16.0,64.0,0.0,78.7,1.0,0.0,5.6,140.0,10.0,QB,1.0,0.0,-1.0,-1.0,,,,2011,12.0,2011-12-04,12.0,13.0,36.07,TEN,@,BUF,W 23-17,*
12,1.76,0.0,0.0,0.0,0.0,0.0,Matt Hasselbeck,6.29,7.0,5.0,71.43,0.0,87.8,0.0,0.0,6.29,44.0,0.0,QB,0.0,0.0,0.0,0.0,,,,2011,13.0,2011-12-11,13.0,14.0,36.077,TEN,0,NOR,L 17-22,*
13,4.82,0.0,0.0,0.0,0.0,0.0,Matt Hasselbeck,3.33,40.0,27.0,67.5,2.0,60.7,0.0,0.0,5.58,223.0,0.0,QB,1.0,0.0,-1.0,-1.0,,,,2011,14.0,2011-12-18,14.0,15.0,36.084,TEN,@,IND,L 13-27,*
14,14.2,0.0,0.0,0.0,0.0,0.0,Matt Hasselbeck,7.0,40.0,24.0,60.0,2.0,76.0,1.0,1.0,8.75,350.0,8.0,QB,5.0,0.0,0.4,2.0,,,,2011,15.0,2011-12-24,15.0,16.0,36.09,TEN,0,JAX,W 23-17,*
15,19.78,0.0,0.0,0.0,0.0,0.0,Matt Hasselbeck,9.63,35.0,22.0,62.86,0.0,108.9,3.0,2.0,8.49,297.0,22.0,QB,1.0,0.0,-1.0,-1.0,,,,2011,16.0,2012-01-01,16.0,17.0,36.098,TEN,@,HOU,W 23-22,*
0,11.18,0.0,0.0,3.0,0.0,-1.0,Tarvaris Jackson,5.19,37.0,21.0,56.76,1.0,78.3,5.0,2.0,5.32,197.0,42.0,QB,4.0,0.0,3.25,13.0,,0.0,0.0,2011,1.0,2011-09-11,1.0,1.0,28.143,SEA,@,SFO,L 17-33,*
1,7.56,0.0,0.0,0.0,0.0,0.0,Tarvaris Jackson,5.48,29.0,20.0,68.97,0.0,82.4,5.0,0.0,5.48,159.0,26.0,QB,3.0,0.0,4.0,12.0,,0.0,0.0,2011,2.0,2011-09-18,2.0,2.0,28.15,SEA,@,PIT,L 0-24,*
2,12.84,0.0,0.0,0.0,0.0,0.0,Tarvaris Jackson,4.06,31.0,18.0,58.06,1.0,60.0,4.0,0.0,5.52,171.0,32.0,QB,4.0,1.0,5.0,20.0,,6.0,1.0,2011,3.0,2011-09-25,3.0,3.0,28.156999999999996,SEA,0,ARI,W 13-10,*
3,22.36,0.0,0.0,0.0,0.0,0.0,Tarvaris Jackson,7.61,38.0,25.0,65.79,2.0,96.3,0.0,3.0,8.39,319.0,0.0,QB,2.0,0.0,8.0,16.0,,0.0,0.0,2011,4.0,2011-10-02,4.0,4.0,28.164,SEA,0,ATL,L 28-30,*
4,10.34,0.0,0.0,0.0,0.0,0.0,Tarvaris Jackson,6.41,22.0,15.0,68.18,1.0,86.6,4.0,1.0,7.55,166.0,24.0,QB,4.0,0.0,4.25,17.0,,0.0,0.0,2011,5.0,2011-10-09,5.0,5.0,28.171,SEA,@,NYG,W 36-25,*
5,11.12,0.0,0.0,0.0,0.0,0.0,Tarvaris Jackson,6.95,40.0,21.0,52.5,1.0,69.1,2.0,0.0,8.08,323.0,19.0,QB,1.0,0.0,2.0,2.0,,0.0,0.0,2011,6.0,2011-10-30,7.0,8.0,28.191999999999997,SEA,0,CIN,L 12-34,0
6,3.14,0.0,0.0,0.0,0.0,0.0,Tarvaris Jackson,2.87,30.0,17.0,56.67,3.0,40.4,1.0,0.0,7.37,221.0,2.0,QB,2.0,0.0,1.5,3.0,,0.0,0.0,2011,7.0,2011-11-06,8.0,9.0,28.199,SEA,@,DAL,L 13-23,*
7,8.98,0.0,0.0,0.0,0.0,0.0,Tarvaris Jackson,8.04,27.0,17.0,62.96,0.0,88.0,1.0,0.0,8.04,217.0,9.0,QB,5.0,0.0,0.6,3.0,,0.0,0.0,2011,8.0,2011-11-13,9.0,10.0,28.206,SEA,0,BAL,W 22-17,*
8,6.92,0.0,0.0,0.0,0.0,0.0,Tarvaris Jackson,3.25,24.0,14.0,58.33,2.0,55.6,4.0,1.0,6.17,148.0,40.0,QB,2.0,0.0,5.0,10.0,,0.0,0.0,2011,9.0,2011-11-20,10.0,11.0,28.213,SEA,@,STL,W 24-7,*
9,11.76,0.0,0.0,0.0,0.0,0.0,Tarvaris Jackson,4.63,30.0,14.0,46.67,1.0,69.3,2.0,2.0,4.8,144.0,18.0,QB,0.0,0.0,0.0,0.0,,0.0,0.0,2011,10.0,2011-11-27,11.0,12.0,28.22,SEA,0,WAS,L 17-23,*
10,12.0,0.0,0.0,1.0,0.0,0.0,Tarvaris Jackson,13.13,16.0,13.0,81.25,0.0,137.0,3.0,1.0,11.88,190.0,17.0,QB,2.0,0.0,2.0,4.0,,0.0,0.0,2011,11.0,2011-12-01,12.0,13.0,28.224,SEA,0,PHI,W 31-14,*
11,11.36,0.0,0.0,2.0,0.0,-7.0,Tarvaris Jackson,7.63,32.0,21.0,65.63,0.0,96.4,2.0,1.0,7.0,224.0,10.0,QB,5.0,0.0,0.8,4.0,,0.0,0.0,2011,12.0,2011-12-12,13.0,14.0,28.235,SEA,0,STL,W 30-13,*
12,12.88,0.0,0.0,1.0,0.0,0.0,Tarvaris Jackson,7.97,31.0,19.0,61.29,0.0,94.4,1.0,1.0,7.32,227.0,1.0,QB,3.0,0.0,-0.67,-2.0,,0.0,0.0,2011,13.0,2011-12-18,14.0,15.0,28.241,SEA,@,CHI,W 38-14,*
13,8.82,0.0,0.0,1.0,0.0,0.0,Tarvaris Jackson,6.54,28.0,15.0,53.57,0.0,82.9,4.0,1.0,5.82,163.0,22.0,QB,2.0,0.0,1.5,3.0,,0.0,0.0,2011,14.0,2011-12-24,15.0,16.0,28.247,SEA,0,SFO,L 17-19,*
14,11.18,0.0,0.0,1.0,0.0,0.0,Tarvaris Jackson,5.63,35.0,21.0,60.0,1.0,76.1,4.0,1.0,6.34,222.0,31.0,QB,1.0,0.0,3.0,3.0,,0.0,0.0,2011,15.0,2012-01-01,16.0,17.0,28.255,SEA,@,ARI,L 20-23,*
0,15.12,0.0,0.0,1.0,0.0,0.0,Colt McCoy,5.2,40.0,19.0,47.5,1.0,70.1,2.0,2.0,5.33,213.0,11.0,QB,3.0,0.0,3.67,11.0,,,,2011,1.0,2011-09-11,1.0,1.0,25.006,CLE,0,CIN,L 17-27,*
1,13.44,0.0,0.0,1.0,0.0,0.0,Colt McCoy,7.22,32.0,22.0,68.75,0.0,97.3,1.0,1.0,6.59,211.0,14.0,QB,3.0,0.0,3.33,10.0,,,,2011,2.0,2011-09-18,2.0,2.0,25.013,CLE,@,IND,W 27-19,*
2,14.2,0.0,0.0,0.0,0.0,0.0,Colt McCoy,5.26,39.0,19.0,48.72,1.0,71.5,0.0,2.0,5.38,210.0,0.0,QB,2.0,0.0,-1.0,-2.0,,,,2011,3.0,2011-09-25,3.0,3.0,25.02,CLE,0,MIA,W 17-16,*
3,17.6,0.0,0.0,1.0,0.0,-8.0,Colt McCoy,5.33,61.0,40.0,65.57,1.0,79.3,3.0,1.0,5.74,350.0,11.0,QB,4.0,0.0,4.0,16.0,,,,2011,4.0,2011-10-02,4.0,4.0,25.026999999999997,CLE,0,TEN,L 13-31,*
4,16.2,0.0,0.0,1.0,0.0,0.0,Colt McCoy,5.67,45.0,21.0,46.67,0.0,75.7,2.0,2.0,4.78,215.0,12.0,QB,4.0,0.0,4.0,16.0,,,,2011,5.0,2011-10-16,5.0,6.0,25.041,CLE,@,OAK,L 17-24,*
5,8.02,0.0,0.0,0.0,0.0,0.0,Colt McCoy,3.8,35.0,20.0,57.14,1.0,59.0,4.0,0.0,5.09,178.0,19.0,QB,9.0,0.0,3.22,29.0,,,,2011,6.0,2011-10-23,6.0,7.0,25.048000000000002,CLE,0,SEA,W 6-3,*
6,12.64,0.0,0.0,4.0,0.0,-1.0,Colt McCoy,6.35,34.0,22.0,64.71,1.0,83.1,4.0,1.0,7.09,241.0,17.0,QB,8.0,0.0,3.75,30.0,,,,2011,7.0,2011-10-30,7.0,8.0,25.055,CLE,@,SFO,L 10-20,*
7,8.44,0.0,0.0,0.0,0.0,0.0,Colt McCoy,5.5,22.0,14.0,63.64,1.0,79.0,4.0,1.0,6.64,146.0,18.0,QB,3.0,0.0,2.0,6.0,,,,2011,8.0,2011-11-06,8.0,9.0,25.061999999999998,CLE,@,HOU,L 12-30,*
8,9.12,0.0,0.0,1.0,0.0,0.0,Colt McCoy,8.07,27.0,20.0,74.07,0.0,97.5,2.0,0.0,8.07,218.0,9.0,QB,4.0,0.0,1.0,4.0,,,,2011,9.0,2011-11-13,9.0,10.0,25.069000000000003,CLE,0,STL,L 12-13,*
9,12.66,0.0,0.0,0.0,0.0,0.0,Colt McCoy,7.25,24.0,17.0,70.83,1.0,92.2,2.0,1.0,8.29,199.0,13.0,QB,5.0,0.0,5.4,27.0,,,,2011,10.0,2011-11-20,10.0,11.0,25.076,CLE,0,JAX,W 14-10,*
10,15.84,0.0,0.0,1.0,0.0,0.0,Colt McCoy,4.29,34.0,16.0,47.06,1.0,67.2,2.0,2.0,4.44,151.0,11.0,QB,6.0,0.0,6.33,38.0,,,,2011,11.0,2011-11-27,11.0,12.0,25.083000000000002,CLE,@,CIN,L 20-23,*
11,10.88,0.0,0.0,0.0,0.0,0.0,Colt McCoy,4.77,35.0,17.0,48.57,1.0,63.0,3.0,1.0,5.49,192.0,22.0,QB,4.0,0.0,3.0,12.0,,,,2011,12.0,2011-12-04,12.0,13.0,25.09,CLE,0,BAL,L 10-24,*
12,5.86,0.0,0.0,1.0,0.0,0.0,Colt McCoy,3.4,35.0,18.0,51.43,2.0,46.0,3.0,0.0,5.97,209.0,16.0,QB,6.0,0.0,2.5,15.0,,,,2011,13.0,2011-12-08,13.0,14.0,25.094,CLE,@,PIT,L 3-14,*
0,4.58,0.0,0.0,0.0,0.0,0.0,Matt Moore,4.69,26.0,17.0,65.38,1.0,67.3,3.0,0.0,6.42,167.0,18.0,QB,1.0,0.0,-1.0,-1.0,,0.0,0.0,2011,1.0,2011-10-02,4.0,4.0,27.054000000000002,MIA,@,SDG,L 16-26,0
1,4.16,0.0,0.0,2.0,0.0,0.0,Matt Moore,3.35,34.0,16.0,47.06,2.0,41.8,4.0,0.0,6.0,204.0,14.0,QB,0.0,0.0,0.0,0.0,,0.0,0.0,2011,2.0,2011-10-17,5.0,6.0,27.069000000000003,MIA,@,NYJ,L 6-24,*
2,9.78,0.0,0.0,2.0,0.0,-2.0,Matt Moore,6.58,33.0,22.0,66.67,0.0,92.6,4.0,1.0,5.97,197.0,24.0,QB,2.0,0.0,-0.5,-1.0,,0.0,0.0,2011,3.0,2011-10-23,6.0,7.0,27.075,MIA,0,DEN,L 15-18,*
3,12.62,0.0,0.0,0.0,0.0,0.0,Matt Moore,4.23,22.0,13.0,59.09,1.0,58.5,5.0,0.0,6.27,138.0,37.0,QB,5.0,1.0,6.2,31.0,,6.0,1.0,2011,4.0,2011-10-30,7.0,8.0,27.081999999999997,MIA,@,NYG,L 17-20,*
4,22.06,0.0,0.0,0.0,0.0,0.0,Matt Moore,13.22,23.0,17.0,73.91,0.0,147.5,0.0,3.0,10.61,244.0,0.0,QB,4.0,0.0,0.75,3.0,,0.0,0.0,2011,5.0,2011-11-06,8.0,9.0,27.089000000000002,MIA,@,KAN,W 31-3,*
5,7.76,0.0,0.0,2.0,0.0,0.0,Matt Moore,5.66,29.0,20.0,68.97,1.0,75.2,2.0,0.0,7.21,209.0,9.0,QB,2.0,0.0,7.0,14.0,,0.0,0.0,2011,6.0,2011-11-13,9.0,10.0,27.096,MIA,0,WAS,W 20-9,*
6,18.6,0.0,0.0,0.0,0.0,0.0,Matt Moore,11.0,20.0,14.0,70.0,0.0,133.3,1.0,3.0,8.0,160.0,13.0,QB,3.0,0.0,0.67,2.0,,0.0,0.0,2011,7.0,2011-11-20,10.0,11.0,27.103,MIA,0,BUF,W 35-8,*
7,15.82,0.0,0.0,3.0,0.0,-20.0,Matt Moore,9.63,32.0,19.0,59.38,0.0,99.5,4.0,1.0,9.0,288.0,25.0,QB,3.0,0.0,1.0,3.0,,0.0,0.0,2011,8.0,2011-11-24,11.0,12.0,27.107,MIA,@,DAL,L 19-20,*
8,18.68,0.0,0.0,0.0,0.0,0.0,Matt Moore,7.28,25.0,13.0,52.0,0.0,85.7,1.0,1.0,6.48,162.0,9.0,QB,5.0,1.0,4.4,22.0,,6.0,1.0,2011,9.0,2011-12-04,12.0,13.0,27.116999999999997,MIA,0,OAK,W 34-14,*
9,5.9,0.0,0.0,1.0,0.0,0.0,Matt Moore,3.68,19.0,11.0,57.89,1.0,66.8,4.0,1.0,5.0,95.0,22.0,QB,1.0,0.0,1.0,1.0,,0.0,0.0,2011,10.0,2011-12-11,13.0,14.0,27.124000000000002,MIA,0,PHI,L 10-26,*
10,16.68,0.0,0.0,1.0,0.0,0.0,Matt Moore,12.85,20.0,10.0,50.0,0.0,122.3,2.0,2.0,10.85,217.0,23.0,QB,0.0,0.0,0.0,0.0,,0.0,0.0,2011,11.0,2011-12-18,14.0,15.0,27.131,MIA,@,BUF,W 30-23,*
11,20.44,0.0,0.0,3.0,0.0,-9.0,Matt Moore,9.25,32.0,16.0,50.0,1.0,98.6,5.0,3.0,8.78,281.0,28.0,QB,3.0,0.0,-2.67,-8.0,,0.0,0.0,2011,12.0,2011-12-24,15.0,16.0,27.136999999999997,MIA,@,NWE,L 24-27,*
12,5.3,0.0,0.0,0.0,0.0,0.0,Matt Moore,2.03,32.0,22.0,68.75,2.0,61.3,1.0,1.0,4.22,135.0,7.0,QB,3.0,0.0,-0.33,-1.0,,0.0,0.0,2011,13.0,2012-01-01,16.0,17.0,27.145,MIA,0,NYJ,W 19-17,*
0,8.8,0.0,0.0,0.0,0.0,0.0,Matt Schaub,6.25,24.0,17.0,70.83,2.0,78.5,1.0,1.0,9.17,220.0,3.0,QB,4.0,0.0,0.0,0.0,,0.0,0.0,2011,1.0,2011-09-11,1.0,1.0,30.078000000000003,HOU,0,IND,W 34-7,*
1,17.4,0.0,0.0,0.0,0.0,0.0,Matt Schaub,9.31,29.0,21.0,72.41,0.0,118.5,3.0,2.0,7.93,230.0,23.0,QB,2.0,0.0,1.0,2.0,,0.0,0.0,2011,2.0,2011-09-18,2.0,2.0,30.085,HOU,@,MIA,W 23-13,*
2,24.92,0.0,0.0,0.0,0.0,0.0,Matt Schaub,9.95,39.0,22.0,56.41,1.0,103.9,2.0,3.0,9.56,373.0,9.0,QB,0.0,0.0,0.0,0.0,,0.0,0.0,2011,3.0,2011-09-25,3.0,3.0,30.092,HOU,@,NOR,L 33-40,*
3,9.62,0.0,0.0,0.0,0.0,0.0,Matt Schaub,7.52,21.0,14.0,66.67,0.0,100.9,0.0,1.0,6.57,138.0,0.0,QB,2.0,0.0,0.5,1.0,,0.0,0.0,2011,4.0,2011-10-02,4.0,4.0,30.099,HOU,0,PIT,W 17-10,*
4,20.64,0.0,1.0,1.0,0.0,-13.0,Matt Schaub,7.18,51.0,24.0,47.06,2.0,72.0,3.0,2.0,8.16,416.0,13.0,QB,1.0,0.0,0.0,0.0,,0.0,0.0,2011,5.0,2011-10-09,5.0,5.0,30.105999999999998,HOU,0,OAK,L 20-25,*
5,13.1,0.0,0.0,1.0,0.0,0.0,Matt Schaub,6.49,37.0,21.0,56.76,0.0,83.2,4.0,1.0,5.95,220.0,20.0,QB,1.0,0.0,3.0,3.0,,0.0,0.0,2011,6.0,2011-10-16,6.0,6.0,30.113000000000003,HOU,@,BAL,L 14-29,*
6,19.84,0.0,0.0,0.0,0.0,0.0,Matt Schaub,14.61,23.0,18.0,78.26,0.0,147.7,0.0,2.0,12.87,296.0,0.0,QB,0.0,0.0,0.0,0.0,,0.0,0.0,2011,7.0,2011-10-23,7.0,7.0,30.12,HOU,@,TEN,W 41-7,*
7,17.2,0.0,0.0,1.0,0.0,0.0,Matt Schaub,8.17,30.0,16.0,53.33,0.0,88.9,2.0,1.0,7.5,225.0,23.0,QB,1.0,1.0,2.0,2.0,,6.0,1.0,2011,8.0,2011-10-30,8.0,8.0,30.127,HOU,0,JAX,W 24-14,*
8,8.76,0.0,0.0,0.0,0.0,0.0,Matt Schaub,3.22,23.0,14.0,60.87,1.0,56.3,0.0,0.0,5.17,119.0,0.0,QB,3.0,1.0,0.0,0.0,,6.0,1.0,2011,9.0,2011-11-06,9.0,9.0,30.134,HOU,0,CLE,W 30-12,*
9,17.78,0.0,0.0,0.0,0.0,0.0,Matt Schaub,18.8,15.0,11.0,73.33,0.0,154.9,1.0,2.0,16.13,242.0,7.0,QB,1.0,0.0,1.0,1.0,,0.0,0.0,2011,10.0,2011-11-13,10.0,10.0,30.141,HOU,@,TAM,W 37-9,*
0,18.2,0.0,0.0,1.0,0.0,0.0,Rex Grossman,10.15,34.0,21.0,61.76,0.0,110.5,4.0,2.0,8.97,305.0,47.0,QB,0.0,0.0,0.0,0.0,,0.0,0.0,2011,1.0,2011-09-11,1.0,1.0,31.019000000000002,WAS,0,NYG,W 28-14,*
1,15.14,0.0,0.0,0.0,0.0,0.0,Rex Grossman,5.6,43.0,25.0,58.14,2.0,74.9,1.0,2.0,6.77,291.0,8.0,QB,4.0,0.0,-1.25,-5.0,,0.0,0.0,2011,2.0,2011-09-18,2.0,2.0,31.026,WAS,0,ARI,W 22-21,*
2,10.6,0.0,0.0,1.0,0.0,0.0,Rex Grossman,6.08,37.0,22.0,59.46,1.0,77.5,3.0,1.0,6.76,250.0,17.0,QB,1.0,0.0,6.0,6.0,,0.0,0.0,2011,3.0,2011-09-26,3.0,3.0,31.034000000000002,WAS,@,DAL,L 16-18,*
3,5.92,0.0,0.0,0.0,0.0,0.0,Rex Grossman,2.52,29.0,15.0,51.72,2.0,48.5,0.0,1.0,4.93,143.0,0.0,QB,5.0,0.0,0.4,2.0,,0.0,0.0,2011,4.0,2011-10-02,4.0,4.0,31.04,WAS,@,STL,W 17-10,*
4,-2.28,0.0,0.0,0.0,0.0,0.0,Rex Grossman,-1.68,22.0,9.0,40.91,4.0,23.7,1.0,0.0,6.5,143.0,8.0,QB,0.0,0.0,0.0,0.0,,0.0,0.0,2011,5.0,2011-10-16,5.0,6.0,31.054000000000002,WAS,0,PHI,L 13-20,*
5,4.6,0.0,0.0,0.0,0.0,0.0,Rex Grossman,3.91,32.0,21.0,65.63,2.0,58.7,3.0,0.0,6.72,215.0,30.0,QB,0.0,0.0,0.0,0.0,,0.0,0.0,2011,6.0,2011-11-13,9.0,10.0,31.081999999999997,WAS,@,MIA,L 9-20,*
6,24.68,0.0,1.0,1.0,0.0,0.0,Rex Grossman,7.55,38.0,25.0,65.79,1.0,95.5,3.0,2.0,7.68,292.0,13.0,QB,3.0,1.0,3.33,10.0,,6.0,1.0,2011,7.0,2011-11-20,10.0,11.0,31.089000000000002,WAS,0,DAL,L 24-27,*
7,16.46,0.0,1.0,1.0,0.0,-8.0,Rex Grossman,7.54,35.0,26.0,74.29,2.0,96.6,1.0,2.0,8.97,314.0,8.0,QB,5.0,0.0,-0.2,-1.0,,0.0,0.0,2011,8.0,2011-11-27,11.0,12.0,31.096,WAS,@,SEA,W 23-17,*
8,4.84,0.0,0.0,1.0,0.0,0.0,Rex Grossman,3.83,46.0,19.0,41.3,1.0,47.5,2.0,0.0,4.8,221.0,17.0,QB,0.0,0.0,0.0,0.0,,0.0,0.0,2011,9.0,2011-12-04,12.0,13.0,31.103,WAS,0,NYJ,L 19-34,*
9,16.08,0.0,0.0,2.0,0.0,-1.0,Rex Grossman,7.72,32.0,19.0,59.38,1.0,92.2,2.0,2.0,7.88,252.0,8.0,QB,1.0,0.0,0.0,0.0,,0.0,0.0,2011,10.0,2011-12-11,13.0,14.0,31.11,WAS,0,NWE,L 27-34,*
10,7.3,0.0,0.0,0.0,0.0,0.0,Rex Grossman,4.79,24.0,15.0,62.5,2.0,65.5,1.0,1.0,7.71,185.0,8.0,QB,1.0,0.0,-1.0,-1.0,,0.0,0.0,2011,11.0,2011-12-18,14.0,15.0,31.116999999999997,WAS,@,NYG,W 23-10,*
11,15.36,0.0,0.0,1.0,0.0,0.0,Rex Grossman,6.8,41.0,26.0,63.41,1.0,89.9,3.0,2.0,6.93,284.0,28.0,QB,0.0,0.0,0.0,0.0,,0.0,0.0,2011,12.0,2011-12-24,15.0,16.0,31.123,WAS,0,MIN,L 26-33,*
12,12.24,0.0,0.0,0.0,0.0,0.0,Rex Grossman,5.13,45.0,22.0,48.89,1.0,64.7,1.0,1.0,5.69,256.0,9.0,QB,0.0,0.0,0.0,0.0,,0.0,0.0,2011,13.0,2012-01-01,16.0,17.0,31.131,WAS,@,PHI,L 10-34,*
0,18.48,0.0,0.0,1.0,0.0,0.0,Jay Cutler,9.59,32.0,22.0,68.75,1.0,107.8,5.0,2.0,9.75,312.0,23.0,QB,0.0,0.0,0.0,0.0,,0.0,0.0,2011,1.0,2011-09-11,1.0,1.0,28.135,CHI,0,ATL,W 30-12,*
1,12.96,0.0,0.0,1.0,0.0,0.0,Jay Cutler,5.87,45.0,19.0,42.22,0.0,67.3,6.0,1.0,5.42,244.0,58.0,QB,1.0,0.0,12.0,12.0,,0.0,0.0,2011,2.0,2011-09-18,2.0,2.0,28.142,CHI,@,NOR,L 13-30,*
2,17.18,0.0,0.0,1.0,0.0,-1.0,Jay Cutler,6.81,37.0,21.0,56.76,2.0,78.9,3.0,2.0,8.16,302.0,24.0,QB,3.0,0.0,3.67,11.0,,0.0,0.0,2011,3.0,2011-09-25,3.0,3.0,28.149,CHI,0,GNB,L 17-27,*
3,2.28,0.0,0.0,0.0,0.0,0.0,Jay Cutler,3.35,17.0,9.0,52.94,1.0,46.7,1.0,0.0,6.0,102.0,9.0,QB,1.0,0.0,2.0,2.0,,0.0,0.0,2011,4.0,2011-10-02,4.0,4.0,28.156,CHI,0,CAR,W 34-29,*
4,14.26,0.0,0.0,0.0,0.0,0.0,Jay Cutler,7.08,38.0,28.0,73.68,0.0,99.6,3.0,1.0,6.55,249.0,12.0,QB,2.0,0.0,1.5,3.0,,0.0,0.0,2011,5.0,2011-10-10,5.0,5.0,28.164,CHI,@,DET,L 13-24,*
5,16.68,0.0,0.0,1.0,0.0,0.0,Jay Cutler,9.9,31.0,21.0,67.74,0.0,115.9,1.0,2.0,8.61,267.0,9.0,QB,0.0,0.0,0.0,0.0,,0.0,0.0,2011,6.0,2011-10-16,6.0,6.0,28.17,CHI,0,MIN,W 39-10,*
6,8.94,0.0,0.0,0.0,0.0,0.0,Jay Cutler,4.88,32.0,17.0,53.13,2.0,60.2,2.0,1.0,7.06,226.0,8.0,QB,1.0,0.0,-1.0,-1.0,,0.0,0.0,2011,7.0,2011-10-23,7.0,7.0,28.177,CHI,@,TAM,W 24-18,*
7,16.32,0.0,0.0,1.0,0.0,-7.0,Jay Cutler,7.75,32.0,18.0,56.25,0.0,96.9,0.0,2.0,6.5,208.0,0.0,QB,1.0,0.0,0.0,0.0,,0.0,0.0,2011,8.0,2011-11-07,8.0,9.0,28.191999999999997,CHI,@,PHI,W 30-24,*
8,4.72,0.0,0.0,2.0,0.0,0.0,Jay Cutler,6.47,19.0,9.0,47.37,0.0,68.5,2.0,0.0,6.47,123.0,16.0,QB,4.0,0.0,4.5,18.0,,0.0,0.0,2011,9.0,2011-11-13,9.0,10.0,28.198,CHI,0,DET,W 37-13,*
9,24.44,0.0,0.0,0.0,0.0,0.0,Jay Cutler,9.06,31.0,18.0,58.06,1.0,97.0,0.0,2.0,9.23,286.0,0.0,QB,5.0,1.0,2.0,10.0,,6.0,1.0,2011,10.0,2011-11-20,10.0,11.0,28.205,CHI,0,SDG,W 31-20,*
0,-1.36,0.0,0.0,0.0,0.0,0.0,Carson Palmer,-0.9,21.0,8.0,38.1,3.0,17.3,0.0,0.0,5.52,116.0,0.0,QB,0.0,0.0,0.0,0.0,,0.0,0.0,2011,1.0,2011-10-23,7.0,7.0,31.3,OAK,0,KAN,L 0-28,0
1,19.58,0.0,0.0,1.0,0.0,-1.0,Carson Palmer,7.34,35.0,19.0,54.29,3.0,79.7,2.0,3.0,9.49,332.0,16.0,QB,5.0,0.0,0.6,3.0,,0.0,0.0,2011,2.0,2011-11-06,8.0,9.0,31.314,OAK,0,DEN,L 24-38,*
2,15.16,0.0,0.0,1.0,0.0,0.0,Carson Palmer,14.7,20.0,14.0,70.0,1.0,125.0,1.0,2.0,14.95,299.0,1.0,QB,3.0,0.0,-2.67,-8.0,,0.0,0.0,2011,3.0,2011-11-10,9.0,10.0,31.318,OAK,@,SDG,W 24-17,*
3,17.06,0.0,0.0,0.0,0.0,0.0,Carson Palmer,8.0,23.0,17.0,73.91,0.0,107.9,4.0,1.0,7.13,164.0,25.0,QB,3.0,1.0,1.67,5.0,,6.0,1.0,2011,4.0,2011-11-20,10.0,11.0,31.328000000000003,OAK,@,MIN,W 27-21,*
4,10.04,0.0,0.0,0.0,0.0,0.0,Carson Palmer,6.92,37.0,21.0,56.76,1.0,72.0,4.0,0.0,8.14,301.0,33.0,QB,0.0,0.0,0.0,0.0,,0.0,0.0,2011,5.0,2011-11-27,11.0,12.0,31.335,OAK,0,CHI,W 25-20,*
5,17.12,0.0,0.0,0.0,0.0,0.0,Carson Palmer,6.54,41.0,20.0,48.78,1.0,76.6,2.0,2.0,6.66,273.0,15.0,QB,1.0,0.0,2.0,2.0,,0.0,0.0,2011,6.0,2011-12-04,12.0,13.0,31.342,OAK,@,MIA,L 14-34,*
6,7.08,0.0,0.0,0.0,0.0,0.0,Carson Palmer,2.07,42.0,24.0,57.14,4.0,42.6,1.0,1.0,5.88,247.0,7.0,QB,2.0,0.0,6.0,12.0,,0.0,0.0,2011,7.0,2011-12-11,13.0,14.0,31.349,OAK,@,GNB,L 16-46,*
7,18.68,0.0,0.0,0.0,0.0,0.0,Carson Palmer,9.68,40.0,32.0,80.0,0.0,113.2,3.0,1.0,9.18,367.0,22.0,QB,0.0,0.0,0.0,0.0,,0.0,0.0,2011,8.0,2011-12-18,14.0,15.0,31.355999999999998,OAK,0,DET,L 27-28,*
8,9.48,0.0,0.0,0.0,0.0,0.0,Carson Palmer,6.42,26.0,16.0,61.54,2.0,72.1,0.0,1.0,9.12,237.0,0.0,QB,0.0,0.0,0.0,0.0,,0.0,0.0,2011,9.0,2011-12-24,15.0,16.0,31.362,OAK,@,KAN,W 16-13,*
9,23.28,0.0,0.0,0.0,0.0,0.0,Carson Palmer,9.58,43.0,28.0,65.12,1.0,102.6,0.0,2.0,9.7,417.0,0.0,QB,2.0,0.0,3.0,6.0,,0.0,0.0,2011,10.0,2012-01-01,16.0,17.0,32.005,OAK,0,SDG,L 26-38,*
0,2.18,0.0,0.0,0.0,0.0,0.0,Blaine Gabbert,8.67,6.0,5.0,83.33,0.0,102.8,1.0,0.0,8.67,52.0,10.0,QB,1.0,0.0,1.0,1.0,,,,2011,1.0,2011-09-18,2.0,2.0,21.338,JAX,@,NYJ,L 3-32,0
1,7.76,0.0,0.0,3.0,0.0,-6.0,Blaine Gabbert,5.43,21.0,12.0,57.14,1.0,73.3,2.0,1.0,6.62,139.0,10.0,QB,4.0,0.0,0.5,2.0,,,,2011,2.0,2011-09-25,3.0,3.0,21.345,JAX,@,CAR,L 10-16,*
2,11.24,0.0,0.0,0.0,0.0,0.0,Blaine Gabbert,4.07,42.0,16.0,38.1,1.0,51.3,3.0,1.0,4.67,196.0,26.0,QB,2.0,0.0,7.0,14.0,,,,2011,3.0,2011-10-02,4.0,4.0,21.351999999999997,JAX,0,NOR,L 10-23,*
3,11.94,0.0,0.0,2.0,0.0,-26.0,Blaine Gabbert,8.61,28.0,15.0,53.57,0.0,91.5,3.0,1.0,7.89,221.0,21.0,QB,5.0,0.0,2.2,11.0,,,,2011,4.0,2011-10-09,5.0,5.0,21.359,JAX,0,CIN,L 20-30,*
4,9.96,0.0,0.0,0.0,0.0,0.0,Blaine Gabbert,4.96,26.0,12.0,46.15,0.0,70.8,5.0,1.0,4.19,109.0,33.0,QB,3.0,0.0,5.33,16.0,,,,2011,5.0,2011-10-16,6.0,6.0,22.000999999999998,JAX,@,PIT,L 13-17,*
5,3.62,0.0,0.0,1.0,0.0,-3.0,Blaine Gabbert,4.65,20.0,9.0,45.0,0.0,59.0,4.0,0.0,4.65,93.0,20.0,QB,5.0,0.0,-0.2,-1.0,,,,2011,6.0,2011-10-24,7.0,7.0,22.009,JAX,0,BAL,W 12-7,*
6,5.28,0.0,0.0,1.0,0.0,0.0,Blaine Gabbert,0.9,30.0,10.0,33.33,2.0,26.7,1.0,1.0,3.23,97.0,7.0,QB,4.0,0.0,3.5,14.0,,,,2011,7.0,2011-10-30,8.0,8.0,22.015,JAX,@,HOU,L 14-24,*
7,7.52,0.0,0.0,0.0,0.0,0.0,Blaine Gabbert,4.43,21.0,14.0,66.67,1.0,77.1,2.0,1.0,5.62,118.0,8.0,QB,6.0,0.0,1.33,8.0,,,,2011,8.0,2011-11-13,9.0,10.0,22.029,JAX,@,IND,W 17-3,*
8,9.4,0.0,1.0,1.0,0.0,0.0,Blaine Gabbert,5.12,41.0,22.0,53.66,0.0,68.1,1.0,0.0,5.12,210.0,15.0,QB,2.0,0.0,5.0,10.0,,,,2011,9.0,2011-11-20,10.0,11.0,22.035999999999998,JAX,@,CLE,L 10-14,*
9,3.54,0.0,0.0,0.0,0.0,0.0,Blaine Gabbert,3.14,29.0,13.0,44.83,1.0,44.6,6.0,0.0,4.69,136.0,35.0,QB,1.0,0.0,1.0,1.0,,,,2011,10.0,2011-11-27,11.0,12.0,22.043000000000003,JAX,0,HOU,L 13-20,*
10,15.7,0.0,0.0,1.0,0.0,-2.0,Blaine Gabbert,5.76,33.0,19.0,57.58,1.0,82.3,2.0,2.0,5.91,195.0,18.0,QB,6.0,0.0,3.17,19.0,,,,2011,11.0,2011-12-05,12.0,13.0,22.051,JAX,0,SDG,L 14-38,*
11,12.38,0.0,0.0,2.0,0.0,-2.0,Blaine Gabbert,5.06,33.0,19.0,57.58,2.0,72.4,1.0,2.0,6.58,217.0,8.0,QB,4.0,0.0,-0.75,-3.0,,,,2011,12.0,2011-12-11,13.0,14.0,22.057,JAX,0,TAM,W 41-14,*
12,4.14,0.0,0.0,2.0,0.0,0.0,Blaine Gabbert,5.27,22.0,12.0,54.55,1.0,70.5,5.0,1.0,6.41,141.0,50.0,QB,1.0,0.0,5.0,5.0,,,,2011,13.0,2011-12-15,14.0,15.0,22.061,JAX,@,ATL,L 14-41,*
13,6.32,0.0,0.0,0.0,0.0,0.0,Blaine Gabbert,3.64,42.0,21.0,50.0,1.0,53.5,1.0,0.0,4.71,198.0,11.0,QB,1.0,0.0,4.0,4.0,,,,2011,14.0,2011-12-24,15.0,16.0,22.07,JAX,@,TEN,L 17-23,*
14,5.38,0.0,0.0,1.0,0.0,0.0,Blaine Gabbert,5.89,19.0,11.0,57.89,0.0,88.0,3.0,1.0,4.84,92.0,21.0,QB,3.0,0.0,-1.0,-3.0,,,,2011,15.0,2012-01-01,16.0,17.0,22.078000000000003,JAX,0,IND,W 19-13,*
0,4.76,0.0,0.0,0.0,0.0,0.0,Christian Ponder,5.82,17.0,9.0,52.94,0.0,70.5,0.0,0.0,5.82,99.0,0.0,QB,1.0,0.0,8.0,8.0,,,,2011,1.0,2011-10-16,6.0,6.0,23.233,MIN,@,CHI,L 10-39,0
1,15.86,0.0,0.0,0.0,0.0,0.0,Christian Ponder,5.28,32.0,13.0,40.63,2.0,59.2,2.0,2.0,6.84,219.0,2.0,QB,4.0,0.0,7.75,31.0,,,,2011,2.0,2011-10-23,7.0,7.0,23.24,MIN,0,GNB,L 27-33,*
2,13.84,0.0,0.0,1.0,0.0,-9.0,Christian Ponder,9.14,28.0,18.0,64.29,0.0,102.7,4.0,1.0,8.43,236.0,7.0,QB,4.0,0.0,1.0,4.0,,,,2011,3.0,2011-10-30,8.0,8.0,23.247,MIN,@,CAR,W 24-21,*
3,7.3,0.0,0.0,1.0,0.0,0.0,Christian Ponder,4.26,34.0,16.0,47.06,1.0,52.3,3.0,0.0,5.59,190.0,28.0,QB,2.0,0.0,8.5,17.0,,,,2011,4.0,2011-11-14,9.0,10.0,23.261999999999997,MIN,@,GNB,L 7-45,*
4,17.54,0.0,0.0,1.0,0.0,0.0,Christian Ponder,3.52,33.0,19.0,57.58,3.0,59.0,5.0,2.0,6.39,211.0,24.0,QB,5.0,0.0,14.2,71.0,,,,2011,5.0,2011-11-20,10.0,11.0,23.268,MIN,0,OAK,L 21-27,*
5,12.34,0.0,0.0,0.0,0.0,0.0,Christian Ponder,8.24,25.0,17.0,68.0,0.0,103.1,4.0,1.0,7.44,186.0,24.0,QB,2.0,0.0,4.5,9.0,,,,2011,6.0,2011-11-27,11.0,12.0,23.275,MIN,@,ATL,L 14-24,*
6,22.44,0.0,0.0,1.0,0.0,0.0,Christian Ponder,7.47,47.0,29.0,61.7,2.0,90.8,3.0,3.0,8.11,381.0,29.0,QB,1.0,0.0,12.0,12.0,,,,2011,7.0,2011-12-04,12.0,13.0,23.281999999999996,MIN,0,DEN,L 32-35,*
7,5.9,0.0,0.0,2.0,0.0,0.0,Christian Ponder,0.95,21.0,11.0,52.38,3.0,60.7,3.0,2.0,5.48,115.0,28.0,QB,2.0,0.0,6.5,13.0,,,,2011,8.0,2011-12-11,13.0,14.0,23.289,MIN,@,DET,L 28-34,*
8,14.2,0.0,0.0,0.0,0.0,0.0,Christian Ponder,3.71,31.0,14.0,45.16,1.0,63.9,4.0,2.0,3.87,120.0,18.0,QB,3.0,0.0,11.33,34.0,,,,2011,9.0,2011-12-18,14.0,15.0,23.296,MIN,0,NOR,L 20-42,*
9,4.72,0.0,0.0,0.0,0.0,0.0,Christian Ponder,5.23,13.0,8.0,61.54,0.0,75.2,1.0,0.0,5.23,68.0,1.0,QB,4.0,0.0,5.0,20.0,,,,2011,10.0,2011-12-24,15.0,16.0,23.302,MIN,@,WAS,W 33-26,*
10,-0.88,0.0,0.0,0.0,0.0,0.0,Christian Ponder,-1.7,10.0,4.0,40.0,1.0,8.3,1.0,0.0,2.8,28.0,3.0,QB,0.0,0.0,0.0,0.0,,,,2011,11.0,2012-01-01,16.0,17.0,23.31,MIN,0,CHI,L 13-17,*
0,18.26,0.0,0.0,2.0,0.0,-8.0,Kevin Kolb,12.93,27.0,18.0,66.67,0.0,130.0,2.0,2.0,11.44,309.0,14.0,QB,4.0,0.0,-0.25,-1.0,,,,2011,1.0,2011-09-11,1.0,1.0,27.018,ARI,0,CAR,W 28-21,*
1,16.04,0.0,0.0,1.0,0.0,0.0,Kevin Kolb,8.2,30.0,17.0,56.67,1.0,92.5,3.0,2.0,8.37,251.0,20.0,QB,0.0,0.0,0.0,0.0,,,,2011,2.0,2011-09-18,2.0,2.0,27.025,ARI,@,WAS,L 21-22,*
2,11.68,0.0,0.0,1.0,0.0,0.0,Kevin Kolb,4.67,39.0,25.0,64.1,2.0,69.6,3.0,1.0,6.46,252.0,18.0,QB,3.0,0.0,5.33,16.0,,,,2011,3.0,2011-09-25,3.0,3.0,27.031999999999996,ARI,@,SEA,L 10-13,*
3,5.58,0.0,0.0,1.0,0.0,0.0,Kevin Kolb,5.65,34.0,20.0,58.82,1.0,67.9,4.0,0.0,6.97,237.0,25.0,QB,2.0,0.0,0.5,1.0,,,,2011,4.0,2011-10-02,4.0,4.0,27.039,ARI,0,NYG,L 27-31,*
4,4.28,0.0,0.0,1.0,0.0,0.0,Kevin Kolb,3.38,42.0,21.0,50.0,2.0,46.9,4.0,0.0,5.52,232.0,40.0,QB,2.0,0.0,5.0,10.0,,,,2011,5.0,2011-10-09,5.0,5.0,27.046,ARI,@,MIN,L 10-34,*
5,18.28,0.0,0.0,0.0,0.0,0.0,Kevin Kolb,7.85,34.0,18.0,52.94,1.0,86.9,2.0,2.0,8.0,272.0,15.0,QB,2.0,0.0,7.0,14.0,,,,2011,6.0,2011-10-23,6.0,7.0,27.06,ARI,0,PIT,L 20-32,*
6,8.62,0.0,0.0,1.0,0.0,0.0,Kevin Kolb,6.1,21.0,10.0,47.62,1.0,68.2,6.0,1.0,7.29,153.0,55.0,QB,1.0,0.0,5.0,5.0,,,,2011,7.0,2011-10-30,7.0,8.0,27.066999999999997,ARI,@,BAL,L 27-30,*
7,15.88,0.0,0.0,0.0,0.0,0.0,Kevin Kolb,10.68,25.0,16.0,64.0,0.0,109.9,5.0,1.0,9.88,247.0,23.0,QB,3.0,0.0,6.67,20.0,,,,2011,8.0,2011-12-04,12.0,13.0,27.101999999999997,ARI,0,DAL,W 19-13,*
8,0.08,0.0,0.0,1.0,0.0,0.0,Kevin Kolb,2.0,1.0,1.0,100.0,0.0,79.2,1.0,0.0,2.0,2.0,9.0,QB,0.0,0.0,0.0,0.0,,,,2011,9.0,2011-12-11,13.0,14.0,27.109,ARI,0,SFO,W 21-19,*
0,16.68,0.0,1.0,1.0,0.0,0.0,John Skelton,6.91,35.0,20.0,57.14,0.0,85.7,3.0,1.0,6.34,222.0,30.0,QB,4.0,0.0,9.5,38.0,,,,2011,1.0,2011-11-06,8.0,9.0,23.234,ARI,0,STL,W 19-13,*
1,22.1,0.0,0.0,0.0,0.0,0.0,John Skelton,7.13,40.0,21.0,52.5,2.0,82.8,4.0,3.0,7.88,315.0,33.0,QB,4.0,0.0,3.75,15.0,,,,2011,2.0,2011-11-13,9.0,10.0,23.241,ARI,@,PHI,W 21-17,*
2,-2.04,0.0,1.0,1.0,0.0,0.0,John Skelton,-1.89,19.0,6.0,31.58,3.0,10.5,1.0,0.0,5.21,99.0,8.0,QB,0.0,0.0,0.0,0.0,,,,2011,3.0,2011-11-20,10.0,11.0,23.248,ARI,@,SFO,L 7-23,*
3,2.36,0.0,0.0,0.0,0.0,0.0,John Skelton,1.04,23.0,12.0,52.17,2.0,30.0,3.0,0.0,4.96,114.0,8.0,QB,3.0,0.0,6.0,18.0,,,,2011,4.0,2011-11-27,11.0,12.0,23.255,ARI,@,STL,W 23-20,*
4,19.78,0.0,0.0,1.0,0.0,0.0,John Skelton,9.0,28.0,19.0,67.86,2.0,106.5,1.0,3.0,10.07,282.0,5.0,QB,6.0,0.0,4.17,25.0,,,,2011,5.0,2011-12-11,13.0,14.0,23.269000000000002,ARI,0,SFO,W 21-19,0
5,15.22,0.0,0.0,0.0,0.0,0.0,John Skelton,6.26,46.0,28.0,60.87,1.0,79.3,4.0,1.0,6.8,313.0,24.0,QB,2.0,0.0,3.5,7.0,,,,2011,6.0,2011-12-18,14.0,15.0,23.276,ARI,0,CLE,W 20-17,*
6,14.48,0.0,0.0,1.0,0.0,-10.0,John Skelton,4.59,44.0,23.0,52.27,3.0,60.5,5.0,2.0,6.75,297.0,40.0,QB,4.0,0.0,1.5,6.0,,,,2011,7.0,2011-12-24,15.0,16.0,23.281999999999996,ARI,@,CIN,L 16-23,*
7,14.74,0.0,0.0,0.0,0.0,0.0,John Skelton,6.15,40.0,22.0,55.0,1.0,74.1,2.0,1.0,6.78,271.0,14.0,QB,5.0,0.0,3.8,19.0,,,,2011,8.0,2012-01-01,16.0,17.0,23.29,ARI,0,SEA,W 23-20,*
0,4.02,0.0,0.0,1.0,0.0,0.0,Sam Bradford,6.27,30.0,17.0,56.67,0.0,75.4,4.0,0.0,6.27,188.0,22.0,QB,1.0,0.0,-15.0,-15.0,,,,2011,1.0,2011-09-11,1.0,1.0,23.307,STL,0,PHI,L 13-31,*
1,16.74,0.0,0.0,1.0,0.0,0.0,Sam Bradford,7.63,46.0,22.0,47.83,0.0,79.2,2.0,1.0,7.2,331.0,23.0,QB,3.0,0.0,5.0,15.0,,,,2011,2.0,2011-09-19,2.0,2.0,23.315,STL,@,NYG,L 16-28,*
2,8.84,0.0,1.0,2.0,0.0,0.0,Sam Bradford,4.41,32.0,16.0,50.0,1.0,62.8,5.0,1.0,5.19,166.0,34.0,QB,3.0,0.0,7.33,22.0,,,,2011,3.0,2011-09-25,3.0,3.0,23.320999999999998,STL,0,BAL,L 7-37,*
3,8.56,0.0,1.0,2.0,0.0,0.0,Sam Bradford,4.28,43.0,20.0,46.51,0.0,64.5,7.0,1.0,3.81,164.0,37.0,QB,0.0,0.0,0.0,0.0,,,,2011,4.0,2011-10-02,4.0,4.0,23.328000000000003,STL,0,WAS,L 10-17,*
4,11.12,0.0,0.0,1.0,0.0,-16.0,Sam Bradford,6.29,45.0,29.0,64.44,1.0,76.9,3.0,0.0,7.29,328.0,22.0,QB,2.0,0.0,0.0,0.0,,,,2011,5.0,2011-10-16,5.0,6.0,23.342,STL,@,GNB,L 3-24,*
5,8.4,0.0,0.0,0.0,0.0,0.0,Sam Bradford,5.83,36.0,23.0,63.89,1.0,73.3,4.0,0.0,7.08,255.0,22.0,QB,1.0,0.0,2.0,2.0,,,,2011,6.0,2011-11-06,8.0,9.0,23.363000000000003,STL,@,ARI,L 13-19,*
6,8.5,0.0,0.0,0.0,0.0,0.0,Sam Bradford,5.2,25.0,15.0,60.0,1.0,74.6,1.0,1.0,6.2,155.0,7.0,QB,4.0,0.0,0.75,3.0,,,,2011,7.0,2011-11-13,9.0,10.0,24.005,STL,@,CLE,W 13-12,*
7,7.24,0.0,0.0,2.0,0.0,0.0,Sam Bradford,3.9,40.0,20.0,50.0,1.0,60.5,5.0,1.0,4.53,181.0,38.0,QB,2.0,0.0,0.0,0.0,,,,2011,8.0,2011-11-20,10.0,11.0,24.011999999999997,STL,0,SEA,L 7-24,*
8,10.12,0.0,0.0,1.0,0.0,0.0,Sam Bradford,7.19,31.0,17.0,54.84,0.0,85.8,2.0,1.0,6.55,203.0,17.0,QB,0.0,0.0,0.0,0.0,,,,2011,9.0,2011-11-27,11.0,12.0,24.019000000000002,STL,0,ARI,L 20-23,*
9,5.62,0.0,0.0,0.0,0.0,0.0,Sam Bradford,5.1,29.0,12.0,41.38,1.0,49.9,3.0,0.0,6.66,193.0,26.0,QB,2.0,0.0,-0.5,-1.0,,,,2011,10.0,2011-12-12,13.0,14.0,24.034000000000002,STL,@,SEA,L 13-30,*
0,6.36,0.0,0.0,0.0,0.0,0.0,Matt Cassel,2.61,36.0,22.0,61.11,1.0,64.5,2.0,1.0,3.31,119.0,14.0,QB,0.0,0.0,0.0,0.0,,,,2011,1.0,2011-09-11,1.0,1.0,29.116999999999997,KAN,0,BUF,L 7-41,*
1,-2.68,0.0,0.0,1.0,0.0,0.0,Matt Cassel,-0.09,22.0,15.0,68.18,3.0,44.5,2.0,0.0,6.05,133.0,17.0,QB,0.0,0.0,0.0,0.0,,,,2011,2.0,2011-09-18,2.0,2.0,29.124000000000002,KAN,@,DET,L 3-48,*
2,13.14,0.0,0.0,1.0,0.0,0.0,Matt Cassel,7.13,24.0,17.0,70.83,1.0,102.1,1.0,2.0,7.33,176.0,5.0,QB,1.0,0.0,1.0,1.0,,,,2011,3.0,2011-09-25,3.0,3.0,29.131,KAN,@,SDG,L 17-20,*
3,16.4,0.0,0.0,0.0,0.0,0.0,Matt Cassel,9.66,29.0,18.0,62.07,0.0,102.7,3.0,1.0,8.97,260.0,13.0,QB,4.0,0.0,5.0,20.0,,,,2011,4.0,2011-10-02,4.0,4.0,29.138,KAN,0,MIN,W 22-17,*
4,27.48,0.0,0.0,0.0,0.0,0.0,Matt Cassel,11.62,29.0,21.0,72.41,0.0,138.9,2.0,4.0,8.86,257.0,15.0,QB,5.0,0.0,2.4,12.0,,,,2011,5.0,2011-10-09,5.0,5.0,29.145,KAN,@,IND,W 28-24,*
5,2.24,0.0,0.0,0.0,0.0,0.0,Matt Cassel,2.37,30.0,15.0,50.0,2.0,38.3,0.0,0.0,5.37,161.0,0.0,QB,2.0,0.0,-1.0,-2.0,,,,2011,6.0,2011-10-23,6.0,7.0,29.159000000000002,KAN,@,OAK,W 28-0,*
6,9.84,0.0,0.0,1.0,0.0,0.0,Matt Cassel,5.97,32.0,19.0,59.38,2.0,69.9,3.0,1.0,8.16,261.0,14.0,QB,2.0,0.0,7.0,14.0,,,,2011,7.0,2011-10-31,7.0,8.0,29.166999999999998,KAN,0,SDG,W 23-20,*
7,13.92,0.0,0.0,1.0,0.0,-3.0,Matt Cassel,6.49,39.0,20.0,51.28,0.0,71.8,5.0,0.0,6.49,253.0,26.0,QB,9.0,0.0,4.22,38.0,,,,2011,8.0,2011-11-06,8.0,9.0,29.173000000000002,KAN,0,MIA,L 3-31,*
8,9.32,0.0,0.0,1.0,0.0,0.0,Matt Cassel,4.04,28.0,13.0,46.43,0.0,66.5,4.0,1.0,3.32,93.0,16.0,QB,2.0,0.0,8.0,16.0,,,,2011,9.0,2011-11-13,9.0,10.0,29.18,KAN,0,DEN,L 10-17,*
0,13.46,0.0,0.0,1.0,0.0,0.0,Kyle Orton,6.07,46.0,24.0,52.17,1.0,71.3,5.0,1.0,6.61,304.0,32.0,QB,1.0,0.0,13.0,13.0,,,,2011,1.0,2011-09-12,1.0,1.0,28.302,DEN,0,OAK,L 20-23,*
1,13.6,0.0,0.0,1.0,0.0,0.0,Kyle Orton,9.4,25.0,15.0,60.0,0.0,111.2,2.0,2.0,7.8,195.0,8.0,QB,1.0,0.0,-2.0,-2.0,,,,2011,2.0,2011-09-18,2.0,2.0,28.308000000000003,DEN,0,CIN,W 24-22,*
2,10.92,0.0,0.0,0.0,0.0,0.0,Kyle Orton,3.15,39.0,24.0,61.54,2.0,67.6,1.0,2.0,4.44,173.0,1.0,QB,0.0,0.0,0.0,0.0,,,,2011,3.0,2011-09-25,3.0,3.0,28.315,DEN,@,TEN,L 14-17,*
3,17.62,0.0,0.0,0.0,0.0,0.0,Kyle Orton,6.19,32.0,22.0,68.75,3.0,87.1,1.0,3.0,8.53,273.0,8.0,QB,2.0,0.0,3.5,7.0,,,,2011,4.0,2011-10-02,4.0,4.0,28.322,DEN,@,GNB,L 23-49,*
4,-0.74,0.0,0.0,0.0,0.0,0.0,Kyle Orton,-0.85,13.0,6.0,46.15,1.0,21.0,0.0,0.0,2.62,34.0,0.0,QB,1.0,0.0,-1.0,-1.0,,,,2011,5.0,2011-10-09,5.0,5.0,28.329,DEN,0,SDG,L 24-29,*
5,,0.0,0.0,0.0,0.0,0.0,Kyle Orton,0.0,1.0,0.0,0.0,0.0,39.6,0.0,0.0,0.0,0.0,0.0,QB,0.0,0.0,0.0,0.0,,,,2011,6.0,2011-12-04,12.0,13.0,29.02,KAN,@,CHI,W 10-3,0
6,11.46,0.0,0.0,0.0,0.0,0.0,Kyle Orton,9.65,31.0,23.0,74.19,0.0,104.1,0.0,0.0,9.65,299.0,0.0,QB,4.0,0.0,-1.25,-5.0,,,,2011,7.0,2011-12-18,14.0,15.0,29.034000000000002,KAN,0,GNB,W 19-14,*
7,12.2,0.0,0.0,0.0,0.0,0.0,Kyle Orton,6.39,36.0,21.0,58.33,2.0,71.5,0.0,1.0,8.33,300.0,0.0,QB,1.0,0.0,2.0,2.0,,,,2011,8.0,2011-12-24,15.0,16.0,29.04,KAN,0,OAK,L 13-16,*
8,7.1,0.0,0.0,0.0,0.0,0.0,Kyle Orton,6.21,29.0,15.0,51.72,0.0,71.0,1.0,0.0,6.21,180.0,5.0,QB,1.0,0.0,-1.0,-1.0,,,,2011,9.0,2012-01-01,16.0,17.0,29.048000000000002,KAN,@,DEN,W 7-3,*
0,14.4,0.0,0.0,1.0,0.0,0.0,Jason Campbell,5.68,22.0,13.0,59.09,0.0,86.4,1.0,1.0,4.77,105.0,6.0,QB,6.0,1.0,0.33,2.0,,6.0,1.0,2011,1.0,2011-09-12,1.0,1.0,29.255,OAK,@,DEN,W 23-20,*
1,25.22,0.0,0.0,0.0,0.0,0.0,Jason Campbell,9.64,33.0,23.0,69.7,1.0,108.5,0.0,2.0,9.79,323.0,0.0,QB,3.0,1.0,1.0,3.0,,6.0,1.0,2011,2.0,2011-09-18,2.0,2.0,29.261,OAK,@,BUF,L 35-38,*
2,7.24,0.0,0.0,0.0,0.0,0.0,Jason Campbell,5.78,27.0,18.0,66.67,0.0,81.7,1.0,0.0,5.78,156.0,7.0,QB,3.0,0.0,3.33,10.0,,0.0,0.0,2011,3.0,2011-09-25,3.0,3.0,29.268,OAK,0,NYJ,W 34-24,*
3,16.66,0.0,1.0,1.0,0.0,0.0,Jason Campbell,7.03,39.0,25.0,64.1,2.0,79.4,0.0,1.0,8.82,344.0,0.0,QB,4.0,0.0,7.25,29.0,,0.0,0.0,2011,4.0,2011-10-02,4.0,4.0,29.275,OAK,0,NWE,L 19-31,*
4,13.6,0.0,0.0,0.0,0.0,0.0,Jason Campbell,5.29,35.0,15.0,42.86,1.0,67.6,3.0,2.0,5.43,190.0,6.0,QB,0.0,0.0,0.0,0.0,,0.0,0.0,2011,5.0,2011-10-09,5.0,5.0,29.281999999999996,OAK,@,HOU,W 25-20,*
5,1.68,0.0,0.0,1.0,0.0,0.0,Jason Campbell,5.78,9.0,6.0,66.67,0.0,81.7,0.0,0.0,5.78,52.0,0.0,QB,2.0,0.0,8.0,16.0,,0.0,0.0,2011,6.0,2011-10-16,6.0,6.0,29.289,OAK,0,CLE,W 24-17,*
0,0.4,0.0,0.0,1.0,0.0,0.0,Curtis Painter,5.45,11.0,5.0,45.45,0.0,62.7,1.0,0.0,5.45,60.0,9.0,QB,0.0,0.0,0.0,0.0,,,,2011,1.0,2011-09-25,3.0,3.0,26.093000000000004,IND,0,PIT,L 20-23,0
1,17.24,0.0,0.0,1.0,0.0,0.0,Curtis Painter,10.7,30.0,13.0,43.33,0.0,99.4,4.0,2.0,9.37,281.0,25.0,QB,0.0,0.0,0.0,0.0,,,,2011,2.0,2011-10-03,4.0,4.0,26.101,IND,@,TAM,L 17-24,*
2,18.98,0.0,0.0,0.0,0.0,0.0,Curtis Painter,11.74,27.0,15.0,55.56,0.0,115.8,0.0,2.0,10.26,277.0,0.0,QB,1.0,0.0,-1.0,-1.0,,,,2011,3.0,2011-10-09,5.0,5.0,26.107,IND,0,KAN,L 24-28,*
3,10.92,0.0,0.0,0.0,0.0,0.0,Curtis Painter,4.79,34.0,23.0,67.65,1.0,79.0,1.0,1.0,5.53,188.0,9.0,QB,4.0,0.0,3.5,14.0,,,,2011,4.0,2011-10-16,6.0,6.0,26.114,IND,@,CIN,L 17-27,*
4,-0.22,0.0,0.0,1.0,0.0,0.0,Curtis Painter,1.29,17.0,9.0,52.94,1.0,38.1,1.0,0.0,3.94,67.0,5.0,QB,2.0,0.0,5.5,11.0,,,,2011,5.0,2011-10-23,7.0,7.0,26.121,IND,@,NOR,L 7-62,*
5,13.9,0.0,0.0,0.0,0.0,0.0,Curtis Painter,3.27,49.0,26.0,53.06,2.0,50.6,2.0,0.0,5.1,250.0,9.0,QB,7.0,0.0,11.29,79.0,,,,2011,6.0,2011-10-30,8.0,8.0,26.128,IND,@,TEN,L 10-27,*
6,2.42,0.0,0.0,0.0,0.0,0.0,Curtis Painter,1.96,27.0,13.0,48.15,1.0,41.9,2.0,0.0,3.63,98.0,15.0,QB,1.0,0.0,5.0,5.0,,,,2011,7.0,2011-11-06,9.0,9.0,26.135,IND,0,ATL,L 7-31,*
7,-0.34,0.0,0.0,1.0,0.0,-17.0,Curtis Painter,0.21,19.0,13.0,68.42,2.0,40.1,3.0,0.0,4.95,94.0,24.0,QB,2.0,0.0,-0.5,-1.0,,,,2011,8.0,2011-11-13,10.0,10.0,26.142,IND,0,JAX,L 3-17,*
8,9.04,0.0,0.0,1.0,0.0,0.0,Curtis Painter,5.38,29.0,15.0,51.72,2.0,60.4,2.0,1.0,7.79,226.0,8.0,QB,0.0,0.0,0.0,0.0,,,,2011,9.0,2011-11-27,11.0,12.0,26.156,IND,0,CAR,L 19-27,*
0,6.76,0.0,0.0,0.0,0.0,0.0,Donovan McNabb,0.93,15.0,7.0,46.67,1.0,47.9,2.0,1.0,2.6,39.0,11.0,QB,3.0,0.0,10.67,32.0,,0.0,0.0,2011,1.0,2011-09-11,1.0,1.0,34.29,MIN,@,SDG,L 17-24,*
1,10.32,0.0,0.0,0.0,0.0,0.0,Donovan McNabb,7.6,30.0,18.0,60.0,0.0,83.7,2.0,0.0,7.6,228.0,16.0,QB,4.0,0.0,3.0,12.0,,0.0,0.0,2011,2.0,2011-09-18,2.0,2.0,34.297,MIN,0,TAM,L 20-24,*
2,13.54,0.0,0.0,1.0,0.0,0.0,Donovan McNabb,6.42,36.0,22.0,61.11,0.0,86.7,4.0,1.0,5.86,211.0,22.0,QB,2.0,0.0,5.5,11.0,,0.0,0.0,2011,3.0,2011-09-25,3.0,3.0,34.304,MIN,0,DET,L 23-26,*
3,14.08,0.0,0.0,1.0,0.0,0.0,Donovan McNabb,6.57,30.0,18.0,60.0,1.0,88.5,2.0,2.0,6.73,202.0,12.0,QB,1.0,0.0,0.0,0.0,,0.0,0.0,2011,4.0,2011-10-02,4.0,4.0,34.311,MIN,@,KAN,L 17-22,*
4,13.16,0.0,0.0,0.0,0.0,0.0,Donovan McNabb,8.05,21.0,10.0,47.62,0.0,75.3,1.0,0.0,8.05,169.0,9.0,QB,4.0,1.0,1.0,4.0,,6.0,1.0,2011,5.0,2011-10-09,5.0,5.0,34.318000000000005,MIN,0,ARI,W 34-10,*
5,7.08,0.0,0.0,0.0,0.0,0.0,Donovan McNabb,7.38,24.0,19.0,79.17,0.0,97.4,5.0,0.0,7.38,177.0,43.0,QB,0.0,0.0,0.0,0.0,,0.0,0.0,2011,6.0,2011-10-16,6.0,6.0,34.325,MIN,@,CHI,L 10-39,*
0,1.4,0.0,0.0,0.0,0.0,0.0,Dan Orlovsky,7.0,5.0,3.0,60.0,0.0,81.2,0.0,0.0,7.0,35.0,0.0,QB,0.0,0.0,0.0,0.0,,,,2011,1.0,2011-10-23,7.0,7.0,28.066,IND,@,NOR,L 7-62,0
1,0.8,0.0,0.0,0.0,0.0,0.0,Dan Orlovsky,3.33,6.0,4.0,66.67,0.0,71.5,0.0,0.0,3.33,20.0,0.0,QB,0.0,0.0,0.0,0.0,,,,2011,2.0,2011-11-06,9.0,9.0,28.08,IND,0,ATL,L 7-31,0
2,0.68,0.0,0.0,1.0,0.0,0.0,Dan Orlovsky,6.7,10.0,7.0,70.0,0.0,88.3,2.0,0.0,6.7,67.0,9.0,QB,0.0,0.0,0.0,0.0,,,,2011,3.0,2011-11-13,10.0,10.0,28.087,IND,0,JAX,L 3-17,0
3,20.02,0.0,0.0,0.0,0.0,0.0,Dan Orlovsky,9.41,37.0,30.0,81.08,1.0,113.2,2.0,2.0,9.54,353.0,15.0,QB,1.0,0.0,-1.0,-1.0,,,,2011,4.0,2011-12-04,12.0,13.0,28.108,IND,@,NWE,L 24-31,*
4,7.44,0.0,1.0,3.0,0.0,0.0,Dan Orlovsky,3.0,37.0,17.0,45.95,1.0,53.4,4.0,1.0,3.68,136.0,19.0,QB,0.0,0.0,0.0,0.0,,,,2011,5.0,2011-12-11,13.0,14.0,28.115,IND,@,BAL,L 10-24,*
5,6.98,0.0,0.0,0.0,0.0,0.0,Dan Orlovsky,6.0,17.0,11.0,64.71,0.0,95.7,0.0,1.0,4.82,82.0,0.0,QB,3.0,0.0,-1.0,-3.0,,,,2011,6.0,2011-12-18,14.0,15.0,28.122,IND,0,TEN,W 27-13,*
6,11.96,0.0,0.0,1.0,0.0,0.0,Dan Orlovsky,6.44,41.0,23.0,56.1,0.0,81.8,3.0,1.0,5.95,244.0,19.0,QB,1.0,0.0,2.0,2.0,,,,2011,7.0,2011-12-22,15.0,16.0,28.125999999999998,IND,0,HOU,W 19-16,*
7,9.26,0.0,0.0,2.0,0.0,0.0,Dan Orlovsky,4.85,40.0,27.0,67.5,2.0,73.3,3.0,1.0,6.6,264.0,22.0,QB,1.0,0.0,7.0,7.0,,,,2011,8.0,2012-01-01,16.0,17.0,28.136,IND,@,JAX,L 13-19,*
0,34.54,0.0,0.0,1.0,0.0,-4.0,Chad Henne,8.39,49.0,30.0,61.22,1.0,93.6,4.0,2.0,8.49,416.0,26.0,QB,7.0,1.0,8.43,59.0,,6.0,1.0,2011,1.0,2011-09-12,1.0,1.0,26.072,MIA,0,NWE,L 24-38,*
1,11.4,0.0,0.0,0.0,0.0,0.0,Chad Henne,4.83,30.0,12.0,40.0,1.0,56.3,2.0,1.0,5.67,170.0,17.0,QB,3.0,0.0,8.67,26.0,,0.0,0.0,2011,2.0,2011-09-18,2.0,2.0,26.078000000000003,MIA,0,HOU,L 13-23,*
2,14.8,0.0,0.0,0.0,0.0,0.0,Chad Henne,7.93,29.0,19.0,65.52,1.0,90.4,5.0,1.0,8.79,255.0,24.0,QB,4.0,0.0,6.5,26.0,,0.0,0.0,2011,3.0,2011-09-25,3.0,3.0,26.085,MIA,@,CLE,L 16-17,*
3,-0.82,0.0,0.0,0.0,0.0,0.0,Chad Henne,-4.5,4.0,3.0,75.0,1.0,53.1,0.0,0.0,6.75,27.0,0.0,QB,1.0,0.0,1.0,1.0,,0.0,0.0,2011,4.0,2011-10-02,4.0,4.0,26.092,MIA,@,SDG,L 16-26,*
0,12.08,0.0,0.0,1.0,0.0,0.0,John Beck,7.8,15.0,8.0,53.33,0.0,79.0,1.0,0.0,7.8,117.0,7.0,QB,2.0,1.0,7.0,14.0,,6.0,1.0,2011,1.0,2011-10-16,5.0,6.0,30.055999999999997,WAS,0,PHI,L 13-20,0
1,18.16,0.0,0.0,1.0,0.0,0.0,John Beck,6.86,37.0,22.0,59.46,1.0,80.8,3.0,1.0,7.54,279.0,18.0,QB,3.0,1.0,3.33,10.0,,6.0,1.0,2011,2.0,2011-10-23,6.0,7.0,30.063000000000002,WAS,@,CAR,L 20-33,*
2,5.32,0.0,0.0,1.0,0.0,0.0,John Beck,3.58,33.0,20.0,60.61,2.0,53.6,10.0,0.0,6.3,208.0,56.0,QB,2.0,0.0,5.0,10.0,,0.0,0.0,2011,3.0,2011-10-30,7.0,8.0,30.07,WAS,@,BUF,L 0-23,*
3,15.06,0.0,0.0,0.0,0.0,0.0,John Beck,4.87,47.0,30.0,63.83,1.0,76.0,2.0,1.0,5.4,254.0,3.0,QB,3.0,0.0,3.0,9.0,,0.0,0.0,2011,4.0,2011-11-06,8.0,9.0,30.076999999999998,WAS,0,SFO,L 11-19,*
0,,0.0,0.0,0.0,0.0,0.0,Joe Webb,0.0,0.0,0.0,0.0,0.0,0.0,0.0,0.0,0.0,0.0,0.0,QB,1.0,0.0,-2.0,-2.0,,0.0,0.0,2011,1.0,2011-09-11,1.0,1.0,24.301,MIN,@,SDG,L 17-24,0
1,,0.0,0.0,0.0,0.0,0.0,Joe Webb,0.0,0.0,0.0,0.0,0.0,0.0,0.0,0.0,0.0,0.0,0.0,QB,0.0,0.0,0.0,0.0,,0.0,0.0,2011,2.0,2011-09-25,3.0,3.0,24.315,MIN,0,DET,L 23-26,0
2,,0.0,0.0,0.0,0.0,0.0,Joe Webb,0.0,0.0,0.0,0.0,0.0,0.0,0.0,0.0,0.0,0.0,0.0,QB,0.0,0.0,0.0,0.0,,0.0,0.0,2011,3.0,2011-10-02,4.0,4.0,24.322,MIN,@,KAN,L 17-22,0
3,0.1,0.0,0.0,0.0,0.0,0.0,Joe Webb,0.0,1.0,0.0,0.0,0.0,39.6,0.0,0.0,0.0,0.0,0.0,QB,1.0,0.0,1.0,1.0,,0.0,0.0,2011,4.0,2011-10-16,6.0,6.0,24.336,MIN,@,CHI,L 10-39,0
4,,0.0,0.0,0.0,0.0,0.0,Joe Webb,0.0,0.0,0.0,0.0,0.0,0.0,0.0,0.0,0.0,0.0,0.0,QB,0.0,0.0,0.0,0.0,,0.0,0.0,2011,5.0,2011-10-30,8.0,8.0,24.35,MIN,@,CAR,W 24-21,0
5,1.5,0.0,0.0,0.0,0.0,0.0,Joe Webb,0.0,0.0,0.0,0.0,0.0,0.0,0.0,0.0,0.0,0.0,0.0,QB,1.0,0.0,6.0,6.0,,0.0,0.0,2011,6.0,2011-11-14,9.0,10.0,25.0,MIN,@,GNB,L 7-45,0
6,0.72,0.0,0.0,0.0,0.0,0.0,Joe Webb,8.0,1.0,1.0,100.0,0.0,100.0,0.0,0.0,8.0,8.0,0.0,QB,1.0,0.0,4.0,4.0,,0.0,0.0,2011,7.0,2011-12-04,12.0,13.0,25.02,MIN,0,DEN,L 32-35,*
7,22.26,0.0,0.0,1.0,0.0,0.0,Joe Webb,4.52,23.0,12.0,52.17,0.0,75.3,1.0,1.0,3.65,84.0,15.0,QB,7.0,1.0,15.57,109.0,,6.0,1.0,2011,8.0,2011-12-11,13.0,14.0,25.026999999999997,MIN,@,DET,L 28-34,0
8,,0.0,0.0,0.0,0.0,0.0,Joe Webb,0.0,1.0,0.0,0.0,0.0,39.6,0.0,0.0,0.0,0.0,0.0,QB,2.0,0.0,0.0,0.0,,0.0,0.0,2011,9.0,2011-12-18,14.0,15.0,25.034000000000002,MIN,0,NOR,L 20-42,0
9,20.76,0.0,0.0,0.0,0.0,0.0,Joe Webb,24.8,5.0,4.0,80.0,0.0,158.3,1.0,2.0,16.8,84.0,3.0,QB,5.0,1.0,6.8,34.0,,6.0,1.0,2011,10.0,2011-12-24,15.0,16.0,25.04,MIN,@,WAS,W 33-26,0
10,4.2,0.0,0.0,0.0,0.0,0.0,Joe Webb,3.44,32.0,17.0,53.13,2.0,46.4,1.0,0.0,6.25,200.0,3.0,QB,4.0,0.0,0.5,2.0,,0.0,0.0,2011,11.0,2012-01-01,16.0,17.0,25.048000000000002,MIN,0,CHI,L 13-17,0
0,2.5,0.0,0.0,1.0,0.0,0.0,T.J. Yates,4.67,15.0,8.0,53.33,0.0,66.0,0.0,0.0,4.67,70.0,0.0,QB,4.0,0.0,-0.75,-3.0,,,,2011,1.0,2011-11-27,11.0,12.0,24.183000000000003,HOU,@,JAX,W 20-13,0
1,10.52,0.0,0.0,1.0,0.0,0.0,T.J. Yates,8.32,25.0,12.0,48.0,0.0,86.7,3.0,1.0,7.52,188.0,13.0,QB,2.0,0.0,5.0,10.0,,,,2011,2.0,2011-12-04,12.0,13.0,24.19,HOU,0,ATL,W 17-10,*
2,19.6,0.0,0.0,1.0,0.0,0.0,T.J. Yates,6.7,44.0,26.0,59.09,1.0,85.4,5.0,2.0,6.82,300.0,32.0,QB,5.0,0.0,7.2,36.0,,,,2011,3.0,2011-12-11,13.0,14.0,24.197,HOU,@,CIN,W 20-19,*
3,5.98,0.0,0.0,1.0,0.0,-5.0,T.J. Yates,4.07,30.0,19.0,63.33,2.0,56.5,2.0,0.0,7.07,212.0,4.0,QB,2.0,0.0,7.5,15.0,,,,2011,4.0,2011-12-18,14.0,15.0,24.204,HOU,0,CAR,L 13-28,*
4,3.18,0.0,0.0,1.0,0.0,0.0,T.J. Yates,8.25,16.0,13.0,81.25,0.0,101.0,4.0,0.0,8.25,132.0,20.0,QB,1.0,0.0,-1.0,-1.0,,,,2011,5.0,2011-12-22,15.0,16.0,24.208000000000002,HOU,@,IND,L 16-19,*
5,1.88,0.0,0.0,0.0,0.0,0.0,T.J. Yates,11.75,4.0,4.0,100.0,0.0,115.6,1.0,0.0,11.75,47.0,5.0,QB,0.0,0.0,0.0,0.0,,,,2011,6.0,2012-01-01,16.0,17.0,24.218000000000004,HOU,0,TEN,L 22-23,*
0,,,,,,,Jake Locker,0.0,1.0,0.0,0.0,0.0,39.6,0.0,0.0,0.0,0.0,0.0,QB,0.0,0.0,0.0,0.0,,0.0,0.0,2011,1.0,2011-10-02,4.0,4.0,23.109,TEN,@,CLE,W 31-13,0.0
1,0.48,,,,,,Jake Locker,12.0,1.0,1.0,100.0,0.0,116.7,1.0,0.0,12.0,12.0,9.0,QB,0.0,0.0,0.0,0.0,,0.0,0.0,2011,2.0,2011-10-23,6.0,7.0,23.13,TEN,0,HOU,L 7-41,0.0
2,14.7,,,,,,Jake Locker,9.47,19.0,9.0,47.37,0.0,107.3,1.0,2.0,7.37,140.0,7.0,QB,1.0,0.0,11.0,11.0,,0.0,0.0,2011,3.0,2011-11-20,10.0,11.0,23.158,TEN,@,ATL,L 17-23,0.0
3,24.88,,,,,,Jake Locker,10.41,29.0,13.0,44.83,0.0,91.5,2.0,1.0,9.72,282.0,12.0,QB,6.0,1.0,6.0,36.0,,6.0,1.0,2011,4.0,2011-12-11,13.0,14.0,23.179000000000002,TEN,0,NOR,L 17-22,0.0
4,9.22,,,,,,Jake Locker,8.0,16.0,11.0,68.75,0.0,108.3,1.0,1.0,6.75,108.0,9.0,QB,1.0,0.0,9.0,9.0,,0.0,0.0,2011,5.0,2011-12-18,14.0,15.0,23.186,TEN,@,IND,L 13-27,0.0
0,,0.0,0.0,0.0,0.0,0.0,Matt Flynn,-45.0,1.0,0.0,0.0,1.0,0.0,0.0,0.0,0.0,0.0,0.0,QB,2.0,0.0,-1.0,-2.0,,0.0,0.0,2011,1.0,2011-10-02,4.0,4.0,26.104,GNB,0.0,DEN,W 49-23,0
1,7.52,0.0,0.0,0.0,0.0,0.0,Matt Flynn,19.0,2.0,2.0,100.0,0.0,118.7,0.0,0.0,19.0,38.0,0.0,QB,4.0,1.0,0.0,0.0,,6.0,1.0,2011,2.0,2011-11-14,9.0,10.0,26.147,GNB,0.0,MIN,W 45-7,0
2,,0.0,0.0,0.0,0.0,0.0,Matt Flynn,0.0,2.0,0.0,0.0,0.0,39.6,1.0,0.0,0.0,0.0,6.0,QB,3.0,0.0,-0.67,-2.0,,0.0,0.0,2011,3.0,2011-12-11,13.0,14.0,26.174,GNB,0.0,OAK,W 46-16,0
3,,0.0,0.0,0.0,0.0,0.0,Matt Flynn,0.0,0.0,0.0,0.0,0.0,0.0,1.0,0.0,0.0,0.0,1.0,QB,2.0,0.0,-1.0,-2.0,,0.0,0.0,2011,4.0,2011-12-25,15.0,16.0,26.188000000000002,GNB,0.0,CHI,W 35-21,0
4,39.2,0.0,0.0,1.0,0.0,0.0,Matt Flynn,12.61,44.0,31.0,70.45,1.0,136.4,3.0,6.0,10.91,480.0,11.0,QB,2.0,0.0,0.0,0.0,,0.0,0.0,2011,5.0,2012-01-01,16.0,17.0,26.195,GNB,0.0,DET,W 45-41,*
0,-1.8,0.0,0.0,0.0,0.0,0.0,Vince Young,-45.0,1.0,0.0,0.0,1.0,0.0,0.0,0.0,0.0,0.0,0.0,QB,1.0,0.0,2.0,2.0,,,,2011,1.0,2011-10-16,6.0,6.0,28.151,PHI,@,WAS,W 20-13,0
1,,0.0,0.0,0.0,0.0,0.0,Vince Young,0.0,0.0,0.0,0.0,0.0,0.0,0.0,0.0,0.0,0.0,0.0,QB,0.0,0.0,0.0,0.0,,,,2011,2.0,2011-11-13,9.0,10.0,28.179000000000002,PHI,0,ARI,L 17-21,0
2,12.82,0.0,0.0,0.0,0.0,0.0,Vince Young,4.53,36.0,23.0,63.89,3.0,69.0,1.0,2.0,7.17,258.0,3.0,QB,6.0,0.0,0.83,5.0,,,,2011,3.0,2011-11-20,10.0,11.0,28.186,PHI,@,NYG,W 17-10,*
3,22.0,0.0,0.0,0.0,0.0,0.0,Vince Young,7.81,48.0,26.0,54.17,1.0,80.2,2.0,1.0,8.33,400.0,7.0,QB,6.0,0.0,6.67,40.0,,,,2011,4.0,2011-11-27,11.0,12.0,28.193,PHI,0,NWE,L 20-38,*
4,7.52,0.0,1.0,1.0,0.0,0.0,Vince Young,1.66,29.0,17.0,58.62,4.0,52.7,2.0,1.0,7.17,208.0,10.0,QB,5.0,0.0,6.4,32.0,,,,2011,5.0,2011-12-01,12.0,13.0,28.197,PHI,@,SEA,L 14-31,*
5,,0.0,1.0,1.0,0.0,0.0,Vince Young,0.0,0.0,0.0,0.0,0.0,0.0,3.0,0.0,0.0,0.0,14.0,QB,0.0,0.0,0.0,0.0,,,,2011,6.0,2011-12-18,14.0,15.0,28.214000000000002,PHI,0,NYJ,W 45-19,0
6,,0.0,0.0,0.0,0.0,0.0,Vince Young,0.0,0.0,0.0,0.0,0.0,0.0,0.0,0.0,0.0,0.0,0.0,QB,0.0,0.0,0.0,0.0,,,,2011,7.0,2011-12-24,15.0,16.0,28.22,PHI,@,DAL,W 20-7,0
0,14.06,0.0,0.0,1.0,0.0,0.0,Kellen Clemens,6.92,36.0,25.0,69.44,0.0,95.7,3.0,1.0,6.36,229.0,19.0,QB,2.0,0.0,4.5,9.0,,0.0,0.0,2011,1.0,2011-12-18,14.0,15.0,28.194000000000003,STL,0,CIN,L 13-20,*
1,4.64,0.0,0.0,1.0,0.0,0.0,Kellen Clemens,3.79,24.0,9.0,37.5,0.0,49.1,3.0,0.0,3.79,91.0,23.0,QB,2.0,0.0,5.0,10.0,,0.0,0.0,2011,2.0,2011-12-24,15.0,16.0,28.2,STL,@,PIT,L 0-27,*
2,18.84,0.0,0.0,0.0,0.0,0.0,Kellen Clemens,6.48,31.0,14.0,45.16,1.0,67.4,3.0,1.0,7.29,226.0,26.0,QB,2.0,1.0,9.0,18.0,,6.0,1.0,2011,3.0,2012-01-01,16.0,17.0,28.208000000000002,STL,0,SFO,L 27-34,*
0,2.1,0.0,0.0,0.0,0.0,0.0,Seneca Wallace,0.0,0.0,0.0,0.0,0.0,0.0,0.0,0.0,0.0,0.0,0.0,QB,0.0,0.0,0.0,0.0,,,,2011,1.0,2011-11-13,9.0,10.0,31.099,CLE,0,STL,L 12-13,0
1,0.16,0.0,0.0,0.0,0.0,0.0,Seneca Wallace,4.0,1.0,1.0,100.0,0.0,83.3,0.0,0.0,4.0,4.0,0.0,QB,0.0,0.0,0.0,0.0,,,,2011,2.0,2011-12-04,12.0,13.0,31.12,CLE,0,BAL,L 10-24,0
2,0.52,0.0,0.0,0.0,0.0,0.0,Seneca Wallace,13.0,1.0,1.0,100.0,0.0,118.7,0.0,0.0,13.0,13.0,0.0,QB,0.0,0.0,0.0,0.0,,,,2011,3.0,2011-12-08,13.0,14.0,31.124000000000002,CLE,@,PIT,L 3-14,0
3,13.14,0.0,0.0,1.0,0.0,0.0,Seneca Wallace,7.94,31.0,18.0,58.06,0.0,91.6,2.0,1.0,7.29,226.0,13.0,QB,3.0,0.0,7.0,21.0,,,,2011,4.0,2011-12-18,14.0,15.0,31.134,CLE,@,ARI,L 17-20,*
4,8.38,0.0,0.0,0.0,0.0,0.0,Seneca Wallace,3.7,33.0,19.0,57.58,1.0,66.1,2.0,1.0,4.45,147.0,8.0,QB,1.0,0.0,5.0,5.0,,,,2011,5.0,2011-12-24,15.0,16.0,31.14,CLE,@,BAL,L 14-20,*
5,9.48,0.0,0.0,0.0,0.0,0.0,Seneca Wallace,3.22,41.0,16.0,39.02,1.0,42.4,2.0,0.0,4.32,177.0,9.0,QB,3.0,0.0,14.67,44.0,,,,2011,6.0,2012-01-01,16.0,17.0,31.148000000000003,CLE,0,PIT,L 9-13,*
0,,0.0,0.0,0.0,0.0,0.0,Caleb Hanie,0.0,0.0,0.0,0.0,0.0,0.0,0.0,0.0,0.0,0.0,0.0,QB,0.0,0.0,0.0,0.0,,,,2011,1.0,2011-10-16,6.0,6.0,26.035,CHI,0,MIN,W 39-10,0
1,,0.0,0.0,0.0,0.0,0.0,Caleb Hanie,0.0,0.0,0.0,0.0,0.0,0.0,0.0,0.0,0.0,0.0,0.0,QB,0.0,0.0,0.0,0.0,,,,2011,2.0,2011-11-13,9.0,10.0,26.063000000000002,CHI,0,DET,W 37-13,0
2,17.16,0.0,0.0,0.0,0.0,0.0,Caleb Hanie,4.42,36.0,18.0,50.0,3.0,56.9,4.0,2.0,7.06,254.0,25.0,QB,5.0,0.0,10.0,50.0,,,,2011,3.0,2011-11-27,11.0,12.0,26.076999999999998,CHI,@,OAK,L 20-25,*
3,-0.38,0.0,0.0,1.0,0.0,0.0,Caleb Hanie,-0.08,24.0,11.0,45.83,3.0,23.8,7.0,0.0,5.54,133.0,45.0,QB,1.0,0.0,3.0,3.0,,,,2011,4.0,2011-12-04,12.0,13.0,26.084,CHI,0,KAN,L 3-10,*
4,5.7,0.0,0.0,0.0,0.0,0.0,Caleb Hanie,6.05,19.0,12.0,63.16,0.0,79.9,4.0,0.0,6.05,115.0,29.0,QB,2.0,0.0,5.5,11.0,,,,2011,5.0,2011-12-11,13.0,14.0,26.090999999999998,CHI,@,DEN,L 10-13,*
5,5.84,0.0,0.0,0.0,0.0,0.0,Caleb Hanie,-0.17,23.0,10.0,43.48,3.0,33.3,4.0,1.0,4.83,111.0,34.0,QB,5.0,0.0,6.8,34.0,,,,2011,6.0,2011-12-18,14.0,15.0,26.098000000000003,CHI,0,SEA,L 14-38,*
