,Player,Tm,Age,Pos,G,GS,Tgt,Rec,Yds,Y/R,TD,Lng,R/G,Y/G,Ctch%,Y/Tgt,Att,Yds,TD,Lng,Y/A,Y/G,A/G,Touch,Y/Tch,YScm,RRTD,Fmb
0,,,,,,,,,,,,,,,,,,,,,,,,,,,,
1,LeSean McCoy*+,PHI,25,RB,16,16,64,52,539,10.4,2,70,3.3,33.7,81.3%,8.4,314,1607,9,57,5.1,100.4,19.6,366,5.9,2146,11,1
2,Jamaal Charles*+,KAN,27,RB,15,15,104,70,693,9.9,7,71,4.7,46.2,67.3%,6.7,259,1287,12,46,5.0,85.8,17.3,329,6.0,1980,19,4
3,Matt Forte*,CHI,28,RB,16,16,95,74,594,8.0,3,34,4.6,37.1,77.9%,6.3,289,1339,9,55,4.6,83.7,18.1,363,5.3,1933,12,2
4,Josh Gordon*+,CLE,22,WR,14,14,159,87,1646,18.9,9,95,6.2,117.6,54.7%,10.4,5,88,0,34,17.6,6.3,0.4,92,18.8,1734,9,0
5,Knowshon Moreno,DEN,26,RB,16,15,74,60,548,9.1,3,35,3.8,34.3,81.1%,7.4,241,1038,10,31,4.3,64.9,15.1,301,5.3,1586,13,2
6,Marshawn Lynch*,SEA,27,RB,16,16,44,36,316,8.8,2,55,2.3,19.8,81.8%,7.2,301,1257,12,43,4.2,78.6,18.8,337,4.7,1573,14,4
7,Alshon Jeffery*,CHI,23,WR,16,14,148,89,1421,16.0,7,80,5.6,88.8,60.1%,9.6,16,105,0,38,6.6,6.6,1.0,105,14.5,1526,7,3
8,Reggie Bush,DET,28,RB,14,14,80,54,506,9.4,3,77,3.9,36.1,67.5%,6.3,223,1006,4,39,4.5,71.9,15.9,277,5.5,1512,7,5
9,Antonio Brown*,PIT,25,WR,16,14,167,110,1499,13.6,8,56,6.9,93.7,65.9%,9.0,7,4,0,10,0.6,0.3,0.4,117,12.8,1503,8,1
10,Calvin Johnson*+,DET,28,WR,14,14,156,84,1492,17.8,12,87,6.0,106.6,53.8%,9.6,,,,,,,,84,17.8,1492,12,1
11,DeMarco Murray*,DAL,25,RB,14,14,66,53,350,6.6,1,22,3.8,25.0,80.3%,5.3,217,1121,9,43,5.2,80.1,15.5,270,5.4,1471,10,3
12,Ryan Mathews,SDG,26,RB,16,14,33,26,189,7.3,1,17,1.6,11.8,78.8%,5.7,285,1255,6,51,4.4,78.4,17.8,311,4.6,1444,7,2
13,Adrian Peterson*,MIN,28,RB,14,14,40,29,171,5.9,1,22,2.1,12.2,72.5%,4.3,279,1266,10,78,4.5,90.4,19.9,308,4.7,1437,11,5
14,Eddie Lacy*,GNB,23,RB,15,15,44,35,257,7.3,0,34,2.3,17.1,79.5%,5.8,284,1178,11,60,4.1,78.5,18.9,319,4.5,1435,11,1
15,Demaryius Thomas*,DEN,26,WR,16,16,142,92,1430,15.5,14,78,5.8,89.4,64.8%,10.1,,,,,,,,92,15.5,1430,14,2
16,A.J. Green*,CIN,25,WR,16,16,178,98,1426,14.6,11,82,6.1,89.1,55.1%,8.0,,,,,,,,98,14.6,1426,11,1
17,Chris Johnson,TEN,28,RB,16,16,52,42,345,8.2,4,66,2.6,21.6,80.8%,6.6,279,1077,6,30,3.9,67.3,17.4,321,4.4,1422,10,3
18,Andre Johnson*,HOU,32,WR,16,16,181,109,1407,12.9,5,62,6.8,87.9,60.2%,7.8,,,,,,,,109,12.9,1407,5,0
19,Pierre Garcon,WAS,27,WR,16,16,181,113,1346,11.9,5,53,7.1,84.1,62.4%,7.4,2,19,0,10,9.5,1.2,0.1,115,11.9,1365,5,1
20,Alfred Morris*,WAS,25,RB,16,16,12,9,78,8.7,0,17,0.6,4.9,75.0%,6.5,276,1275,7,45,4.6,79.7,17.3,285,4.7,1353,7,5
21,DeSean Jackson*,PHI,27,WR,16,16,126,82,1332,16.2,9,61,5.1,83.3,65.1%,10.6,3,2,0,8,0.7,0.1,0.2,85,15.7,1334,9,1
22,Jordy Nelson,GNB,28,WR,16,16,127,85,1314,15.5,8,76,5.3,82.1,66.9%,10.3,,,,,,,,85,15.5,1314,8,0
23,Brandon Marshall*,CHI,29,WR,16,16,164,100,1295,13.0,12,44,6.3,80.9,61.0%,7.9,,,,,,,,100,13.0,1295,12,0
24,Eric Decker,DEN,26,WR,16,16,136,87,1288,14.8,11,61,5.4,80.5,64.0%,9.5,,,,,,,,87,14.8,1288,11,2
25,Fred Jackson,BUF,32,rb,16,6,65,47,387,8.2,1,37,2.9,24.2,72.3%,6.0,206,890,9,59,4.3,55.6,12.9,253,5.0,1277,10,3
26,Frank Gore*,SFO,30,RB,16,16,27,16,141,8.8,0,29,1.0,8.8,59.3%,5.2,276,1128,9,51,4.1,70.5,17.3,292,4.3,1269,9,3
27,Le'Veon Bell,PIT,21,RB,13,13,66,45,399,8.9,0,43,3.5,30.7,68.2%,6.0,244,860,8,43,3.5,66.2,18.8,289,4.4,1259,8,1
28,Dez Bryant*,DAL,25,WR,16,16,159,93,1233,13.3,13,79,5.8,77.1,58.5%,7.8,1,1,0,1,1.0,0.1,0.1,94,13.1,1234,13,3
29,Vincent Jackson,TAM,30,WR,16,16,160,78,1224,15.7,7,60,4.9,76.5,48.8%,7.7,1,0,0,0,0.0,0.0,0.1,79,15.5,1224,7,1
30,,,,,,,,,,,,,,,,,,,,,,,,,,,,
31,Jimmy Graham*+,NOR,27,TE/wr,16,12,142,86,1215,14.1,16,56,5.4,75.9,60.6%,8.6,,,,,,,,86,14.1,1215,16,0
32,Giovani Bernard,CIN,22,,16,0,71,56,514,9.2,3,41,3.5,32.1,78.9%,7.2,170,695,5,35,4.1,43.4,10.6,226,5.3,1209,8,2
33,Joique Bell,DET,27,fb/rb,16,4,69,53,547,10.3,0,37,3.3,34.2,76.8%,7.9,166,650,8,20,3.9,40.6,10.4,219,5.5,1197,8,4
34,Anquan Boldin,SFO,33,WR,16,16,129,85,1179,13.9,7,63,5.3,73.7,65.9%,9.1,2,11,0,11,5.5,0.7,0.1,87,13.7,1190,7,0
35,DeAngelo Williams,CAR,30,RB,15,15,36,26,333,12.8,1,72,1.7,22.2,72.2%,9.3,201,843,3,43,4.2,56.2,13.4,227,5.2,1176,4,3
36,Torrey Smith,BAL,24,WR,16,16,137,65,1128,17.4,4,74,4.1,70.5,47.4%,8.2,,,,,,,,65,17.4,1128,4,1
37,C.J. Spiller,BUF,26,RB,15,10,41,33,185,5.6,0,27,2.2,12.3,80.5%,4.5,202,933,2,77,4.6,62.2,13.5,235,4.8,1118,2,4
38,Maurice Jones-Drew,JAX,28,RB,15,15,60,43,314,7.3,0,17,2.9,20.9,71.7%,5.2,234,803,5,48,3.4,53.5,15.6,277,4.0,1117,5,1
39,Zac Stacy,STL,22,RB,14,12,35,26,141,5.4,1,25,1.9,10.1,74.3%,4.0,250,973,7,40,3.9,69.5,17.9,276,4.0,1114,8,1
40,T.Y. Hilton,IND,24,WR,16,10,139,82,1083,13.2,5,73,5.1,67.7,59.0%,7.8,2,6,0,3,3.0,0.4,0.1,84,13.0,1089,5,1
41,Kendall Wright,TEN,24,WR,16,12,139,94,1079,11.5,2,45,5.9,67.4,67.6%,7.8,,,,,,,,94,11.5,1079,2,2
42,Harry Douglas,ATL,29,WR,16,11,132,85,1067,12.6,2,80,5.3,66.7,64.4%,8.1,,,,,,,,85,12.6,1067,2,3
43,Julian Edelman,NWE,27,WR,16,11,151,105,1056,10.1,6,44,6.6,66.0,69.5%,7.0,2,11,0,7,5.5,0.7,0.1,107,10.0,1067,6,6
44,Pierre Thomas,NOR,29,RB,16,9,84,77,513,6.7,3,29,4.8,32.1,91.7%,6.1,147,549,2,18,3.7,34.3,9.2,224,4.7,1062,5,2
45,Keenan Allen,SDG,21,WR,15,14,105,71,1046,14.7,8,43,4.7,69.7,67.6%,10.0,,,,,,,,71,14.7,1046,8,2
46,Michael Floyd,ARI,24,WR,16,16,113,65,1041,16.0,5,91,4.1,65.1,57.5%,9.2,,,,,,,,65,16.0,1041,5,0
47,Danny Woodhead,SDG,28,rb,16,2,88,76,605,8.0,6,39,4.8,37.8,86.4%,6.9,106,429,2,14,4.0,26.8,6.6,182,5.7,1034,8,2
48,Rashad Jennings,OAK,28,RB,15,8,48,36,292,8.1,0,24,2.4,19.5,75.0%,6.1,163,733,6,80,4.5,48.9,10.9,199,5.2,1025,6,0
49,Andre Ellington,ARI,24,rb,15,1,57,39,371,9.5,1,38,2.6,24.7,68.4%,6.5,118,652,3,80,5.5,43.5,7.9,157,6.5,1023,4,1
50,Brian Hartline,MIA,27,WR,16,15,133,76,1016,13.4,4,50,4.8,63.5,57.1%,7.6,,,,,,,,76,13.4,1016,4,0
51,Victor Cruz,NYG,27,WR,14,12,122,73,998,13.7,4,70,5.2,71.3,59.8%,8.2,,,,,,,,73,13.7,998,4,1
52,Ray Rice,BAL,26,RB,15,15,72,58,321,5.5,0,22,3.9,21.4,80.6%,4.5,214,660,4,47,3.1,44.0,14.3,272,3.6,981,4,2
53,Bilal Powell,NYJ,25,RB,16,11,57,36,272,7.6,0,36,2.3,17.0,63.2%,4.8,176,697,1,39,4.0,43.6,11.0,212,4.6,969,1,1
54,Mike Wallace,MIA,27,WR,16,16,141,73,930,12.7,5,57,4.6,58.1,51.8%,6.6,3,33,0,13,11.0,2.1,0.2,76,12.7,963,5,0
55,Larry Fitzgerald*,ARI,30,WR,16,16,135,82,954,11.6,10,75,5.1,59.6,60.7%,7.1,2,8,0,4,4.0,0.5,0.1,84,11.5,962,10,1
56,Marques Colston,NOR,30,WR,15,11,111,75,943,12.6,5,35,5.0,62.9,67.6%,8.5,,,,,,,,75,12.6,943,5,0
57,Golden Tate,SEA,25,WR,16,13,99,64,898,14.0,5,80,4.0,56.1,64.6%,9.1,3,31,0,20,10.3,1.9,0.2,67,13.9,929,5,3
58,Nate Washington,TEN,30,WR,16,15,105,58,919,15.8,3,77,3.6,57.4,55.2%,8.8,,,,,,,,58,15.8,919,3,0
59,Jordan Cameron*,CLE,25,TE,15,14,118,80,917,11.5,7,53,5.3,61.1,67.8%,7.8,,,,,,,,80,11.5,917,7,1
60,Ben Tate,HOU,25,rb,14,7,49,34,140,4.1,0,10,2.4,10.0,69.4%,2.9,181,771,4,60,4.3,55.1,12.9,215,4.2,911,4,5
61,,,,,,,,,,,,,,,,,,,,,,,,,,,,
62,Rod Streater,OAK,25,WR,16,14,100,60,888,14.8,4,66,3.8,55.5,60.0%,8.9,2,17,0,9,8.5,1.1,0.1,62,14.6,905,4,1
63,Hakeem Nicks,NYG,25,WR,15,15,101,56,896,16.0,0,57,3.7,59.7,55.4%,8.9,,,,,,,,56,16.0,896,0,0
64,Lamar Miller,MIA,22,RB,16,15,35,26,170,6.5,0,22,1.6,10.6,74.3%,4.9,177,709,2,49,4.0,44.3,11.1,203,4.3,879,2,1
65,Trent Richardson,2TM,23,,16,10,52,35,316,9.0,1,24,2.2,19.8,67.3%,6.1,188,563,3,22,3.0,35.2,11.8,223,3.9,879,4,3
66,Antonio Gates,SDG,33,TE,16,15,114,77,872,11.3,4,56,4.8,54.5,67.5%,7.6,,,,,,,,77,11.3,872,4,2
67,Tony Gonzalez*,ATL,37,TE,16,16,121,83,859,10.3,8,25,5.2,53.7,68.6%,7.1,,,,,,,,83,10.3,859,8,0
68,Riley Cooper,PHI,26,WR,16,15,84,47,835,17.8,8,63,2.9,52.2,56.0%,9.9,0,18,0,18,,1.1,0.0,47,18.1,853,8,0
69,Jason Witten*,DAL,31,TE,16,16,111,73,851,11.7,8,34,4.6,53.2,65.8%,7.7,,,,,,,,73,11.7,851,8,0
70,Vernon Davis*,SFO,29,TE,15,15,84,52,850,16.3,13,64,3.5,56.7,61.9%,10.1,,,,,,,,52,16.3,850,13,1
71,Chris Ivory,NYJ,25,rb,15,6,7,2,10,5.0,0,12,0.1,0.7,28.6%,1.4,182,833,3,69,4.6,55.5,12.1,184,4.6,843,3,2
72,Stevan Ridley,NWE,24,rb,14,6,12,10,62,6.2,0,24,0.7,4.4,83.3%,5.2,178,773,7,29,4.3,55.2,12.7,188,4.4,835,7,4
73,Darren Sproles,NOR,30,rb,15,4,89,71,604,8.5,2,48,4.7,40.3,79.8%,6.8,53,220,2,38,4.2,14.7,3.5,124,6.6,824,4,2
74,Rashard Mendenhall,ARI,26,RB,15,15,21,18,134,7.4,0,24,1.2,8.9,85.7%,6.4,217,687,8,28,3.2,45.8,14.5,235,3.5,821,8,4
75,James Jones,GNB,29,WR,14,14,93,59,817,13.8,3,83,4.2,58.4,63.4%,8.8,,,,,,,,59,13.8,817,3,2
76,Greg Olsen,CAR,28,TE,16,16,111,73,816,11.2,6,31,4.6,51.0,65.8%,7.4,,,,,,,,73,11.2,816,6,0
77,LeGarrette Blount,NWE,27,rb,16,7,5,2,38,19.0,0,32,0.1,2.4,40.0%,7.6,153,772,7,47,5.0,48.3,9.6,155,5.2,810,7,3
78,Greg Jennings,MIN,30,WR,15,15,106,68,804,11.8,4,70,4.5,53.6,64.2%,7.6,,,,,,,,68,11.8,804,4,0
79,DeAndre Hopkins,HOU,21,WR,16,16,91,52,802,15.4,2,66,3.3,50.1,57.1%,8.8,,,,,,,,52,15.4,802,2,1
80,Julius Thomas*,DEN,25,TE,14,14,90,65,788,12.1,12,74,4.6,56.3,72.2%,8.8,,,,,,,,65,12.1,788,12,1
81,Doug Baldwin,SEA,25,WR,16,9,72,50,778,15.6,5,52,3.1,48.6,69.4%,10.8,2,6,0,3,3.0,0.4,0.1,52,15.1,784,5,0
82,BenJarvus Green-Ellis,CIN,28,RB,16,16,8,4,22,5.5,0,10,0.3,1.4,50.0%,2.8,220,756,7,25,3.4,47.3,13.8,224,3.5,778,7,2
83,Wes Welker,DEN,32,WR,13,13,111,73,778,10.7,10,33,5.6,59.8,65.8%,7.0,,,,,,,,73,10.7,778,10,1
84,Marvin Jones,CIN,23,wr,16,3,80,51,712,14.0,10,45,3.2,44.5,63.8%,8.9,8,65,0,34,8.1,4.1,0.5,59,13.2,777,10,0
85,Cecil Shorts,JAX,26,WR,13,13,123,66,777,11.8,3,59,5.1,59.8,53.7%,6.3,,,,,,,,66,11.8,777,3,0
86,Charles Clay,MIA,24,TE,16,15,102,69,759,11.0,6,67,4.3,47.4,67.6%,7.4,7,15,1,13,2.1,0.9,0.4,76,10.2,774,7,0
87,Emmanuel Sanders,PIT,26,WR,16,10,113,67,740,11.0,6,55,4.2,46.3,59.3%,6.5,1,25,0,25,25.0,1.6,0.1,68,11.3,765,6,1
88,Martellus Bennett,CHI,26,TE,16,15,94,65,759,11.7,5,43,4.1,47.4,69.1%,8.1,,,,,,,,65,11.7,759,5,1
89,Donald Brown,IND,26,rb,16,5,35,27,214,7.9,2,33,1.7,13.4,77.1%,6.1,102,537,6,51,5.3,33.6,6.4,129,5.8,751,8,1
90,Steve Smith,CAR,34,WR,15,15,110,64,745,11.6,4,44,4.3,49.7,58.2%,6.8,,,,,,,,64,11.6,745,4,0
91,Terrance Williams,DAL,24,wr,16,8,74,44,736,16.7,5,82,2.8,46.0,59.5%,9.9,3,4,0,5,1.3,0.3,0.2,47,15.7,740,5,2
92,,,,,,,,,,,,,,,,,,,,,,,,,,,,
93,Steven Jackson,ATL,30,RB,12,12,49,33,191,5.8,1,25,2.8,15.9,67.3%,3.9,157,543,6,50,3.5,45.3,13.1,190,3.9,734,7,0
94,Jerome Simpson,MIN,27,WR,16,8,100,48,726,15.1,1,51,3.0,45.4,48.0%,7.3,,,,,,,,48,15.1,726,1,1
95,Arian Foster,HOU,27,RB,8,8,35,22,183,8.3,1,41,2.8,22.9,62.9%,5.2,121,542,1,23,4.5,67.8,15.1,143,5.1,725,2,0
96,Roddy White,ATL,32,WR,13,13,97,63,711,11.3,3,39,4.8,54.7,64.9%,7.3,,,,,,,,63,11.3,711,3,2
97,Montee Ball,DEN,23,,16,0,27,20,145,7.3,0,31,1.3,9.1,74.1%,5.4,120,559,4,45,4.7,34.9,7.5,140,5.0,704,4,3
98,Denarius Moore,OAK,25,WR,13,10,86,46,695,15.1,5,73,3.5,53.5,53.5%,8.1,,,,,,,,46,15.1,695,5,0
99,Jarrett Boykin,GNB,24,WR,16,8,83,49,681,13.9,3,52,3.1,42.6,59.0%,8.2,,,,,,,,49,13.9,681,3,0
100,Dwayne Bowe,KAN,29,WR,15,15,103,57,673,11.8,5,34,3.8,44.9,55.3%,6.5,,,,,,,,57,11.8,673,5,0
101,Jacquizz Rodgers,ATL,23,rb,15,4,63,52,341,6.6,2,22,3.5,22.7,82.5%,5.4,96,332,2,19,3.5,22.1,6.4,148,4.5,673,4,1
102,Jared Cook,STL,26,TE,16,13,85,51,671,13.2,5,47,3.2,41.9,60.0%,7.9,,,,,,,,51,13.2,671,5,1
103,Scott Chandler,BUF,28,te,16,7,81,53,655,12.4,2,33,3.3,40.9,65.4%,8.1,,,,,,,,53,12.4,655,2,1
104,Eddie Royal,SDG,27,wr,15,3,68,47,631,13.4,8,54,3.1,42.1,69.1%,9.3,3,21,0,15,7.0,1.4,0.2,50,13.0,652,8,1
105,Kenny Stills,NOR,21,WR,16,10,50,32,641,20.0,5,76,2.0,40.1,64.0%,12.8,3,10,0,4,3.3,0.6,0.2,35,18.6,651,5,0
106,Brandon LaFell,CAR,27,WR,16,16,85,49,627,12.8,5,79,3.1,39.2,57.6%,7.4,2,15,0,9,7.5,0.9,0.1,51,12.6,642,5,1
107,Shane Vereen,NWE,24,rb,8,1,69,47,427,9.1,3,50,5.9,53.4,68.1%,6.2,44,208,1,21,4.7,26.0,5.5,91,7.0,635,4,1
108,Danny Amendola,NWE,28,wr,12,6,83,54,633,11.7,2,57,4.5,52.8,65.1%,7.6,1,1,0,1,1.0,0.1,0.1,55,11.5,634,2,0
109,Cordarrelle Patterson*+,MIN,22,wr,16,6,77,45,469,10.4,4,79,2.8,29.3,58.4%,6.1,12,158,3,50,13.2,9.9,0.8,57,11.0,627,7,0
110,Bobby Rainey,2TM,26,,15,6,19,15,46,3.1,1,15,1.0,3.1,78.9%,2.4,150,566,5,80,3.8,37.7,10.0,165,3.7,612,6,1
111,Rueben Randle,NYG,22,wr,16,3,78,41,611,14.9,6,37,2.6,38.2,52.6%,7.8,,,,,,,,41,14.9,611,6,3
112,Coby Fleener,IND,25,TE,16,12,87,52,608,11.7,4,44,3.3,38.0,59.8%,7.0,,,,,,,,52,11.7,608,4,1
113,Steve Johnson,BUF,27,WR,12,12,101,52,597,11.5,3,45,4.3,49.8,51.5%,5.9,1,10,0,10,10.0,0.8,0.1,53,11.5,607,3,1
114,Robert Woods,BUF,21,WR,14,14,85,40,587,14.7,3,57,2.9,41.9,47.1%,6.9,2,16,0,13,8.0,1.1,0.1,42,14.4,603,3,0
115,Donnie Avery,KAN,29,WR,16,14,71,40,596,14.9,2,51,2.5,37.3,56.3%,8.4,2,6,0,4,3.0,0.4,0.1,42,14.3,602,2,1
116,Jerricho Cotchery,PIT,31,wr,16,6,76,46,602,13.1,10,36,2.9,37.6,60.5%,7.9,1,-5,0,-5,-5.0,-0.3,0.1,47,12.7,597,10,0
117,Andre Brown,NYG,27,RB,8,8,29,20,103,5.2,0,14,2.5,12.9,69.0%,3.6,139,492,3,23,3.5,61.5,17.4,159,3.7,595,3,3
118,Heath Miller,PIT,31,TE,14,14,79,58,593,10.2,1,31,4.1,42.4,73.4%,7.5,,,,,,,,58,10.2,593,1,1
119,Rob Gronkowski,NWE,24,te,7,6,66,39,592,15.2,4,50,5.6,84.6,59.1%,9.0,,,,,,,,39,15.2,592,4,0
120,Julio Jones,ATL,24,wr,5,5,59,41,580,14.1,2,81,8.2,116.0,69.5%,9.8,1,7,0,7,7.0,1.4,0.2,42,14.0,587,2,2
121,Ted Ginn,CAR,28,wr,16,2,68,36,556,15.4,5,47,2.3,34.8,52.9%,8.2,4,29,0,14,7.3,1.8,0.3,40,14.6,585,5,0
122,Cam Newton*,CAR,24,QB,16,16,0,0,0,,0,0,0.0,0.0,0.0%,,111,585,6,56,5.3,36.6,6.9,111,5.3,585,6,3
123,,,,,,,,,,,,,,,,,,,,,,,,,,,,
124,Chris Ogbonnaya,CLE,27,fb/rb,16,7,74,48,343,7.1,2,17,3.0,21.4,64.9%,4.6,49,240,0,43,4.9,15.0,3.1,97,6.0,583,2,2
125,James Starks,GNB,27,rb,13,1,13,10,89,8.9,1,23,0.8,6.8,76.9%,6.8,89,493,3,41,5.5,37.9,6.8,99,5.9,582,4,1
126,Chris Givens,STL,24,WR,16,13,83,34,569,16.7,0,47,2.1,35.6,41.0%,6.9,3,8,0,16,2.7,0.5,0.2,37,15.6,577,0,1
127,Terrelle Pryor,OAK,24,QB,11,9,0,0,0,,0,0,0.0,0.0,0.0%,,83,576,2,93,6.9,52.4,7.5,83,6.9,576,2,7
128,Tim Wright,TAM,23,te/wr,16,8,76,54,571,10.6,5,36,3.4,35.7,71.1%,7.5,1,2,0,2,2.0,0.1,0.1,55,10.4,573,5,0
129,Delanie Walker,TEN,29,TE,15,11,86,60,571,9.5,6,33,4.0,38.1,69.8%,6.6,,,,,,,,60,9.5,571,6,1
130,Tavon Austin,STL,23,rb/wr,13,3,69,40,418,10.5,4,81,3.1,32.2,58.0%,6.1,9,151,1,65,16.8,11.6,0.7,49,11.6,569,5,4
131,Marcel Reece*,OAK,28,FB/rb,16,15,54,32,331,10.3,2,45,2.0,20.7,59.3%,6.1,46,218,2,63,4.7,13.6,2.9,78,7.0,549,4,0
132,Garrett Graham,HOU,27,TE,13,11,89,49,545,11.1,5,42,3.8,41.9,55.1%,6.1,,,,,,,,49,11.1,545,5,2
133,Mike Tolbert*+,CAR,28,FB,16,13,33,27,184,6.8,2,18,1.7,11.5,81.8%,5.6,101,361,5,22,3.6,22.6,6.3,128,4.3,545,7,0
134,Bernard Pierce,BAL,22,rb,16,1,25,20,104,5.2,0,15,1.3,6.5,80.0%,4.2,152,436,2,28,2.9,27.3,9.5,172,3.1,540,2,0
135,Russell Wilson*,SEA,25,QB,16,16,0,0,0,,0,0,0.0,0.0,0.0%,,96,539,1,27,5.6,33.7,6.0,96,5.6,539,1,12
136,Jeremy Kerley,NYJ,25,WR,12,8,72,43,523,12.2,3,26,3.6,43.6,59.7%,7.3,4,11,0,8,2.8,0.9,0.3,47,11.4,534,3,0
137,Roy Helu,WAS,25,,16,0,42,31,251,8.1,0,28,1.9,15.7,73.8%,6.0,62,274,4,24,4.4,17.1,3.9,93,5.6,525,4,2
138,Colin Kaepernick,SFO,26,QB,16,16,0,0,0,,0,0,0.0,0.0,0.0%,,92,524,4,28,5.7,32.8,5.8,92,5.7,524,4,9
139,Marlon Brown,BAL,22,WR,14,12,82,49,524,10.7,7,59,3.5,37.4,59.8%,6.4,1,-2,0,-2,-2.0,-0.1,0.1,50,10.4,522,7,0
140,Doug Martin,TAM,24,rb,6,6,24,12,66,5.5,0,13,2.0,11.0,50.0%,2.8,127,456,1,28,3.6,76.0,21.2,139,3.8,522,1,2
141,Brandon Myers,NYG,28,TE,16,14,76,47,522,11.1,4,27,2.9,32.6,61.8%,6.9,,,,,,,,47,11.1,522,4,0
142,Aaron Dobson,NWE,22,WR,12,9,72,37,519,14.0,4,81,3.1,43.3,51.4%,7.2,,,,,,,,37,14.0,519,4,1
143,Jordan Reed,WAS,23,te,9,4,59,45,499,11.1,3,38,5.0,55.4,76.3%,8.5,1,18,0,18,18.0,2.0,0.1,46,11.2,517,3,0
144,Dexter McCluster*,KAN,24,wr,15,6,83,53,511,9.6,2,43,3.5,34.1,63.9%,6.2,8,5,0,5,0.6,0.3,0.5,61,8.5,516,2,2
145,Randall Cobb,GNB,23,wr,6,4,47,31,433,14.0,4,48,5.2,72.2,66.0%,9.2,4,78,0,67,19.5,13.0,0.7,35,14.6,511,4,0
146,Reggie Wayne,IND,35,wr,7,7,58,38,503,13.2,2,35,5.4,71.9,65.5%,8.7,1,5,0,5,5.0,0.7,0.1,39,13.0,508,2,0
147,Brent Celek,PHI,28,TE,16,15,51,32,502,15.7,6,42,2.0,31.4,62.7%,9.8,,,,,,,,32,15.7,502,6,1
148,Kris Durham,DET,25,WR,16,13,85,38,490,12.9,2,40,2.4,30.6,44.7%,5.8,,,,,,,,38,12.9,490,2,1
149,Robert Griffin,WAS,23,QB,13,13,0,0,0,,0,0,0.0,0.0,0.0%,,86,489,0,26,5.7,37.6,6.6,86,5.7,489,0,11
150,Ace Sanders,JAX,22,wr,15,4,87,51,484,9.5,1,51,3.4,32.3,58.6%,5.6,2,4,0,4,2.0,0.3,0.1,53,9.2,488,1,0
151,Darren McFadden,OAK,26,rb,10,7,25,17,108,6.4,0,16,1.7,10.8,68.0%,4.3,114,379,5,30,3.3,37.9,11.4,131,3.7,487,5,1
152,Santana Moss,WAS,34,wr,16,1,79,42,452,10.8,2,28,2.6,28.3,53.2%,5.7,3,25,0,18,8.3,1.6,0.2,45,10.6,477,2,2
153,Vincent Brown,SDG,24,WR,16,12,70,41,472,11.5,1,51,2.6,29.5,58.6%,6.7,,,,,,,,41,11.5,472,1,0
154,,,,,,,,,,,,,,,,,,,,,,,,,,,,
155,Andre Roberts,ARI,25,wr,16,2,76,43,471,11.0,2,34,2.7,29.4,56.6%,6.2,,,,,,,,43,11.0,471,2,0
156,Mohamed Sanu,CIN,24,WR,16,14,77,47,455,9.7,2,32,2.9,28.4,61.0%,5.9,4,16,0,9,4.0,1.0,0.3,51,9.2,471,2,1
157,Zach Ertz,PHI,23,te,16,3,57,36,469,13.0,4,38,2.3,29.3,63.2%,8.2,,,,,,,,36,13.0,469,4,0
158,Daniel Thomas,MIA,26,rb,15,1,17,15,63,4.2,2,16,1.0,4.2,88.2%,3.7,109,406,4,55,3.7,27.1,7.3,124,3.8,469,6,0
159,Kenbrell Thompkins,NWE,25,WR,12,8,69,32,466,14.6,4,49,2.7,38.8,46.4%,6.8,,,,,,,,32,14.6,466,4,0
160,Greg Little,CLE,24,WR,16,13,99,41,465,11.3,2,47,2.6,29.1,41.4%,4.7,,,,,,,,41,11.3,465,2,0
161,Jermaine Gresham,CIN,25,TE,14,14,68,46,458,10.0,4,30,3.3,32.7,67.6%,6.7,,,,,,,,46,10.0,458,4,3
162,Lance Moore,NOR,30,wr,13,5,54,37,457,12.4,2,44,2.8,35.2,68.5%,8.5,,,,,,,,37,12.4,457,2,1
163,Santonio Holmes,NYJ,29,WR,11,11,59,23,456,19.8,1,69,2.1,41.5,39.0%,7.7,,,,,,,,23,19.8,456,1,0
164,Jacoby Jones,BAL,29,WR,12,9,68,37,455,12.3,2,66,3.1,37.9,54.4%,6.7,2,0,0,4,0.0,0.0,0.2,39,11.7,455,2,0
165,Rob Housler,ARI,25,TE,13,10,57,39,454,11.6,1,31,3.0,34.9,68.4%,8.0,,,,,,,,39,11.6,454,1,1
166,Mark Ingram,NOR,24,rb,11,3,11,7,68,9.7,0,23,0.6,6.2,63.6%,6.2,78,386,1,34,4.9,35.1,7.1,85,5.3,454,1,1
167,Nate Burleson,DET,32,WR,9,8,55,39,461,11.8,1,47,4.3,51.2,70.9%,8.4,2,-8,0,0,-4.0,-0.9,0.2,41,11.0,453,1,1
168,Rishard Matthews,MIA,24,wr,16,5,67,41,448,10.9,2,29,2.6,28.0,61.2%,6.7,,,,,,,,41,10.9,448,2,0
169,Jason Avant,PHI,30,WR,16,13,77,38,447,11.8,2,31,2.4,27.9,49.4%,5.8,,,,,,,,38,11.8,447,2,1
170,Mike Brown,JAX,24,wr,11,6,56,32,446,13.9,2,43,2.9,40.5,57.1%,8.0,,,,,,,,32,13.9,446,2,2
171,Tyler Eifert,CIN,23,TE,15,15,60,39,445,11.4,2,61,2.6,29.7,65.0%,7.4,,,,,,,,39,11.4,445,2,0
172,Tiquan Underwood,TAM,26,wr,12,7,46,24,440,18.3,4,85,2.0,36.7,52.2%,9.6,,,,,,,,24,18.3,440,4,0
173,Jarius Wright,MIN,24,wr,16,3,43,26,434,16.7,3,42,1.6,27.1,60.5%,10.1,,,,,,,,26,16.7,434,3,0
174,Andre Holmes,OAK,25,wr,10,4,52,25,431,17.2,1,40,2.5,43.1,48.1%,8.3,,,,,,,,25,17.2,431,1,0
175,Alex Smith*,KAN,29,QB,15,15,1,1,-4,-4.0,0,-4,0.1,-0.3,100.0%,-4.0,76,431,1,26,5.7,28.7,5.1,77,5.5,427,1,8
176,Brandon Bolden,NWE,23,rb,12,2,29,21,152,7.2,0,18,1.8,12.7,72.4%,5.2,55,271,3,46,4.9,22.6,4.6,76,5.6,423,3,0
177,David Nelson,NYJ,27,wr,12,6,60,36,423,11.8,2,31,3.0,35.3,60.0%,7.1,,,,,,,,36,11.8,423,2,0
178,Brandon Pettigrew,DET,28,TE,14,14,63,41,416,10.1,2,31,2.9,29.7,65.1%,6.6,,,,,,,,41,10.1,416,2,1
179,Justin Blackmon,JAX,23,wr,4,4,48,29,415,14.3,1,67,7.3,103.8,60.4%,8.6,1,-1,0,-1,-1.0,-0.3,0.3,30,13.8,414,1,0
180,Mychal Rivera,OAK,23,te,16,3,60,38,407,10.7,4,37,2.4,25.4,63.3%,6.8,,,,,,,,38,10.7,407,4,0
181,Austin Pettis,STL,25,wr,16,6,63,38,399,10.5,4,31,2.4,24.9,60.3%,6.3,,,,,,,,38,10.5,399,4,1
182,Bryce Brown,PHI,22,rb,16,1,13,8,84,10.5,0,35,0.5,5.3,61.5%,6.5,75,314,2,65,4.2,19.6,4.7,83,4.8,398,2,0
183,Jeff Cumberland,NYJ,26,TE,15,12,40,26,398,15.3,4,47,1.7,26.5,65.0%,10.0,,,,,,,,26,15.3,398,4,0
184,Willis McGahee,CLE,32,rb,12,6,11,8,20,2.5,0,9,0.7,1.7,72.7%,1.8,138,377,2,16,2.7,31.4,11.5,146,2.7,397,2,1
185,,,,,,,,,,,,,,,,,,,,,,,,,,,,
186,Kellen Winslow,NYJ,30,te,12,3,47,31,388,12.5,2,34,2.6,32.3,66.0%,8.3,,,,,,,,31,12.5,388,2,0
187,Zach Miller,SEA,28,TE,14,12,56,33,387,11.7,5,60,2.4,27.6,58.9%,6.9,,,,,,,,33,11.7,387,5,0
188,Jerrel Jernigan,NYG,24,wr,15,3,45,29,329,11.3,2,30,1.9,21.9,64.4%,7.3,2,57,1,49,28.5,3.8,0.1,31,12.5,386,3,1
189,Jason Snelling,ATL,30,fb,14,1,34,29,216,7.4,3,34,2.1,15.4,85.3%,6.4,44,164,1,17,3.7,11.7,3.1,73,5.2,380,4,0
190,Geno Smith,NYJ,23,QB,16,16,1,1,13,13.0,0,13,0.1,0.8,100.0%,13.0,72,366,6,32,5.1,22.9,4.5,73,5.2,379,6,8
191,Andrew Luck*,IND,24,QB,16,16,0,0,0,,0,0,0.0,0.0,0.0%,,63,377,4,29,6.0,23.6,3.9,63,6.0,377,4,6
192,Ladarius Green,SDG,23,TE,16,10,30,17,376,22.1,3,60,1.1,23.5,56.7%,12.5,,,,,,,,17,22.1,376,3,0
193,T.J. Graham,BUF,24,wr,16,6,58,23,361,15.7,2,47,1.4,22.6,39.7%,6.2,4,14,0,14,3.5,0.9,0.3,27,13.9,375,2,1
194,Leonard Hankerson,WAS,25,wr,10,7,50,30,375,12.5,3,29,3.0,37.5,60.0%,7.5,,,,,,,,30,12.5,375,3,0
195,Jordan Todman,JAX,23,rb,16,2,26,14,116,8.3,1,30,0.9,7.3,53.8%,4.5,76,256,2,33,3.4,16.0,4.8,90,4.1,372,3,0
196,Toby Gerhart,MIN,26,,14,0,19,13,88,6.8,0,13,0.9,6.3,68.4%,4.6,36,283,2,41,7.9,20.2,2.6,49,7.6,371,2,1
197,Kendall Hunter,SFO,25,,16,0,4,2,13,6.5,0,9,0.1,0.8,50.0%,3.3,78,358,3,45,4.6,22.4,4.9,80,4.6,371,3,1
198,Cole Beasley,DAL,24,wr,14,3,54,39,368,9.4,2,23,2.8,26.3,72.2%,6.8,,,,,,,,39,9.4,368,2,1
199,Davone Bess,CLE,28,wr,14,3,86,42,362,8.6,2,20,3.0,25.9,48.8%,4.2,,,,,,,,42,8.6,362,2,1
200,Brian Leonard,TAM,29,rb,16,1,37,29,179,6.2,0,19,1.8,11.2,78.4%,4.8,47,182,0,24,3.9,11.4,2.9,76,4.8,361,0,0
201,Aldrick Robinson,WAS,25,wr,16,1,46,18,365,20.3,2,62,1.1,22.8,39.1%,7.9,3,-4,0,9,-1.3,-0.3,0.2,21,17.2,361,2,0
202,Marcedes Lewis,JAX,29,TE,11,11,47,25,359,14.4,4,41,2.3,32.6,53.2%,7.6,,,,,,,,25,14.4,359,4,1
203,Justin Hunter,TEN,22,,14,0,42,18,354,19.7,4,57,1.3,25.3,42.9%,8.4,,,,,,,,18,19.7,354,4,0
204,Jermaine Kearse,SEA,23,wr,15,5,38,22,346,15.7,4,43,1.5,23.1,57.9%,9.1,,,,,,,,22,15.7,346,4,2
205,John Carlson,MIN,29,TE,13,8,48,32,344,10.8,1,30,2.5,26.5,66.7%,7.2,,,,,,,,32,10.8,344,1,1
206,Dallas Clark,BAL,34,,12,0,52,31,343,11.1,3,45,2.6,28.6,59.6%,6.6,,,,,,,,31,11.1,343,3,0
207,Peyton Hillis,NYG,27,rb,7,1,21,13,96,7.4,0,16,1.9,13.7,61.9%,4.6,73,247,2,27,3.4,35.3,10.4,86,4.0,343,2,2
208,Stephen Hill,NYJ,22,WR,12,11,59,24,342,14.3,1,51,2.0,28.5,40.7%,5.8,,,,,,,,24,14.3,342,1,1
209,Mike James,TAM,22,rb,8,3,11,10,43,4.3,0,20,1.3,5.4,90.9%,3.9,60,295,0,24,4.9,36.9,7.5,70,4.8,338,0,0
210,Ronnie Hillman,DEN,22,,10,0,14,12,119,9.9,0,19,1.2,11.9,85.7%,8.5,55,218,1,19,4.0,21.8,5.5,67,5.0,337,1,2
211,Daryl Richardson,STL,23,rb,8,3,18,14,121,8.6,0,19,1.8,15.1,77.8%,6.7,69,215,0,14,3.1,26.9,8.6,83,4.0,336,0,0
212,Darrius Heyward-Bey,IND,26,WR,16,11,64,29,309,10.7,1,27,1.8,19.3,45.3%,4.8,3,26,0,30,8.7,1.6,0.2,32,10.5,335,1,0
213,Shonn Greene,TEN,28,,11,0,8,6,39,6.5,0,28,0.5,3.5,75.0%,4.9,77,295,4,29,3.8,26.8,7.0,83,4.0,334,4,0
214,Brandon Gibson,MIA,26,wr,7,3,43,30,326,10.9,3,46,4.3,46.6,69.8%,7.6,,,,,,,,30,10.9,326,3,0
215,Robert Turbin,SEA,24,,16,0,12,8,60,7.5,0,19,0.5,3.8,66.7%,5.0,77,264,0,15,3.4,16.5,4.8,85,3.8,324,0,1
216,,,,,,,,,,,,,,,,,,,,,,,,,,,,
217,Robert Meachem,NOR,29,wr,15,5,30,16,324,20.3,2,60,1.1,21.6,53.3%,10.8,2,-1,0,4,-0.5,-0.1,0.1,18,17.9,323,2,0
218,Benny Cunningham,STL,23,,14,0,10,6,59,9.8,0,18,0.4,4.2,60.0%,5.9,47,261,1,56,5.6,18.6,3.4,53,6.0,320,1,2
219,Knile Davis,KAN,22,rb,16,1,15,11,75,6.8,0,17,0.7,4.7,73.3%,5.0,70,242,4,20,3.5,15.1,4.4,81,3.9,317,4,3
220,Kyle Rudolph,MIN,24,TE,8,8,46,30,313,10.4,3,31,3.8,39.1,65.2%,6.8,,,,,,,,30,10.4,313,3,0
221,Andrew Quarless,GNB,25,TE,16,10,53,32,312,9.8,2,22,2.0,19.5,60.4%,5.9,,,,,,,,32,9.8,312,2,0
222,Tandon Doss,BAL,24,wr,15,2,36,19,305,16.1,0,63,1.3,20.3,52.8%,8.5,,,,,,,,19,16.1,305,0,1
223,Michael Vick,PHI,33,qb,7,6,0,0,-2,,0,-2,0.0,-0.3,0.0%,,36,306,2,61,8.5,43.7,5.1,36,8.4,304,2,4
224,Sean McGrath,KAN,26,TE,16,9,40,26,302,11.6,2,25,1.6,18.9,65.0%,7.6,,,,,,,,26,11.6,302,2,0
225,Brian Quick,STL,24,wr,16,5,35,18,302,16.8,2,73,1.1,18.9,51.4%,8.6,,,,,,,,18,16.8,302,2,0
226,Jermichael Finley,GNB,26,te,6,5,34,25,300,12.0,3,52,4.2,50.0,73.5%,8.8,,,,,,,,25,12.0,300,3,0
227,Marquise Goodwin,BUF,23,wr,12,1,32,17,283,16.6,3,59,1.4,23.6,53.1%,8.8,3,13,0,17,4.3,1.1,0.3,20,14.8,296,3,1
228,Clay Harbor,JAX,26,te,16,7,35,24,292,12.2,2,31,1.5,18.3,68.6%,8.3,,,,,,,,24,12.2,292,2,2
229,Michael Crabtree,SFO,26,wr,5,5,33,19,284,14.9,1,60,3.8,56.8,57.6%,8.6,,,,,,,,19,14.9,284,1,1
230,Ed Dickson,BAL,26,TE,16,14,43,25,273,10.9,1,43,1.6,17.1,58.1%,6.3,,,,,,,,25,10.9,273,1,0
231,Luke Willson,SEA,23,fb/te/wr,16,7,28,20,272,13.6,1,39,1.3,17.0,71.4%,9.7,,,,,,,,20,13.6,272,1,0
232,Kevin Ogletree,2TM,26,,16,2,45,21,269,12.8,2,43,1.3,16.8,46.7%,6.0,,,,,,,,21,12.8,269,2,0
233,Logan Paulsen,WAS,26,TE,16,14,50,28,267,9.5,3,33,1.8,16.7,56.0%,5.3,,,,,,,,28,9.5,267,3,2
234,Jonathan Dwyer,PIT,24,,15,0,11,8,64,8.0,0,23,0.5,4.3,72.7%,5.8,49,197,0,30,4.0,13.1,3.3,57,4.6,261,0,0
235,Stedman Bailey,STL,23,wr,16,2,25,17,226,13.3,0,28,1.1,14.1,68.0%,9.0,2,33,1,27,16.5,2.1,0.1,19,13.6,259,1,0
236,Griff Whalen,IND,23,wr,9,3,40,24,259,10.8,2,25,2.7,28.8,60.0%,6.5,,,,,,,,24,10.8,259,2,0
237,Lance Kendricks,STL,25,TE,15,13,46,32,258,8.1,4,21,2.1,17.2,69.6%,5.6,,,,,,,,32,8.1,258,4,0
238,Bruce Miller,SFO,26,FB,14,13,36,25,243,9.7,0,43,1.8,17.4,69.4%,6.8,7,13,0,4,1.9,0.9,0.5,32,8.0,256,0,1
239,Keshawn Martin,HOU,23,wr,16,1,40,22,253,11.5,2,32,1.4,15.8,55.0%,6.3,,,,,,,,22,11.5,253,2,2
240,Owen Daniels,HOU,31,te,5,5,41,24,252,10.5,3,28,4.8,50.4,58.5%,6.1,,,,,,,,24,10.5,252,3,0
241,Brandon Jacobs,NYG,31,rb,7,1,7,2,13,6.5,0,8,0.3,1.9,28.6%,1.9,58,238,4,37,4.1,34.0,8.3,60,4.2,251,4,1
242,Felix Jones,PIT,26,rb,16,2,13,9,63,7.0,0,15,0.6,3.9,69.2%,4.8,48,184,0,14,3.8,11.5,3.0,57,4.3,247,0,1
243,Michael Bush,CHI,29,,15,0,8,4,48,12.0,1,17,0.3,3.2,50.0%,6.0,63,197,3,40,3.1,13.1,4.2,67,3.7,245,4,0
244,Miles Austin,DAL,29,WR,11,8,49,24,244,10.2,0,20,2.2,22.2,49.0%,5.0,,,,,,,,24,10.2,244,0,0
245,Ryan Griffin,HOU,23,TE,15,8,28,19,244,12.8,1,40,1.3,16.3,67.9%,8.7,,,,,,,,19,12.8,244,1,0
246,Earl Bennett,CHI,26,wr,15,3,43,32,243,7.6,4,17,2.1,16.2,74.4%,5.7,,,,,,,,32,7.6,243,4,0
247,,,,,,,,,,,,,,,,,,,,,,,,,,,,
248,Ryan Tannehill,MIA,25,QB,16,16,0,0,0,,0,0,0.0,0.0,0.0%,,40,238,1,48,6.0,14.9,2.5,40,6.0,238,1,9
249,Fozzy Whittaker,2TM,24,,14,2,36,21,155,7.4,2,35,1.5,11.1,58.3%,4.3,28,79,0,11,2.8,5.6,2.0,49,4.8,234,2,1
250,Sidney Rice,SEA,27,wr,8,6,35,15,231,15.4,3,31,1.9,28.9,42.9%,6.6,,,,,,,,15,15.4,231,3,1
251,Dennis Johnson,HOU,23,rb,8,1,12,8,46,5.8,0,14,1.0,5.8,66.7%,3.8,49,183,0,29,3.7,22.9,6.1,57,4.0,229,0,0
252,Kerry Taylor,2TM,24,,10,4,34,22,229,10.4,1,17,2.2,22.9,64.7%,6.7,,,,,,,,22,10.4,229,1,0
253,Edwin Baker,CLE,22,rb,3,2,9,8,57,7.1,0,16,2.7,19.0,88.9%,6.3,43,171,2,20,4.0,57.0,14.3,51,4.5,228,2,0
254,Ahmad Bradshaw,IND,27,rb,3,2,8,7,42,6.0,0,14,2.3,14.0,87.5%,5.3,41,186,2,27,4.5,62.0,13.7,48,4.8,228,2,0
255,Josh Morgan,WAS,28,wr,14,7,34,20,214,10.7,0,21,1.4,15.3,58.8%,6.3,2,13,0,9,6.5,0.9,0.1,22,10.3,227,0,2
256,Ben Watson,NOR,33,te/wr,15,7,30,19,226,11.9,2,32,1.3,15.1,63.3%,7.5,,,,,,,,19,11.9,226,2,0
257,Ryan Fitzpatrick,TEN,31,QB,11,9,1,1,0,0.0,0,0,0.1,0.0,100.0%,0.0,43,225,3,26,5.2,20.5,3.9,44,5.1,225,3,9
258,Joseph Randle,DAL,22,rb,13,2,10,8,61,7.6,0,13,0.6,4.7,80.0%,6.1,54,164,2,19,3.0,12.6,4.2,62,3.6,225,2,0
259,Khiry Robinson,NOR,24,,10,0,0,0,0,,0,0,0.0,0.0,0.0%,,54,224,1,25,4.1,22.4,5.4,54,4.1,224,1,0
260,Jonathan Stewart,CAR,26,rb,6,1,7,7,44,6.3,0,16,1.2,7.3,100.0%,6.3,48,180,0,16,3.8,30.0,8.0,55,4.1,224,0,1
261,Nick Foles*,PHI,24,QB,13,10,0,0,0,,0,0,0.0,0.0,0.0%,,57,221,3,21,3.9,17.0,4.4,57,3.9,221,3,4
262,Ronnie Brown,SDG,32,,16,0,8,8,60,7.5,0,15,0.5,3.8,100.0%,7.5,45,157,1,13,3.5,9.8,2.8,53,4.1,217,1,0
263,Drew Davis,ATL,24,,16,3,19,12,216,18.0,2,59,0.8,13.5,63.2%,11.4,,,,,,,,12,18.0,216,2,0
264,Mike Williams,TAM,26,wr,6,5,40,22,216,9.8,2,28,3.7,36.0,55.0%,5.4,,,,,,,,22,9.8,216,2,0
265,Jim Dray,ARI,27,TE,16,15,32,26,215,8.3,2,18,1.6,13.4,81.3%,6.7,,,,,,,,26,8.3,215,2,1
266,Darius Johnson,ATL,22,wr,10,2,43,22,210,9.5,1,17,2.2,21.0,51.2%,4.9,,,,,,,,22,9.5,210,1,1
267,Lance Dunbar,DAL,23,,9,0,7,7,59,8.4,0,17,0.8,6.6,100.0%,8.4,30,150,0,45,5.0,16.7,3.3,37,5.6,209,0,1
268,Andre Caldwell,DEN,28,wr,16,2,29,16,200,12.5,3,36,1.0,12.5,55.2%,6.9,1,7,0,7,7.0,0.4,0.1,17,12.2,207,3,0
269,Joseph Fauria,DET,23,te,16,2,30,18,207,11.5,7,25,1.1,12.9,60.0%,6.9,,,,,,,,18,11.5,207,7,0
270,Andrew Hawkins,CIN,27,,8,0,18,12,199,16.6,0,50,1.5,24.9,66.7%,11.1,2,3,0,6,1.5,0.4,0.3,14,14.4,202,0,1
271,Anthony Fasano,KAN,29,TE,9,9,33,23,200,8.7,3,20,2.6,22.2,69.7%,6.1,,,,,,,,23,8.7,200,3,0
272,Da'Rick Rogers,IND,22,wr,5,3,23,14,192,13.7,2,69,2.8,38.4,60.9%,8.3,1,0,0,0,0.0,0.0,0.2,15,12.8,192,2,0
273,EJ Manuel,BUF,23,QB,10,10,0,0,0,,0,0,0.0,0.0,0.0%,,53,186,2,19,3.5,18.6,5.3,53,3.5,186,2,6
274,Stepfan Taylor,ARI,22,,16,0,9,8,71,8.9,0,29,0.5,4.4,88.9%,7.9,36,115,0,15,3.2,7.2,2.3,44,4.2,186,0,0
275,Tashard Choice,2TM,29,,15,0,9,5,15,3.0,0,5,0.3,1.0,55.6%,1.7,46,170,0,20,3.7,11.3,3.1,51,3.6,185,0,0
276,Jacob Tamme,DEN,28,te,16,1,25,20,184,9.2,1,15,1.3,11.5,80.0%,7.4,,,,,,,,20,9.2,184,1,0
277,Andy Dalton,CIN,26,QB,16,16,0,0,0,,0,0,0.0,0.0,0.0%,,61,183,2,12,3.0,11.4,3.8,61,3.0,183,2,6
278,,,,,,,,,,,,,,,,,,,,,,,,,,,,
279,Matt Asiata,MIN,26,rb,11,1,8,5,13,2.6,0,8,0.5,1.2,62.5%,1.6,44,166,3,39,3.8,15.1,4.0,49,3.7,179,3,1
280,Jackie Battle,TEN,30,,16,0,5,4,36,9.0,0,24,0.3,2.3,80.0%,7.2,36,142,1,37,3.9,8.9,2.3,40,4.5,178,1,0
281,Damian Williams,TEN,25,wr,10,1,23,15,178,11.9,0,32,1.5,17.8,65.2%,7.7,,,,,,,,15,11.9,178,0,2
282,Da'Rel Scott,NYG,25,rb,5,1,19,11,102,9.3,1,23,2.2,20.4,57.9%,5.4,20,73,0,16,3.7,14.6,4.0,31,5.6,175,1,0
283,Dennis Pitta,BAL,28,te,4,1,33,20,169,8.5,1,18,5.0,42.3,60.6%,5.1,,,,,,,,20,8.5,169,1,0
284,LaVon Brazill,IND,24,,10,0,27,12,161,13.4,2,29,1.2,16.1,44.4%,6.0,,,,,,,,12,13.4,161,2,1
285,Chris Polk,PHI,24,,15,0,5,4,61,15.3,0,34,0.3,4.1,80.0%,12.2,11,98,3,38,8.9,6.5,0.7,15,10.6,159,3,0
286,Anthony Sherman,KAN,25,FB,16,8,24,18,155,8.6,1,26,1.1,9.7,75.0%,6.5,2,3,0,2,1.5,0.2,0.1,20,7.9,158,1,1
287,Jake Locker,TEN,25,qb,7,7,0,0,0,,0,0,0.0,0.0,0.0%,,24,155,2,39,6.5,22.1,3.4,24,6.5,155,2,3
288,DeVier Posey,HOU,23,,14,0,25,15,155,10.3,0,42,1.1,11.1,60.0%,6.2,,,,,,,,15,10.3,155,0,0
289,Antone Smith,ATL,28,,15,0,3,2,10,5.0,0,6,0.1,0.7,66.7%,3.3,5,145,2,50,29.0,9.7,0.3,7,22.1,155,2,0
290,David Wilson,NYG,22,rb,5,4,6,2,8,4.0,0,6,0.4,1.6,33.3%,1.3,44,146,1,18,3.3,29.2,8.8,46,3.3,154,1,2
291,Christian Ponder,MIN,25,QB,9,9,0,0,0,,0,0,0.0,0.0,0.0%,,34,151,4,19,4.4,16.8,3.8,34,4.4,151,4,7
292,Travis Benjamin,CLE,24,wr,8,3,13,5,105,21.0,0,39,0.6,13.1,38.5%,8.1,1,45,0,45,45.0,5.6,0.1,6,25.0,150,0,2
293,Malcom Floyd,SDG,32,wr,2,2,11,6,149,24.8,0,47,3.0,74.5,54.5%,13.5,,,,,,,,6,24.8,149,0,0
294,Jonathan Grimes,HOU,24,rb,2,1,6,6,76,12.7,0,31,3.0,38.0,100.0%,12.7,21,73,1,12,3.5,36.5,10.5,27,5.5,149,1,1
295,Greg Salas,NYJ,25,,8,0,13,8,143,17.9,0,44,1.0,17.9,61.5%,11.0,,,,,,,,8,17.9,143,0,0
296,Jaron Brown,ARI,23,,16,0,17,11,140,12.7,1,32,0.7,8.8,64.7%,8.2,,,,,,,,11,12.7,140,1,0
297,Johnathan Franklin,GNB,24,,11,0,5,4,30,7.5,0,10,0.4,2.7,80.0%,6.0,19,107,1,51,5.6,9.7,1.7,23,6.0,137,1,2
298,Brittan Golden,ARI,25,,5,0,10,4,136,34.0,0,63,0.8,27.2,40.0%,13.6,,,,,,,,4,34.0,136,0,0
299,Michael Hoomanawanui,NWE,25,TE,13,10,19,12,136,11.3,1,19,0.9,10.5,63.2%,7.2,,,,,,,,12,11.3,136,1,0
300,A.J. Jenkins,KAN,24,wr,16,1,17,8,130,16.3,0,48,0.5,8.1,47.1%,7.6,2,6,0,5,3.0,0.4,0.1,10,13.6,136,0,0
301,Kyle Williams,2TM,25,,10,5,27,12,113,9.4,0,16,1.2,11.3,44.4%,4.2,2,23,0,13,11.5,2.3,0.2,14,9.7,136,0,2
302,Stanley Havili,IND,26,FB,13,8,21,18,128,7.1,1,20,1.4,9.8,85.7%,6.1,7,7,0,4,1.0,0.5,0.5,25,5.4,135,1,0
303,Gavin Escobar,DAL,22,te,16,1,15,9,134,14.9,2,25,0.6,8.4,60.0%,8.9,,,,,,,,9,14.9,134,2,0
304,Chase Ford,MIN,23,,9,0,16,11,133,12.1,0,37,1.2,14.8,68.8%,8.3,,,,,,,,11,12.1,133,0,0
305,Tommy Bohanon,NYJ,23,FB,16,8,16,11,69,6.3,0,21,0.7,4.3,68.8%,4.3,17,62,0,8,3.6,3.9,1.1,28,4.7,131,0,0
306,Joe Flacco,BAL,28,QB,16,16,0,0,0,,0,0,0.0,0.0,0.0%,,27,131,1,22,4.9,8.2,1.7,27,4.9,131,1,8
307,Gary Barnidge,CLE,28,TE,16,12,18,13,127,9.8,2,40,0.8,7.9,72.2%,7.1,,,,,,,,13,9.8,127,2,0
308,Junior Hemingway,KAN,25,wr,16,2,20,13,125,9.6,2,24,0.8,7.8,65.0%,6.3,,,,,,,,13,9.6,125,2,2
309,,,,,,,,,,,,,,,,,,,,,,,,,,,,
310,Frank Summers,BUF,28,FB,15,9,8,7,79,11.3,1,34,0.5,5.3,87.5%,9.9,12,46,1,16,3.8,3.1,0.8,19,6.6,125,2,0
311,Clyde Gates,NYJ,27,wr,6,2,24,12,122,10.2,0,34,2.0,20.3,50.0%,5.1,,,,,,,,12,10.2,122,0,0
312,Alfonso Smith,ARI,26,,16,0,13,10,68,6.8,0,10,0.6,4.3,76.9%,5.2,18,54,1,21,3.0,3.4,1.1,28,4.4,122,1,2
313,Josh Boyce,NWE,22,wr,9,3,19,9,121,13.4,0,30,1.0,13.4,47.4%,6.4,,,,,,,,9,13.4,121,0,0
314,Brandon Bostick,GNB,24,,11,0,14,7,120,17.1,1,26,0.6,10.9,50.0%,8.6,,,,,,,,7,17.1,120,1,0
315,Aaron Rodgers,GNB,30,QB,9,9,0,0,0,,0,0,0.0,0.0,0.0%,,30,120,0,18,4.0,13.3,3.3,30,4.0,120,0,5
316,John Kuhn,GNB,31,fb,15,6,19,13,81,6.2,0,20,0.9,5.4,68.4%,4.3,10,38,1,12,3.8,2.5,0.7,23,5.2,119,1,2
317,Vance McDonald,SFO,23,te,15,4,19,8,119,14.9,0,25,0.5,7.9,42.1%,6.3,,,,,,,,8,14.9,119,0,0
318,Jay Cutler,CHI,30,QB,11,11,0,0,0,,0,0,0.0,0.0,0.0%,,23,118,0,18,5.1,10.7,2.1,23,5.1,118,0,5
319,Brandon Stokley,BAL,37,,6,0,21,13,115,8.8,0,18,2.2,19.2,61.9%,5.5,,,,,,,,13,8.8,115,0,0
320,Marcus Thigpen,MIA,27,,16,0,11,8,97,12.1,1,50,0.5,6.1,72.7%,8.8,6,18,0,9,3.0,1.1,0.4,14,8.2,115,1,3
321,Jacoby Ford,OAK,26,wr,14,1,24,13,99,7.6,0,22,0.9,7.1,54.2%,4.1,5,15,0,4,3.0,1.1,0.4,18,6.3,114,0,4
322,Chris Owusu,TAM,23,wr,9,4,20,13,114,8.8,0,20,1.4,12.7,65.0%,5.7,,,,,,,,13,8.8,114,0,0
323,Justin Forsett,JAX,28,,9,0,16,15,82,5.5,0,14,1.7,9.1,93.8%,5.1,6,31,0,10,5.2,3.4,0.7,21,5.4,113,0,1
324,Cory Harkey,STL,23,fb/TE,15,10,18,13,113,8.7,2,31,0.9,7.5,72.2%,6.3,,,,,,,,13,8.7,113,2,0
325,Darrel Young,WAS,26,fb,13,7,9,4,71,17.8,1,62,0.3,5.5,44.4%,7.9,12,41,3,19,3.4,3.2,0.9,16,7.0,112,4,0
326,Jason Campbell,CLE,32,QB,9,8,0,0,0,,0,0,0.0,0.0,0.0%,,14,107,0,21,7.6,11.9,1.6,14,7.6,107,0,3
327,Jeremy Ross,2TM,25,,13,2,12,6,67,11.2,1,19,0.5,5.2,50.0%,5.6,2,40,0,24,20.0,3.1,0.2,8,13.4,107,1,2
328,Ben Roethlisberger,PIT,31,QB,16,16,0,0,5,,0,5,0.0,0.3,0.0%,,27,99,1,19,3.7,6.2,1.7,27,3.9,104,1,9
329,Brice Butler,OAK,23,wr,10,2,17,9,103,11.4,0,29,0.9,10.3,52.9%,6.1,,,,,,,,9,11.4,103,0,0
330,David Paulson,PIT,24,te,16,4,10,6,102,17.0,0,34,0.4,6.4,60.0%,10.2,,,,,,,,6,17.0,102,0,1
331,Jed Collins,NOR,27,FB,16,8,17,14,54,3.9,0,8,0.9,3.4,82.4%,3.2,15,45,1,12,3.0,2.8,0.9,29,3.4,99,1,0
332,Isaiah Pead,STL,24,,10,0,15,11,78,7.1,0,14,1.1,7.8,73.3%,5.2,7,21,0,11,3.0,2.1,0.7,18,5.5,99,0,0
333,Kenny Britt,TEN,25,wr,12,3,35,11,96,8.7,0,15,0.9,8.0,31.4%,2.7,,,,,,,,11,8.7,96,0,0
334,Deonte Thompson,BAL,24,,7,0,20,10,96,9.6,0,33,1.4,13.7,50.0%,4.8,,,,,,,,10,9.6,96,0,0
335,Dan Herron,IND,24,,6,0,1,1,57,57.0,0,57,0.2,9.5,100.0%,57.0,5,33,0,22,6.6,5.5,0.8,6,15.0,90,0,0
336,Jeron Mastrud,OAK,26,TE,16,12,13,6,88,14.7,0,41,0.4,5.5,46.2%,6.8,,,,,,,,6,14.7,88,0,0
337,Anthony Dixon,SFO,26,fb,16,1,3,3,30,10.0,0,19,0.2,1.9,100.0%,10.0,28,56,2,9,2.0,3.5,1.8,31,2.8,86,2,0
338,Dwayne Harris,DAL,26,wr,13,3,14,9,80,8.9,2,24,0.7,6.2,64.3%,5.7,1,6,0,6,6.0,0.5,0.1,10,8.6,86,2,2
339,Ryan Broyles,DET,25,wr,6,3,14,8,85,10.6,0,22,1.3,14.2,57.1%,6.1,,,,,,,,8,10.6,85,0,0
340,,,,,,,,,,,,,,,,,,,,,,,,,,,,
341,Mario Manningham,SFO,27,wr,6,3,23,9,85,9.4,0,14,1.5,14.2,39.1%,3.7,,,,,,,,9,9.4,85,0,0
342,Chris Hogan,BUF,26,,16,0,17,10,83,8.3,0,16,0.6,5.2,58.8%,4.9,,,,,,,,10,8.3,83,0,0
343,Bear Pascoe,NYG,27,fb/te,16,6,20,12,81,6.8,0,14,0.8,5.1,60.0%,4.1,1,2,0,2,2.0,0.1,0.1,13,6.4,83,0,0
344,Eric Page,TAM,22,wr,16,1,9,4,68,17.0,0,30,0.3,4.3,44.4%,7.6,2,14,0,19,7.0,0.9,0.1,6,13.7,82,0,3
345,Tony Scheffler,DET,30,te,5,1,12,7,82,11.7,0,22,1.4,16.4,58.3%,6.8,,,,,,,,7,11.7,82,0,0
346,Mike Goodson,NYJ,26,,2,0,3,2,19,9.5,0,10,1.0,9.5,66.7%,6.3,7,61,0,26,8.7,30.5,3.5,9,8.9,80,0,0
347,Ricardo Lockette,SEA,27,wr,8,1,7,5,82,16.4,0,33,0.6,10.3,71.4%,11.7,1,-2,0,-2,-2.0,-0.3,0.1,6,13.3,80,0,0
348,Christine Michael,SEA,23,,4,0,0,0,0,,0,0,0.0,0.0,0.0%,,18,79,0,13,4.4,19.8,4.5,18,4.4,79,0,0
349,Taiwan Jones,OAK,25,,16,0,3,2,55,27.5,0,52,0.1,3.4,66.7%,18.3,5,23,0,19,4.6,1.4,0.3,7,11.1,78,0,2
350,Lee Smith,BUF,26,fb/TE,16,14,9,5,78,15.6,0,28,0.3,4.9,55.6%,8.7,,,,,,,,5,15.6,78,0,0
351,Chad Henne,JAX,28,QB,15,13,0,0,0,,0,0,0.0,0.0,0.0%,,27,77,0,14,2.9,5.1,1.8,27,2.9,77,0,2
352,Jake Ballard,ARI,26,te,8,3,9,7,75,10.7,2,29,0.9,9.4,77.8%,8.3,,,,,,,,7,10.7,75,2,0
353,LaMichael James,SFO,24,,10,0,3,2,16,8.0,0,12,0.2,1.6,66.7%,5.3,12,59,0,21,4.9,5.9,1.2,14,5.4,75,0,3
354,Patrick Peterson*+,ARI,23,LCB,16,16,8,6,54,9.0,0,19,0.4,3.4,75.0%,6.8,4,21,0,12,5.3,1.3,0.3,10,7.5,75,0,3
355,James Hanna,DAL,24,TE,16,8,15,12,73,6.1,0,21,0.8,4.6,80.0%,4.9,,,,,,,,12,6.1,73,0,0
356,James Develin,NWE,25,fb/rb,16,6,4,4,62,15.5,0,31,0.3,3.9,100.0%,15.5,4,10,1,4,2.5,0.6,0.3,8,9.0,72,1,0
357,Case Keenum,HOU,25,QB,8,8,0,0,0,,0,0,0.0,0.0,0.0%,,14,72,1,22,5.1,9.0,1.8,14,5.1,72,1,6
358,Marlon Moore,2TM,26,,14,0,15,7,62,8.9,0,13,0.5,4.4,46.7%,4.1,1,9,0,9,9.0,0.6,0.1,8,8.9,71,0,0
359,Fred Davis,WAS,27,te,10,3,18,7,70,10.0,1,23,0.7,7.0,38.9%,3.9,,,,,,,,7,10.0,70,1,0
360,Cyrus Gray,KAN,24,,16,0,10,7,46,6.6,0,18,0.4,2.9,70.0%,4.6,9,24,0,9,2.7,1.5,0.6,16,4.4,70,0,0
361,David Johnson,PIT,26,te/wr,5,2,6,4,70,17.5,0,32,0.8,14.0,66.7%,11.7,,,,,,,,4,17.5,70,0,0
362,Vonta Leach,BAL,32,fb,16,7,20,11,47,4.3,1,12,0.7,2.9,55.0%,2.4,11,23,0,6,2.1,1.4,0.7,22,3.2,70,1,1
363,Tyrod Taylor,BAL,24,,3,0,1,1,6,6.0,0,6,0.3,2.0,100.0%,6.0,8,64,0,25,8.0,21.3,2.7,9,7.8,70,0,0
364,Michael Egnew,MIA,24,te/wr,16,5,11,7,69,9.9,0,14,0.4,4.3,63.6%,6.3,,,,,,,,7,9.9,69,0,0
365,Josh McCown,CHI,34,qb,8,5,0,0,0,,0,0,0.0,0.0,0.0%,,13,69,1,20,5.3,8.6,1.6,13,5.3,69,1,3
366,Jamize Olawale,OAK,24,fb,16,1,11,7,63,9.0,0,25,0.4,3.9,63.6%,5.7,3,6,0,4,2.0,0.4,0.2,10,6.9,69,0,0
367,Matthew Stafford,DET,25,QB,16,16,0,0,0,,0,0,0.0,0.0,0.0%,,37,69,2,14,1.9,4.3,2.3,37,1.9,69,2,12
368,Nick Toon,NOR,25,wr,8,3,12,4,68,17.0,0,35,0.5,8.5,33.3%,5.7,,,,,,,,4,17.0,68,0,0
369,Stephen Burton,JAX,24,wr,4,2,13,8,76,9.5,0,22,2.0,19.0,61.5%,5.8,1,-9,0,-9,-9.0,-2.3,0.3,9,7.4,67,0,0
370,Jeff Maehl,PHI,24,,16,0,9,4,67,16.8,1,37,0.3,4.2,44.4%,7.4,,,,,,,,4,16.8,67,1,0
371,,,,,,,,,,,,,,,,,,,,,,,,,,,,
372,Denard Robinson,JAX,23,,16,0,1,0,0,,0,0,0.0,0.0,0.0%,0.0,20,66,0,24,3.3,4.1,1.3,20,3.3,66,0,3
373,Myles White,GNB,23,,7,0,12,9,66,7.3,0,15,1.3,9.4,75.0%,5.5,,,,,,,,9,7.3,66,0,0
374,Derrick Coleman,SEA,23,fb,12,3,8,8,62,7.8,1,12,0.7,5.2,100.0%,7.8,2,3,0,4,1.5,0.3,0.2,10,6.5,65,1,1
375,Matt Flynn,3TM,28,,9,5,0,0,0,,0,0,0.0,0.0,0.0%,,20,65,0,17,3.3,7.2,2.2,20,3.3,65,0,7
376,Seyi Ajirotutu,SDG,26,,14,0,4,3,64,21.3,1,26,0.2,4.6,75.0%,16.0,,,,,,,,3,21.3,64,1,0
377,Kellen Clemens,STL,30,QB,10,9,0,0,0,,0,0,0.0,0.0,0.0%,,23,64,0,16,2.8,6.4,2.3,23,2.8,64,0,7
378,Markus Wheaton,PIT,22,wr,12,1,13,6,64,10.7,0,21,0.5,5.3,46.2%,4.9,,,,,,,,6,10.7,64,0,0
379,Austin Collie,NWE,28,wr,7,1,11,6,63,10.5,0,19,0.9,9.0,54.5%,5.7,,,,,,,,6,10.5,63,0,0
380,Danny Noble,JAX,24,te,8,1,3,2,63,31.5,1,62,0.3,7.9,66.7%,21.0,,,,,,,,2,31.5,63,1,0
381,Philip Rivers*,SDG,32,QB,16,16,1,0,-9,,0,-9,0.0,-0.6,0.0%,-9.0,28,72,0,18,2.6,4.5,1.8,28,2.3,63,0,3
382,Zach Sudfeld,2TM,24,,14,2,10,5,63,12.6,0,25,0.4,4.5,50.0%,6.3,,,,,,,,5,12.6,63,0,0
383,Josh Cribbs,NYJ,30,,6,0,2,2,6,3.0,0,5,0.3,1.0,100.0%,3.0,13,55,0,9,4.2,9.2,2.2,15,4.1,61,0,0
384,Rhett Ellison,MIN,25,fb/te,11,6,10,5,61,12.2,1,17,0.5,5.5,50.0%,6.1,,,,,,,,5,12.2,61,1,0
385,Dane Sanzenbacher,CIN,25,wr,10,1,8,6,61,10.2,0,23,0.6,6.1,75.0%,7.6,,,,,,,,6,10.2,61,0,0
386,Josh Cooper,CLE,24,,5,0,14,9,60,6.7,0,16,1.8,12.0,64.3%,4.3,,,,,,,,9,6.7,60,0,0
387,Quinton Patton,SFO,23,,6,0,5,3,34,11.3,0,29,0.5,5.7,60.0%,6.8,1,26,0,26,26.0,4.3,0.2,4,15.0,60,0,0
388,Vick Ballard,IND,23,rb,1,1,2,1,-5,-5.0,0,-5,1.0,-5.0,50.0%,-2.5,13,63,0,12,4.8,63.0,13.0,14,4.1,58,0,0
389,Matt Cassel,MIN,31,qb,9,6,0,0,0,,0,0,0.0,0.0,0.0%,,18,57,1,13,3.2,6.3,2.0,18,3.2,57,1,3
390,Tony Fiammetta,CHI,27,fb,16,7,6,4,57,14.3,0,30,0.3,3.6,66.7%,9.5,,,,,,,,4,14.3,57,0,0
391,Michael Cox,NYG,25,rb,14,1,3,3,12,4.0,0,11,0.2,0.9,100.0%,4.0,22,43,0,9,2.0,3.1,1.6,25,2.2,55,0,0
392,Domenik Hixon,CAR,29,,15,0,9,7,55,7.9,1,14,0.5,3.7,77.8%,6.1,,,,,,,,7,7.9,55,1,0
393,Matt Ryan,ATL,28,QB,16,16,0,0,0,,0,0,0.0,0.0,0.0%,,17,55,0,17,3.2,3.4,1.1,17,3.2,55,0,5
394,Levine Toilolo,ATL,22,te,16,3,15,11,55,5.0,2,12,0.7,3.4,73.3%,3.7,,,,,,,,11,5.0,55,2,0
395,Scott Tolzien,GNB,26,qb,3,2,0,0,0,,0,0,0.0,0.0,0.0%,,5,55,1,19,11.0,18.3,1.7,5,11.0,55,1,0
396,Chris Gragg,BUF,23,te,9,1,7,5,53,10.6,1,28,0.6,5.9,71.4%,7.6,,,,,,,,5,10.6,53,1,0
397,Drew Brees*,NOR,34,QB,16,16,0,0,0,,0,0,0.0,0.0,0.0%,,35,52,3,16,1.5,3.3,2.2,35,1.5,52,3,7
398,Chase Daniel,KAN,27,qb,5,1,0,0,0,,0,0,0.0,0.0,0.0%,,14,52,0,29,3.7,10.4,2.8,14,3.7,52,0,0
399,Thaddeus Lewis,BUF,28,qb,6,5,0,0,0,,0,0,0.0,0.0,0.0%,,24,52,1,8,2.2,8.7,4.0,24,2.2,52,1,7
400,MarQueis Gray,CLE,24,te,12,2,9,2,8,4.0,0,5,0.2,0.7,22.2%,0.9,6,43,0,18,7.2,3.6,0.5,8,6.4,51,0,0
401,Niles Paul,WAS,24,fb/te/wr,15,4,8,4,51,12.8,0,25,0.3,3.4,50.0%,6.4,,,,,,,,4,12.8,51,0,0
402,,,,,,,,,,,,,,,,,,,,,,,,,,,,
403,Theo Riddick,DET,22,,14,0,8,4,26,6.5,0,8,0.3,1.9,50.0%,3.3,9,25,1,7,2.8,1.8,0.6,13,3.9,51,1,0
404,Teddy Williams,ARI,25,,3,0,1,1,51,51.0,0,51,0.3,17.0,100.0%,51.0,,,,,,,,1,51.0,51,0,0
405,Deji Karim,HOU,27,,7,0,2,1,-1,-1.0,0,-1,0.1,-0.1,50.0%,-0.5,12,51,0,14,4.3,7.3,1.7,13,3.8,50,0,0
406,Patrick DiMarco,ATL,24,fb,14,7,10,8,49,6.1,0,12,0.6,3.5,80.0%,4.9,,,,,,,,8,6.1,49,0,0
407,Joel Dreessen,DEN,31,,13,0,9,7,47,6.7,1,14,0.5,3.6,77.8%,5.2,,,,,,,,7,6.7,47,1,0
408,Erik Lorig,TAM,27,FB/wr,15,9,14,11,47,4.3,0,20,0.7,3.1,78.6%,3.4,,,,,,,,11,4.3,47,0,0
409,Patrick Edwards,DET,25,wr,4,2,11,5,46,9.2,0,11,1.3,11.5,45.5%,4.2,,,,,,,,5,9.2,46,0,0
410,Michael Hill,2TM,24,,8,0,2,2,23,11.5,0,12,0.3,2.9,100.0%,11.5,9,23,0,10,2.6,2.9,1.1,11,4.2,46,0,0
411,Weslye Saunders,IND,24,te,6,1,11,4,46,11.5,0,18,0.7,7.7,36.4%,4.2,,,,,,,,4,11.5,46,0,0
412,Virgil Green,DEN,25,te,16,3,12,9,45,5.0,0,10,0.6,2.8,75.0%,3.8,,,,,,,,9,5.0,45,0,0
413,Phillip Tanner,DAL,25,,16,0,4,3,33,11.0,0,17,0.2,2.1,75.0%,8.3,9,12,1,9,1.3,0.8,0.6,12,3.8,45,1,1
414,Brandon Weeden,CLE,30,qb,8,5,0,0,0,,0,0,0.0,0.0,0.0%,,12,44,0,11,3.7,5.5,1.5,12,3.7,44,0,6
415,Alex Green,NYJ,25,,13,0,2,2,8,4.0,0,7,0.2,0.6,100.0%,4.0,11,35,0,9,3.2,2.7,0.8,13,3.3,43,0,0
416,Will Johnson,PIT,24,fb,15,5,11,8,41,5.1,1,9,0.5,2.7,72.7%,3.7,,,,,,,,8,5.1,41,1,0
417,Will Ta'ufo'ou,JAX,27,fb,16,7,15,10,40,4.0,0,11,0.6,2.5,66.7%,2.7,1,1,0,1,1.0,0.1,0.1,11,3.7,41,0,0
418,Allen Reisner,JAX,25,te,5,3,9,5,40,8.0,0,16,1.0,8.0,55.6%,4.4,,,,,,,,5,8.0,40,0,0
419,C.J. Anderson,DEN,22,,5,0,1,0,0,,0,0,0.0,0.0,0.0%,0.0,7,38,0,11,5.4,7.6,1.4,7,5.4,38,0,0
420,Nate Byham,TAM,25,fb/te,4,3,3,3,38,12.7,0,34,0.8,9.5,100.0%,12.7,,,,,,,,3,12.7,38,0,0
421,Garrett Celek,SFO,25,te,12,1,4,2,38,19.0,0,30,0.2,3.2,50.0%,9.5,,,,,,,,2,19.0,38,0,1
422,Tony Romo,DAL,33,QB,15,15,0,0,0,,0,0,0.0,0.0,0.0%,,20,38,0,15,1.9,2.5,1.3,20,1.9,38,0,4
423,Jerome Felton,MIN,27,FB,13,9,8,6,37,6.2,0,11,0.5,2.8,75.0%,4.6,,,,,,,,6,6.2,37,0,0
424,Mike Glennon,TAM,24,QB,13,13,0,0,0,,0,0,0.0,0.0,0.0%,,27,37,0,16,1.4,2.8,2.1,27,1.4,37,0,7
425,Louis Murphy,NYG,26,,14,0,13,6,37,6.2,1,8,0.4,2.6,46.2%,2.8,,,,,,,,6,6.2,37,1,1
426,Michael Preston,TEN,24,,7,0,7,5,37,7.4,2,10,0.7,5.3,71.4%,5.3,,,,,,,,5,7.4,37,2,0
427,Matt Simms,NYJ,25,,3,0,0,0,0,,0,0,0.0,0.0,0.0%,,5,37,0,22,7.4,12.3,1.7,5,7.4,37,0,1
428,Kevin Brock,2TM,27,,8,0,6,3,36,12.0,0,25,0.4,4.5,50.0%,6.0,,,,,,,,3,12.0,36,0,0
429,Josh Hill,NOR,23,te/wr,14,3,10,6,44,7.3,1,9,0.4,3.1,60.0%,4.4,1,-8,0,-8,-8.0,-0.6,0.1,7,5.1,36,1,0
430,Greg Jones,HOU,32,fb,16,5,11,5,34,6.8,0,19,0.3,2.1,45.5%,3.1,2,2,0,4,1.0,0.1,0.1,7,5.1,36,0,0
431,Eli Manning,NYG,32,QB,16,16,0,0,0,,0,0,0.0,0.0,0.0%,,18,36,0,14,2.0,2.3,1.1,18,2.0,36,0,7
432,David Bruton,DEN,26,,16,0,0,0,0,,0,0,0.0,0.0,0.0%,,1,35,0,35,35.0,2.2,0.1,1,35.0,35,0,0
433,,,,,,,,,,,,,,,,,,,,,,,,,,,,
434,Jeff Demps,TAM,23,,2,0,3,3,21,7.0,0,10,1.5,10.5,100.0%,7.0,1,14,0,14,14.0,7.0,0.5,4,8.8,35,0,0
435,Lestar Jean,HOU,25,,13,0,8,4,35,8.8,0,11,0.3,2.7,50.0%,4.4,,,,,,,,4,8.8,35,0,0
436,Josh Aubrey,CLE,22,,6,0,0,0,0,,0,0,0.0,0.0,0.0%,,1,34,0,34,34.0,5.7,0.2,1,34.0,34,0,0
437,Dorin Dickerson,DET,25,,5,0,5,2,34,17.0,0,26,0.4,6.8,40.0%,6.8,,,,,,,,2,17.0,34,0,0
438,Dominique Jones,2TM,26,,8,2,3,2,34,17.0,0,21,0.3,4.3,66.7%,11.3,,,,,,,,2,17.0,34,0,0
439,Joe Webb,MIN,27,wr,16,1,11,5,33,6.6,0,15,0.3,2.1,45.5%,3.0,,,,,,,,5,6.6,33,0,0
440,Juron Criner,OAK,24,,1,0,8,3,32,10.7,0,20,3.0,32.0,37.5%,4.0,,,,,,,,3,10.7,32,0,0
441,Kellen Davis,SEA,28,te/wr,15,4,4,3,32,10.7,1,23,0.2,2.1,75.0%,8.0,,,,,,,,3,10.7,32,1,0
442,Blaine Gabbert,JAX,24,qb,3,3,0,0,0,,0,0,0.0,0.0,0.0%,,9,32,0,7,3.6,10.7,3.0,9,3.6,32,0,2
443,Collin Mooney,TEN,27,fb,12,4,6,6,32,5.3,0,22,0.5,2.7,100.0%,5.3,,,,,,,,6,5.3,32,0,0
444,Dion Sims,MIA,22,te/wr,15,5,10,6,32,5.3,1,8,0.4,2.1,60.0%,3.2,,,,,,,,6,5.3,32,1,0
445,Sam Bradford,STL,26,qb,7,7,0,0,0,,0,0,0.0,0.0,0.0%,,15,31,0,23,2.1,4.4,2.1,15,2.1,31,0,3
446,James Casey,PHI,29,te,15,1,6,3,31,10.3,0,12,0.2,2.1,50.0%,5.2,,,,,,,,3,10.3,31,0,0
447,John Conner,NYG,26,fb,13,7,11,6,31,5.2,0,12,0.5,2.4,54.5%,2.8,,,,,,,,6,5.2,31,0,0
448,Larry Donnell,NYG,25,te,16,1,6,3,31,10.3,0,11,0.2,1.9,50.0%,5.2,,,,,,,,3,10.3,31,0,0
449,Lamaar Thomas,JAX,23,,2,0,3,2,31,15.5,0,18,1.0,15.5,66.7%,10.3,,,,,,,,2,15.5,31,0,0
450,John Phillips,SDG,26,te,15,6,6,4,30,7.5,0,13,0.3,2.0,66.7%,5.0,,,,,,,,4,7.5,30,0,0
451,LaRod Stephens-Howling,PIT,26,,1,0,3,2,11,5.5,0,7,2.0,11.0,66.7%,3.7,6,19,0,5,3.2,19.0,6.0,8,3.8,30,0,0
452,Ryan Taylor,GNB,26,te,14,1,9,6,30,5.0,0,8,0.4,2.1,66.7%,3.3,,,,,,,,6,5.0,30,0,1
453,Bradie Ewing,ATL,24,fb,2,2,2,2,29,14.5,0,15,1.0,14.5,100.0%,14.5,,,,,,,,2,14.5,29,0,0
454,Brad Smith,2TM,30,,8,0,2,2,27,13.5,0,14,0.3,3.4,100.0%,13.5,2,2,0,2,1.0,0.3,0.3,4,7.3,29,0,1
455,Jonathan Baldwin,SFO,24,wr,7,1,9,3,28,9.3,0,15,0.4,4.0,33.3%,3.1,,,,,,,,3,9.3,28,0,0
456,Skye Dawson,TAM,23,,7,0,7,2,12,6.0,0,9,0.3,1.7,28.6%,1.7,2,15,0,14,7.5,2.1,0.3,4,6.8,27,0,1
457,Matt McGloin,OAK,24,qb,7,6,0,0,0,,0,0,0.0,0.0,0.0%,,11,27,0,20,2.5,3.9,1.6,11,2.5,27,0,4
458,Michael Robinson,SEA,30,fb,9,3,3,2,27,13.5,0,21,0.2,3.0,66.7%,9.0,1,0,0,0,0.0,0.0,0.1,3,9.0,27,0,0
459,Isaac Redman,PIT,29,rb,3,1,5,4,14,3.5,0,7,1.3,4.7,80.0%,2.8,10,12,0,8,1.2,4.0,3.3,14,1.9,26,0,1
460,Le'Ron McClain,SDG,29,fb,16,2,4,2,-7,-3.5,0,7,0.1,-0.4,50.0%,-1.8,11,32,0,7,2.9,2.0,0.7,13,1.9,25,0,0
461,Matt Schaub,HOU,32,QB,10,8,0,0,0,,0,0,0.0,0.0,0.0%,,5,24,0,7,4.8,2.4,0.5,5,4.8,24,0,2
462,Bernard Scott,BAL,29,,2,0,2,2,10,5.0,0,8,1.0,5.0,100.0%,5.0,4,14,0,9,3.5,7.0,2.0,6,4.0,24,0,0
463,Chimdi Chekwa,OAK,25,lcb,15,1,1,1,22,22.0,0,22,0.1,1.5,100.0%,22.0,,,,,,,,1,22.0,22,0,0
464,,,,,,,,,,,,,,,,,,,,,,,,,,,,
465,Dashon Goldson,TAM,29,FS,13,13,0,0,0,,0,0,0.0,0.0,0.0%,,1,22,0,22,22.0,1.7,0.1,1,22.0,22,0,0
466,Tom Crabtree,TAM,28,te,7,5,7,4,21,5.3,1,14,0.6,3.0,57.1%,3.0,,,,,,,,4,5.3,21,1,0
467,Mike Gillislee,MIA,23,,3,0,0,0,0,,0,0,0.0,0.0,0.0%,,6,21,0,6,3.5,7.0,2.0,6,3.5,21,0,0
468,Dwayne Allen,IND,23,te,1,1,2,1,20,20.0,1,20,1.0,20.0,50.0%,10.0,,,,,,,,1,20.0,20,1,0
469,Josh Freeman,2TM,25,,4,4,0,0,0,,0,0,0.0,0.0,0.0%,,5,20,0,13,4.0,5.0,1.3,5,4.0,20,0,2
470,Ray Graham,HOU,23,,1,0,3,1,12,12.0,0,12,1.0,12.0,33.3%,4.0,4,8,0,4,2.0,8.0,4.0,5,4.0,20,0,0
471,Chad Hall,KAN,27,,9,0,7,2,20,10.0,0,11,0.2,2.2,28.6%,2.9,,,,,,,,2,10.0,20,0,0
472,Josh Johnson,CIN,27,,2,0,0,0,0,,0,0,0.0,0.0,0.0%,,7,20,0,10,2.9,10.0,3.5,7,2.9,20,0,1
473,Derek Moye,PIT,25,,7,0,6,2,20,10.0,1,19,0.3,2.9,33.3%,3.3,,,,,,,,2,10.0,20,1,0
474,Jack Doyle,IND,23,te,15,4,7,5,19,3.8,0,8,0.3,1.3,71.4%,2.7,,,,,,,,5,3.8,19,0,0
475,Billy Bajema,BAL,31,te,6,1,2,2,18,9.0,0,18,0.3,3.0,100.0%,9.0,,,,,,,,2,9.0,18,0,0
476,Tom Brady*,NWE,36,QB,16,16,0,0,0,,0,0,0.0,0.0,0.0%,,32,18,0,11,0.6,1.1,2.0,32,0.6,18,0,10
477,Jeremy Ebert,JAX,24,,5,0,8,3,18,6.0,0,8,0.6,3.6,37.5%,2.3,,,,,,,,3,6.0,18,0,0
478,Percy Harvin,SEA,25,,1,0,1,1,17,17.0,0,17,1.0,17.0,100.0%,17.0,,,,,,,,1,17.0,17,0,0
479,Kassim Osgood,SFO,33,,14,0,1,1,17,17.0,0,17,0.1,1.2,100.0%,17.0,,,,,,,,1,17.0,17,0,0
480,Cedric Peerman,CIN,27,,16,0,0,0,0,,0,0,0.0,0.0,0.0%,,8,17,0,5,2.1,1.1,0.5,8,2.1,17,0,0
481,Jeff Tuel,BUF,22,qb,2,1,0,0,0,,0,0,0.0,0.0,0.0%,,3,17,0,14,5.7,8.5,1.5,3,5.7,17,0,0
482,Brian Hoyer,CLE,28,qb,3,3,0,0,0,,0,0,0.0,0.0,0.0%,,6,16,0,11,2.7,5.3,2.0,6,2.7,16,0,0
483,Matthew Mulligan,NWE,28,te,15,4,3,2,16,8.0,1,15,0.1,1.1,66.7%,5.3,,,,,,,,2,8.0,16,1,0
484,Kory Sperry,ARI,28,te,8,2,1,1,16,16.0,0,16,0.1,2.0,100.0%,16.0,,,,,,,,1,16.0,16,0,0
485,Tori Gurley,CLE,26,,3,0,3,1,15,15.0,0,15,0.3,5.0,33.3%,5.0,,,,,,,,1,15.0,15,0,0
486,Nick Williams,WAS,23,,5,0,11,3,15,5.0,0,6,0.6,3.0,27.3%,1.4,,,,,,,,3,5.0,15,0,1
487,Kenjon Barner,CAR,23,,8,0,3,2,7,3.5,0,5,0.3,0.9,66.7%,2.3,6,7,0,2,1.2,0.9,0.8,8,1.8,14,0,1
488,Kirk Cousins,WAS,25,qb,5,3,0,0,0,,0,0,0.0,0.0,0.0%,,4,14,0,6,3.5,2.8,0.8,4,3.5,14,0,3
489,Damaris Johnson,PHI,24,,13,0,3,2,14,7.0,0,8,0.2,1.1,66.7%,4.7,,,,,,,,2,7.0,14,0,1
490,Joe Staley*,SFO,29,LT,16,16,1,1,14,14.0,0,14,0.1,0.9,100.0%,14.0,,,,,,,,1,14.0,14,0,0
491,Richie Brockel,CAR,27,,16,0,1,1,12,12.0,0,12,0.1,0.8,100.0%,12.0,1,1,0,1,1.0,0.1,0.1,2,6.5,13,0,1
492,Marcus Easley,BUF,26,,16,0,5,2,13,6.5,0,9,0.1,0.8,40.0%,2.6,,,,,,,,2,6.5,13,0,0
493,Dante Rosario,CHI,29,te,15,3,4,1,13,13.0,0,13,0.1,0.9,25.0%,3.3,,,,,,,,1,13.0,13,0,0
494,Taylor Thompson,TEN,24,te,16,3,7,3,13,4.3,1,9,0.2,0.8,42.9%,1.9,,,,,,,,3,4.3,13,1,0
495,,,,,,,,,,,,,,,,,,,,,,,,,,,,
496,Marquess Wilson,CHI,21,wr,10,1,3,2,13,6.5,0,10,0.2,1.3,66.7%,4.3,,,,,,,,2,6.5,13,0,0
497,Kevin Cone,ATL,25,,16,0,1,1,12,12.0,0,12,0.1,0.8,100.0%,12.0,,,,,,,,1,12.0,12,0,0
498,Alex Smith,CIN,31,te,16,1,6,3,12,4.0,1,7,0.2,0.8,50.0%,2.0,,,,,,,,3,4.0,12,1,1
499,Brian Tyms,CLE,24,,7,0,5,2,12,6.0,0,6,0.3,1.7,40.0%,2.4,,,,,,,,2,6.0,12,0,0
500,Joe Banyard,MIN,25,,3,0,1,1,11,11.0,0,11,0.3,3.7,100.0%,11.0,,,,,,,,1,11.0,11,0,0
501,Matt Spaeth,PIT,30,te,4,2,2,1,11,11.0,1,11,0.3,2.8,50.0%,5.5,,,,,,,,1,11.0,11,1,0
502,Armanti Edwards,2TM,25,,6,0,5,1,10,10.0,0,10,0.2,1.7,20.0%,2.0,1,0,0,0,0.0,0.0,0.2,2,5.0,10,0,0
503,Spencer Ware,SEA,22,,2,0,0,0,0,,0,0,0.0,0.0,0.0%,,3,10,0,5,3.3,5.0,1.5,3,3.3,10,0,0
504,Nick Kasa,OAK,23,te,16,1,5,1,9,9.0,1,9,0.1,0.6,20.0%,1.8,,,,,,,,1,9.0,9,1,0
505,Mikel Leshoure,DET,23,,3,0,0,0,0,,0,0,0.0,0.0,0.0%,,2,9,0,5,4.5,3.0,0.7,2,4.5,9,0,0
506,Brad Meester,JAX,36,C,16,16,1,1,9,9.0,0,9,0.1,0.6,100.0%,9.0,,,,,,,,1,9.0,9,0,2
507,Cierre Wood,2TM,22,,5,0,0,0,0,,0,0,0.0,0.0,0.0%,,3,9,0,5,3.0,1.8,0.6,3,3.0,9,0,0
508,Orson Charles,CIN,22,,13,0,2,1,8,8.0,0,8,0.1,0.6,50.0%,4.0,,,,,,,,1,8.0,8,0,0
509,Shiloh Keo,HOU,26,FS,16,11,0,0,0,,0,0,0.0,0.0,0.0%,,1,8,0,8,8.0,0.5,0.1,1,8.0,8,0,0
510,Zach Line,MIN,23,fb,3,1,3,1,8,8.0,0,8,0.3,2.7,33.3%,2.7,,,,,,,,1,8.0,8,0,0
511,Ben Obomanu,NYJ,30,,3,0,1,1,8,8.0,0,8,0.3,2.7,100.0%,8.0,,,,,,,,1,8.0,8,0,0
512,Kyle Orton,DAL,31,qb,3,1,0,0,0,,0,0,0.0,0.0,0.0%,,1,8,0,8,8.0,2.7,0.3,1,8.0,8,0,0
513,Michael Palmer,PIT,25,,16,0,1,1,8,8.0,0,8,0.1,0.5,100.0%,8.0,,,,,,,,1,8.0,8,0,0
514,Jeremy Stewart,OAK,24,,13,0,2,2,6,3.0,0,5,0.2,0.5,100.0%,3.0,2,2,1,2,1.0,0.2,0.2,4,2.0,8,1,0
515,Eric Weems,CHI,28,,16,0,2,1,8,8.0,0,8,0.1,0.5,50.0%,4.0,,,,,,,,1,8.0,8,0,0
516,Trindon Holliday,DEN,27,,15,0,0,0,0,,0,0,0.0,0.0,0.0%,,1,7,0,7,7.0,0.5,0.1,1,7.0,7,0,5
517,Konrad Reuland,NYJ,26,,10,0,3,1,7,7.0,0,7,0.1,0.7,33.3%,2.3,,,,,,,,1,7.0,7,0,0
518,Robert Hughes,2TM,24,,2,0,2,1,6,6.0,0,6,0.5,3.0,50.0%,3.0,,,,,,,,1,6.0,6,0,0
519,M.D. Jennings,GNB,25,FS,16,16,0,0,0,,0,0,0.0,0.0,0.0%,,1,6,0,6,6.0,0.4,0.1,1,6.0,6,0,0
520,Brandon Tate,CIN,26,,16,0,2,1,6,6.0,0,6,0.1,0.4,50.0%,3.0,,,,,,,,1,6.0,6,0,2
521,Ronnie Wingo,BUF,22,,2,0,1,1,2,2.0,0,2,0.5,1.0,100.0%,2.0,1,4,0,4,4.0,2.0,0.5,2,3.0,6,0,0
522,Travaris Cadet,NOR,24,,13,0,2,2,5,2.5,1,3,0.2,0.4,100.0%,2.5,,,,,,,,2,2.5,5,1,0
523,Henry Hynoski,NYG,25,te,3,2,2,1,5,5.0,0,5,0.3,1.7,50.0%,2.5,,,,,,,,1,5.0,5,0,0
524,Mike McNeill,STL,25,,14,0,1,1,5,5.0,0,5,0.1,0.4,100.0%,5.0,,,,,,,,1,5.0,5,0,0
525,Armond Smith,CAR,27,,5,0,0,0,0,,0,0,0.0,0.0,0.0%,,4,5,0,5,1.3,1.0,0.8,4,1.3,5,0,0
526,,,,,,,,,,,,,,,,,,,,,,,,,,,,
527,Craig Stevens,TEN,29,TE,15,14,6,2,5,2.5,0,6,0.1,0.3,33.3%,0.8,,,,,,,,2,2.5,5,0,0
528,Tyler Clutts,2TM,29,,8,0,2,1,4,4.0,0,4,0.1,0.5,50.0%,2.0,,,,,,,,1,4.0,4,0,1
529,Justice Cunningham,2TM,22,,2,0,1,1,4,4.0,0,4,0.5,2.0,100.0%,4.0,,,,,,,,1,4.0,4,0,0
530,Darius Reynaud,2TM,29,,9,0,2,1,4,4.0,0,4,0.1,0.4,50.0%,2.0,1,0,0,0,0.0,0.0,0.1,2,2.0,4,0,1
531,Sheldon Richardson,NYJ,23,dt/T,16,15,0,0,0,,0,0,0.0,0.0,0.0%,,4,4,2,1,1.0,0.3,0.3,4,1.0,4,2,0
532,Eric Weddle*,SDG,28,FS,16,16,0,0,0,,0,0,0.0,0.0,0.0%,,2,4,0,2,2.0,0.3,0.1,2,2.0,4,0,0
533,Richard Gordon,KAN,26,,2,0,1,1,3,3.0,0,3,0.5,1.5,100.0%,3.0,,,,,,,,1,3.0,3,0,0
534,Corey Lynch,2TM,28,,8,0,0,0,0,,0,0,0.0,0.0,0.0%,,1,3,0,3,3.0,0.4,0.1,1,3.0,3,0,0
535,Sam Martin,DET,23,P,16,0,0,0,0,,0,0,0.0,0.0,0.0%,,2,3,0,3,1.5,0.2,0.1,2,1.5,3,0,2
536,Carson Palmer,ARI,34,QB,16,16,0,0,0,,0,0,0.0,0.0,0.0%,,27,3,0,10,0.1,0.2,1.7,27,0.1,3,0,6
537,Evan Royster,WAS,26,,10,0,1,1,3,3.0,0,3,0.1,0.3,100.0%,3.0,2,0,0,0,0.0,0.0,0.2,3,1.0,3,0,0
538,Shaun Draughn,BAL,26,,3,0,0,0,0,,0,0,0.0,0.0,0.0%,,4,2,0,3,0.5,0.7,1.3,4,0.5,2,0,0
539,Brock Osweiler,DEN,23,,4,0,0,0,0,,0,0,0.0,0.0,0.0%,,3,2,0,4,0.7,0.5,0.8,3,0.7,2,0,0
540,David Reed,IND,26,,7,0,3,1,2,2.0,0,2,0.1,0.3,33.3%,0.7,,,,,,,,1,2.0,2,0,0
541,Visanthe Shiancoe,TEN,33,te,1,1,2,2,2,1.0,0,3,2.0,2.0,100.0%,1.0,,,,,,,,2,1.0,2,0,0
542,Tarvaris Jackson,SEA,30,,3,0,0,0,0,,0,0,0.0,0.0,0.0%,,4,1,1,5,0.3,0.3,1.3,4,0.3,1,1,0
543,Donald Penn,TAM,30,LT,16,16,1,1,1,1.0,1,1,0.1,0.1,100.0%,1.0,,,,,,,,1,1.0,1,1,0
544,Leon Washington,2TM,31,,7,0,1,0,0,,0,0,0.0,0.0,0.0%,0.0,1,1,0,1,1.0,0.1,0.1,1,1.0,1,0,1
